   1.0000000e+00   1.4000000e+00   1.4500000e+00   1.5500000e+00   1.5300000e+00   1.6500000e+00   1.5800000e+00   1.5000000e+00   1.3772000e+00
   2.0000000e+00   1.4000000e+00   1.3402438e+00   1.4885761e+00   1.5300000e+00   1.6015641e+00   1.5800000e+00   1.5491356e+00   1.5000195e+00
   3.0000000e+00   1.4891356e+00   1.4759834e+00   1.4885761e+00   1.4141883e+00   1.5481247e+00   1.5800000e+00   1.5321343e+00   1.5000195e+00
   4.0000000e+00   1.4810140e+00   1.4759834e+00   1.5385143e+00   1.5144100e+00   1.5481247e+00   1.4604036e+00   1.5000000e+00   1.5000195e+00
   5.0000000e+00   1.4519668e+00   1.4759834e+00   1.5240166e+00   1.5144100e+00   1.5720498e+00   1.5384266e+00   1.5000000e+00   1.4410152e+00
   6.0000000e+00   1.4519668e+00   1.4201219e+00   1.4941746e+00   1.5144100e+00   1.5552280e+00   1.5384266e+00   1.5297948e+00   1.5000127e+00
   7.0000000e+00   1.4934121e+00   1.4841961e+00   1.4941746e+00   1.4570942e+00   1.5272744e+00   1.5384266e+00   1.5206909e+00   1.5000127e+00
   8.0000000e+00   1.4877752e+00   1.4841961e+00   1.5240173e+00   1.5094823e+00   1.5272744e+00   1.4802018e+00   1.5000000e+00   1.5000127e+00
   9.0000000e+00   1.4683923e+00   1.4841961e+00   1.5158039e+00   1.5094823e+00   1.5474116e+00   1.5252862e+00   1.5000000e+00   1.4611857e+00
   1.0000000e+01   1.4683923e+00   1.4467479e+00   1.4960905e+00   1.5094823e+00   1.5379254e+00   1.5252862e+00   1.5213794e+00   1.5000094e+00
   1.1000000e+01   1.4952728e+00   1.4882233e+00   1.4960905e+00   1.4713961e+00   1.5190296e+00   1.5252862e+00   1.5152575e+00   1.5000094e+00
   1.2000000e+01   1.4909854e+00   1.4882233e+00   1.5174493e+00   1.5070660e+00   1.5190296e+00   1.4868012e+00   1.5000000e+00   1.5000094e+00
   1.3000000e+01   1.4764466e+00   1.4882233e+00   1.5117767e+00   1.5070660e+00   1.5353300e+00   1.5188427e+00   1.5000000e+00   1.4710765e+00
   1.4000000e+01   1.4764466e+00   1.4600610e+00   1.4970581e+00   1.5070660e+00   1.5288781e+00   1.5188427e+00   1.5166708e+00   1.5000074e+00
   1.5000000e+01   1.4963139e+00   1.4906149e+00   1.4970581e+00   1.4785471e+00   1.5146125e+00   1.5188427e+00   1.5120842e+00   1.5000074e+00
   1.6000000e+01   1.4928603e+00   1.4906149e+00   1.5137022e+00   1.5056311e+00   1.5146125e+00   1.4901009e+00   1.5000000e+00   1.5000074e+00
   1.7000000e+01   1.4812297e+00   1.4906149e+00   1.5093851e+00   1.5056311e+00   1.5281554e+00   1.5150162e+00   1.5000000e+00   1.4769501e+00
   1.8000000e+01   1.4812297e+00   1.4680488e+00   1.4976418e+00   1.5056311e+00   1.5233160e+00   1.5150162e+00   1.5136619e+00   1.5000062e+00
   1.9000000e+01   1.4969792e+00   1.4921990e+00   1.4976418e+00   1.4828377e+00   1.5118596e+00   1.5150162e+00   1.5100036e+00   1.5000062e+00
   2.0000000e+01   1.4940895e+00   1.4921990e+00   1.5112799e+00   1.5046806e+00   1.5118596e+00   1.4920807e+00   1.5000000e+00   1.5000062e+00
   2.1000000e+01   1.4843981e+00   1.4921990e+00   1.5078010e+00   1.5046806e+00   1.5234029e+00   1.5124815e+00   1.5000000e+00   1.4808408e+00
   2.2000000e+01   1.4843981e+00   1.4733740e+00   1.4980322e+00   1.5046806e+00   1.5195504e+00   1.5124815e+00   1.5115731e+00   1.5000053e+00
   2.3000000e+01   1.4974411e+00   1.4933256e+00   1.4980322e+00   1.4856981e+00   1.5099795e+00   1.5124815e+00   1.5085342e+00   1.5000053e+00
   2.4000000e+01   1.4949577e+00   1.4933256e+00   1.5095854e+00   1.5040046e+00   1.5099795e+00   1.4934006e+00   1.5000000e+00   1.5000053e+00
   2.5000000e+01   1.4866513e+00   1.4933256e+00   1.5066744e+00   1.5040046e+00   1.5200231e+00   1.5106790e+00   1.5000000e+00   1.4836078e+00
   2.6000000e+01   1.4866513e+00   1.4771777e+00   1.4983117e+00   1.5040046e+00   1.5168320e+00   1.5106790e+00   1.5100383e+00   1.5000046e+00
   2.7000000e+01   1.4977804e+00   1.4941679e+00   1.4983117e+00   1.4877412e+00   1.5086140e+00   1.5106790e+00   1.5074412e+00   1.5000046e+00
   2.8000000e+01   1.4956035e+00   1.4941679e+00   1.5083335e+00   1.5034993e+00   1.5086140e+00   1.4943434e+00   1.5000000e+00   1.5000046e+00
   2.9000000e+01   1.4883358e+00   1.4941679e+00   1.5058321e+00   1.5034993e+00   1.5174963e+00   1.5093314e+00   1.5000000e+00   1.4856764e+00
   3.0000000e+01   1.4883358e+00   1.4800305e+00   1.4985216e+00   1.5034993e+00   1.5147773e+00   1.5093314e+00   1.5088629e+00   1.5000041e+00
   3.1000000e+01   1.4980403e+00   1.4948214e+00   1.4985216e+00   1.4892735e+00   1.5075772e+00   1.5093314e+00   1.5065964e+00   1.5000041e+00
   3.2000000e+01   1.4961026e+00   1.4948214e+00   1.5073708e+00   1.5031072e+00   1.5075772e+00   1.4950505e+00   1.5000000e+00   1.5000041e+00
   3.3000000e+01   1.4896428e+00   1.4948214e+00   1.5051786e+00   1.5031072e+00   1.5155358e+00   1.5082857e+00   1.5000000e+00   1.4872814e+00
   3.4000000e+01   1.4896428e+00   1.4822493e+00   1.4986852e+00   1.5031072e+00   1.5131696e+00   1.5082857e+00   1.5079339e+00   1.5000037e+00
   3.5000000e+01   1.4982457e+00   1.4953432e+00   1.4986852e+00   1.4904654e+00   1.5067631e+00   1.5082857e+00   1.5059239e+00   1.5000037e+00
   3.6000000e+01   1.4965000e+00   1.4953432e+00   1.5066075e+00   1.5027941e+00   1.5067631e+00   1.4956004e+00   1.5000000e+00   1.5000037e+00
   3.7000000e+01   1.4906864e+00   1.4953432e+00   1.5046568e+00   1.5027941e+00   1.5139703e+00   1.5074508e+00   1.5000000e+00   1.4885629e+00
   3.8000000e+01   1.4906864e+00   1.4840244e+00   1.4988161e+00   1.5027941e+00   1.5118775e+00   1.5074508e+00   1.5071812e+00   1.5000033e+00
   3.9000000e+01   1.4984122e+00   1.4957695e+00   1.4988161e+00   1.4914188e+00   1.5061070e+00   1.5074508e+00   1.5053758e+00   1.5000033e+00
   4.0000000e+01   1.4968238e+00   1.4957695e+00   1.5059875e+00   1.5025383e+00   1.5061070e+00   1.4960404e+00   1.5000000e+00   1.5000033e+00
   4.1000000e+01   1.4915390e+00   1.4957695e+00   1.5042305e+00   1.5025383e+00   1.5126915e+00   1.5067688e+00   1.5000000e+00   1.4896099e+00
   4.2000000e+01   1.4915390e+00   1.4854767e+00   1.4989234e+00   1.5025383e+00   1.5108162e+00   1.5067688e+00   1.5065590e+00   1.5000030e+00
   4.3000000e+01   1.4985497e+00   1.4961243e+00   1.4989234e+00   1.4921989e+00   1.5055670e+00   1.5067688e+00   1.5049205e+00   1.5000030e+00
   4.4000000e+01   1.4970928e+00   1.4961243e+00   1.5054739e+00   1.5023254e+00   1.5055670e+00   1.4964003e+00   1.5000000e+00   1.5000030e+00
   4.5000000e+01   1.4922486e+00   1.4961243e+00   1.5038757e+00   1.5023254e+00   1.5116272e+00   1.5062012e+00   1.5000000e+00   1.4904812e+00
   4.6000000e+01   1.4922486e+00   1.4866870e+00   1.4990128e+00   1.5023254e+00   1.5099291e+00   1.5062012e+00   1.5060360e+00   1.5000028e+00
   4.7000000e+01   1.4986654e+00   1.4964242e+00   1.4990128e+00   1.4928490e+00   1.5051147e+00   1.5062012e+00   1.5045363e+00   1.5000028e+00
   4.8000000e+01   1.4973198e+00   1.4964242e+00   1.5050414e+00   1.5021455e+00   1.5051147e+00   1.4967003e+00   1.5000000e+00   1.5000028e+00
   4.9000000e+01   1.4928483e+00   1.4964242e+00   1.5035758e+00   1.5021455e+00   1.5107275e+00   1.5057214e+00   1.5000000e+00   1.4912177e+00
   5.0000000e+01   1.4928483e+00   1.4877111e+00   1.4990885e+00   1.5021455e+00   1.5091764e+00   1.5057214e+00   1.5055902e+00   1.5000026e+00
   5.1000000e+01   1.4987640e+00   1.4966810e+00   1.4990885e+00   1.4933991e+00   1.5047304e+00   1.5057214e+00   1.5042078e+00   1.5000026e+00
   5.2000000e+01   1.4975139e+00   1.4966810e+00   1.5046722e+00   1.5019914e+00   1.5047304e+00   1.4969541e+00   1.5000000e+00   1.5000026e+00
   5.3000000e+01   1.4933619e+00   1.4966810e+00   1.5033190e+00   1.5019914e+00   1.5099571e+00   1.5053105e+00   1.5000000e+00   1.4918484e+00
   5.4000000e+01   1.4933619e+00   1.4885888e+00   1.4991534e+00   1.5019914e+00   1.5085298e+00   1.5053105e+00   1.5052057e+00   1.5000024e+00
   5.5000000e+01   1.4988490e+00   1.4969034e+00   1.4991534e+00   1.4938706e+00   1.5043997e+00   1.5053105e+00   1.5039237e+00   1.5000024e+00
   5.6000000e+01   1.4976818e+00   1.4969034e+00   1.5043534e+00   1.5018580e+00   1.5043997e+00   1.4971717e+00   1.5000000e+00   1.5000024e+00
   5.7000000e+01   1.4938067e+00   1.4969034e+00   1.5030966e+00   1.5018580e+00   1.5092899e+00   1.5049546e+00   1.5000000e+00   1.4923946e+00
   5.8000000e+01   1.4938067e+00   1.4893496e+00   1.4992097e+00   1.5018580e+00   1.5079683e+00   1.5049546e+00   1.5048707e+00   1.5000023e+00
   5.9000000e+01   1.4989230e+00   1.4970978e+00   1.4992097e+00   1.4942792e+00   1.5041123e+00   1.5049546e+00   1.5036755e+00   1.5000023e+00
   6.0000000e+01   1.4978284e+00   1.4970978e+00   1.5040754e+00   1.5017413e+00   1.5041123e+00   1.4973602e+00   1.5000000e+00   1.5000023e+00
   6.1000000e+01   1.4941956e+00   1.4970978e+00   1.5029022e+00   1.5017413e+00   1.5087066e+00   1.5046435e+00   1.5000000e+00   1.4928722e+00
   6.2000000e+01   1.4941956e+00   1.4900152e+00   1.4992590e+00   1.5017413e+00   1.5074762e+00   1.5046435e+00   1.5045763e+00   1.5000021e+00
   6.3000000e+01   1.4989881e+00   1.4972693e+00   1.4992590e+00   1.4946368e+00   1.5038602e+00   1.5046435e+00   1.5034568e+00   1.5000021e+00
   6.4000000e+01   1.4979576e+00   1.4972693e+00   1.5038307e+00   1.5016384e+00   1.5038602e+00   1.4975252e+00   1.5000000e+00   1.5000021e+00
   6.5000000e+01   1.4945386e+00   1.4972693e+00   1.5027307e+00   1.5016384e+00   1.5081921e+00   1.5043691e+00   1.5000000e+00   1.4932934e+00
   6.6000000e+01   1.4945386e+00   1.4906026e+00   1.4993024e+00   1.5016384e+00   1.5070413e+00   1.5043691e+00   1.5043154e+00   1.5000020e+00
   6.7000000e+01   1.4990458e+00   1.4974216e+00   1.4993024e+00   1.4949523e+00   1.5036371e+00   1.5043691e+00   1.5032627e+00   1.5000020e+00
   6.8000000e+01   1.4980723e+00   1.4974216e+00   1.5036138e+00   1.5015470e+00   1.5036371e+00   1.4976708e+00   1.5000000e+00   1.5000020e+00
   6.9000000e+01   1.4948433e+00   1.4974216e+00   1.5025784e+00   1.5015470e+00   1.5077351e+00   1.5041254e+00   1.5000000e+00   1.4936675e+00
   7.0000000e+01   1.4948433e+00   1.4911247e+00   1.4993411e+00   1.5015470e+00   1.5066543e+00   1.5041254e+00   1.5040826e+00   1.5000019e+00
   7.1000000e+01   1.4990973e+00   1.4975579e+00   1.4993411e+00   1.4952327e+00   1.5034385e+00   1.5041254e+00   1.5030892e+00   1.5000019e+00
   7.2000000e+01   1.4981748e+00   1.4975579e+00   1.5034201e+00   1.5014653e+00   1.5034385e+00   1.4978002e+00   1.5000000e+00   1.5000019e+00
   7.3000000e+01   1.4951158e+00   1.4975579e+00   1.5024421e+00   1.5014653e+00   1.5073263e+00   1.5039074e+00   1.5000000e+00   1.4940022e+00
   7.4000000e+01   1.4951158e+00   1.4915918e+00   1.4993757e+00   1.5014653e+00   1.5063076e+00   1.5039074e+00   1.5038737e+00   1.5000018e+00
   7.5000000e+01   1.4991435e+00   1.4976805e+00   1.4993757e+00   1.4954836e+00   1.5032604e+00   1.5039074e+00   1.5029332e+00   1.5000018e+00
   7.6000000e+01   1.4982669e+00   1.4976805e+00   1.5032461e+00   1.5013917e+00   1.5032604e+00   1.4979160e+00   1.5000000e+00   1.5000018e+00
   7.7000000e+01   1.4953609e+00   1.4976805e+00   1.5023195e+00   1.5013917e+00   1.5069586e+00   1.5037113e+00   1.5000000e+00   1.4943032e+00
   7.8000000e+01   1.4953609e+00   1.4920122e+00   1.4994069e+00   1.5013917e+00   1.5059952e+00   1.5037113e+00   1.5036851e+00   1.5000017e+00
   7.9000000e+01   1.4991852e+00   1.4977913e+00   1.4994069e+00   1.4957094e+00   1.5030998e+00   1.5037113e+00   1.5027923e+00   1.5000017e+00
   8.0000000e+01   1.4983502e+00   1.4977913e+00   1.5030889e+00   1.5013252e+00   1.5030998e+00   1.4980202e+00   1.5000000e+00   1.5000017e+00
   8.1000000e+01   1.4955826e+00   1.4977913e+00   1.5022087e+00   1.5013252e+00   1.5066261e+00   1.5035339e+00   1.5000000e+00   1.4945755e+00
   8.2000000e+01   1.4955826e+00   1.4923926e+00   1.4994351e+00   1.5013252e+00   1.5057123e+00   1.5035339e+00   1.5035140e+00   1.5000017e+00
   8.3000000e+01   1.4992230e+00   1.4978921e+00   1.4994351e+00   1.4959137e+00   1.5029544e+00   1.5035339e+00   1.5026642e+00   1.5000017e+00
   8.4000000e+01   1.4984259e+00   1.4978921e+00   1.5029463e+00   1.5012648e+00   1.5029544e+00   1.4981145e+00   1.5000000e+00   1.5000017e+00
   8.5000000e+01   1.4957841e+00   1.4978921e+00   1.5021079e+00   1.5012648e+00   1.5063238e+00   1.5033727e+00   1.5000000e+00   1.4948229e+00
   8.6000000e+01   1.4957841e+00   1.4927384e+00   1.4994607e+00   1.5012648e+00   1.5054549e+00   1.5033727e+00   1.5033581e+00   1.5000016e+00
   8.7000000e+01   1.4992575e+00   1.4979840e+00   1.4994607e+00   1.4960995e+00   1.5028219e+00   1.5033727e+00   1.5025474e+00   1.5000016e+00
   8.8000000e+01   1.4984949e+00   1.4979840e+00   1.5028163e+00   1.5012096e+00   1.5028219e+00   1.4982002e+00   1.5000000e+00   1.5000016e+00
   8.9000000e+01   1.4959680e+00   1.4979840e+00   1.5020160e+00   1.5012096e+00   1.5060480e+00   1.5032256e+00   1.5000000e+00   1.4950487e+00
   9.0000000e+01   1.4959680e+00   1.4930541e+00   1.4994841e+00   1.5012096e+00   1.5052197e+00   1.5032256e+00   1.5032155e+00   1.5000015e+00
   9.1000000e+01   1.4992890e+00   1.4980683e+00   1.4994841e+00   1.4962691e+00   1.5027009e+00   1.5032256e+00   1.5024404e+00   1.5000015e+00
   9.2000000e+01   1.4985581e+00   1.4980683e+00   1.5026972e+00   1.5011590e+00   1.5027009e+00   1.4982784e+00   1.5000000e+00   1.5000015e+00
   9.3000000e+01   1.4961365e+00   1.4980683e+00   1.5019317e+00   1.5011590e+00   1.5057952e+00   1.5030908e+00   1.5000000e+00   1.4952557e+00
   9.4000000e+01   1.4961365e+00   1.4933435e+00   1.4995056e+00   1.5011590e+00   1.5050039e+00   1.5030908e+00   1.5030844e+00   1.5000015e+00
   9.5000000e+01   1.4993180e+00   1.4981458e+00   1.4995056e+00   1.4964245e+00   1.5025898e+00   1.5030908e+00   1.5023421e+00   1.5000015e+00
   9.6000000e+01   1.4986162e+00   1.4981458e+00   1.5025878e+00   1.5011125e+00   1.5025898e+00   1.4983502e+00   1.5000000e+00   1.5000015e+00
   9.7000000e+01   1.4962915e+00   1.4981458e+00   1.5018542e+00   1.5011125e+00   1.5055627e+00   1.5029668e+00   1.5000000e+00   1.4954460e+00
   9.8000000e+01   1.4962915e+00   1.4936098e+00   1.4995253e+00   1.5011125e+00   1.5048053e+00   1.5029668e+00   1.5029637e+00   1.5000014e+00
   9.9000000e+01   1.4993447e+00   1.4982173e+00   1.4995253e+00   1.4965675e+00   1.5024874e+00   1.5029668e+00   1.5022513e+00   1.5000014e+00
   1.0000000e+02   1.4986699e+00   1.4982173e+00   1.5024870e+00   1.5010696e+00   1.5024874e+00   1.4984161e+00   1.5000000e+00   1.5000014e+00
   1.0100000e+02   1.4964346e+00   1.4982173e+00   1.5017827e+00   1.5010696e+00   1.5053481e+00   1.5028523e+00   1.5000000e+00   1.4956217e+00
   1.0200000e+02   1.4964346e+00   1.4938555e+00   1.4995435e+00   1.5010696e+00   1.5046218e+00   1.5028523e+00   1.5028520e+00   1.5000013e+00
   1.0300000e+02   1.4993694e+00   1.4982835e+00   1.4995435e+00   1.4966996e+00   1.5023929e+00   1.5028523e+00   1.5021673e+00   1.5000013e+00
   1.0400000e+02   1.4987195e+00   1.4982835e+00   1.5023937e+00   1.5010299e+00   1.5023929e+00   1.4984771e+00   1.5000000e+00   1.5000013e+00
   1.0500000e+02   1.4965670e+00   1.4982835e+00   1.5017165e+00   1.5010299e+00   1.5051495e+00   1.5027464e+00   1.5000000e+00   1.4957843e+00
   1.0600000e+02   1.4965670e+00   1.4940831e+00   1.4995604e+00   1.5010299e+00   1.5044518e+00   1.5027464e+00   1.5027485e+00   1.5000013e+00
   1.0700000e+02   1.4993923e+00   1.4983450e+00   1.4995604e+00   1.4968218e+00   1.5023053e+00   1.5027464e+00   1.5020894e+00   1.5000013e+00
   1.0800000e+02   1.4987655e+00   1.4983450e+00   1.5023071e+00   1.5009930e+00   1.5023053e+00   1.4985335e+00   1.5000000e+00   1.5000013e+00
   1.0900000e+02   1.4966900e+00   1.4983450e+00   1.5016550e+00   1.5009930e+00   1.5049651e+00   1.5026480e+00   1.5000000e+00   1.4959353e+00
   1.1000000e+02   1.4966900e+00   1.4942944e+00   1.4995761e+00   1.5009930e+00   1.5042939e+00   1.5026480e+00   1.5026522e+00   1.5000013e+00
   1.1100000e+02   1.4994136e+00   1.4984022e+00   1.4995761e+00   1.4969353e+00   1.5022238e+00   1.5026480e+00   1.5020169e+00   1.5000013e+00
   1.1200000e+02   1.4988084e+00   1.4984022e+00   1.5022266e+00   1.5009587e+00   1.5022238e+00   1.4985858e+00   1.5000000e+00   1.5000013e+00
   1.1300000e+02   1.4968044e+00   1.4984022e+00   1.5015978e+00   1.5009587e+00   1.5047934e+00   1.5025565e+00   1.5000000e+00   1.4960758e+00
   1.1400000e+02   1.4968044e+00   1.4944912e+00   1.4995907e+00   1.5009587e+00   1.5041468e+00   1.5025565e+00   1.5025624e+00   1.5000012e+00
   1.1500000e+02   1.4994334e+00   1.4984556e+00   1.4995907e+00   1.4970410e+00   1.5021479e+00   1.5025565e+00   1.5019492e+00   1.5000012e+00
   1.1600000e+02   1.4988483e+00   1.4984556e+00   1.5021515e+00   1.5009266e+00   1.5021479e+00   1.4986346e+00   1.5000000e+00   1.5000012e+00
   1.1700000e+02   1.4969112e+00   1.4984556e+00   1.5015444e+00   1.5009266e+00   1.5046332e+00   1.5024711e+00   1.5000000e+00   1.4962069e+00
   1.1800000e+02   1.4969112e+00   1.4946748e+00   1.4996043e+00   1.5009266e+00   1.5040095e+00   1.5024711e+00   1.5024785e+00   1.5000012e+00
   1.1900000e+02   1.4994520e+00   1.4985055e+00   1.4996043e+00   1.4971396e+00   1.5020771e+00   1.5024711e+00   1.5018859e+00   1.5000012e+00
   1.2000000e+02   1.4988857e+00   1.4985055e+00   1.5020813e+00   1.5008967e+00   1.5020771e+00   1.4986801e+00   1.5000000e+00   1.5000012e+00
   1.2100000e+02   1.4970111e+00   1.4985055e+00   1.5014945e+00   1.5008967e+00   1.5044834e+00   1.5023911e+00   1.5000000e+00   1.4963296e+00
   1.2200000e+02   1.4970111e+00   1.4948466e+00   1.4996171e+00   1.5008967e+00   1.5038809e+00   1.5023911e+00   1.5023999e+00   1.5000011e+00
   1.2300000e+02   1.4994694e+00   1.4985523e+00   1.4996171e+00   1.4972319e+00   1.5020107e+00   1.5023911e+00   1.5018266e+00   1.5000011e+00
   1.2400000e+02   1.4989208e+00   1.4985523e+00   1.5020156e+00   1.5008686e+00   1.5020107e+00   1.4987227e+00   1.5000000e+00   1.5000011e+00
   1.2500000e+02   1.4971047e+00   1.4985523e+00   1.5014477e+00   1.5008686e+00   1.5043430e+00   1.5023162e+00   1.5000000e+00   1.4964446e+00
   1.2600000e+02   1.4971047e+00   1.4950076e+00   1.4996290e+00   1.5008686e+00   1.5037604e+00   1.5023162e+00   1.5023261e+00   1.5000011e+00
   1.2700000e+02   1.4994857e+00   1.4985963e+00   1.4996290e+00   1.4973184e+00   1.5019485e+00   1.5023162e+00   1.5017710e+00   1.5000011e+00
   1.2800000e+02   1.4989537e+00   1.4985963e+00   1.5019539e+00   1.5008422e+00   1.5019485e+00   1.4987626e+00   1.5000000e+00   1.5000011e+00
   1.2900000e+02   1.4971926e+00   1.4985963e+00   1.5014037e+00   1.5008422e+00   1.5042111e+00   1.5022459e+00   1.5000000e+00   1.4965526e+00
   1.3000000e+02   1.4971926e+00   1.4951589e+00   1.4996402e+00   1.5008422e+00   1.5036471e+00   1.5022459e+00   1.5022568e+00   1.5000011e+00
   1.3100000e+02   1.4995010e+00   1.4986377e+00   1.4996402e+00   1.4973996e+00   1.5018900e+00   1.5022459e+00   1.5017186e+00   1.5000011e+00
   1.3200000e+02   1.4989846e+00   1.4986377e+00   1.5018958e+00   1.5008174e+00   1.5018900e+00   1.4988001e+00   1.5000000e+00   1.5000011e+00
   1.3300000e+02   1.4972754e+00   1.4986377e+00   1.5013623e+00   1.5008174e+00   1.5040869e+00   1.5021797e+00   1.5000000e+00   1.4966542e+00
   1.3400000e+02   1.4972754e+00   1.4953013e+00   1.4996508e+00   1.5008174e+00   1.5035404e+00   1.5021797e+00   1.5021915e+00   1.5000010e+00
   1.3500000e+02   1.4995154e+00   1.4986767e+00   1.4996508e+00   1.4974761e+00   1.5018349e+00   1.5021797e+00   1.5016692e+00   1.5000010e+00
   1.3600000e+02   1.4990138e+00   1.4986767e+00   1.5018411e+00   1.5007940e+00   1.5018349e+00   1.4988354e+00   1.5000000e+00   1.5000010e+00
   1.3700000e+02   1.4973534e+00   1.4986767e+00   1.5013233e+00   1.5007940e+00   1.5039699e+00   1.5021173e+00   1.5000000e+00   1.4967500e+00
   1.3800000e+02   1.4973534e+00   1.4954355e+00   1.4996608e+00   1.5007940e+00   1.5034398e+00   1.5021173e+00   1.5021298e+00   1.5000010e+00
   1.3900000e+02   1.4995291e+00   1.4987135e+00   1.4996608e+00   1.4975482e+00   1.5017829e+00   1.5021173e+00   1.5016226e+00   1.5000010e+00
   1.4000000e+02   1.4990413e+00   1.4987135e+00   1.5017895e+00   1.5007719e+00   1.5017829e+00   1.4988687e+00   1.5000000e+00   1.5000010e+00
   1.4100000e+02   1.4974271e+00   1.4987135e+00   1.5012865e+00   1.5007719e+00   1.5038594e+00   1.5020583e+00   1.5000000e+00   1.4968404e+00
   1.4200000e+02   1.4974271e+00   1.4955623e+00   1.4996702e+00   1.5007719e+00   1.5033448e+00   1.5020583e+00   1.5020715e+00   1.5000010e+00
   1.4300000e+02   1.4995420e+00   1.4987484e+00   1.4996702e+00   1.4976163e+00   1.5017338e+00   1.5020583e+00   1.5015785e+00   1.5000010e+00
   1.4400000e+02   1.4990674e+00   1.4987484e+00   1.5017407e+00   1.5007510e+00   1.5017338e+00   1.4989001e+00   1.5000000e+00   1.5000010e+00
   1.4500000e+02   1.4974968e+00   1.4987484e+00   1.5012516e+00   1.5007510e+00   1.5037549e+00   1.5020026e+00   1.5000000e+00   1.4969260e+00
   1.4600000e+02   1.4974968e+00   1.4956823e+00   1.4996791e+00   1.5007510e+00   1.5032548e+00   1.5020026e+00   1.5020163e+00   1.5000010e+00
   1.4700000e+02   1.4995542e+00   1.4987814e+00   1.4996791e+00   1.4976808e+00   1.5016874e+00   1.5020026e+00   1.5015368e+00   1.5000010e+00
   1.4800000e+02   1.4990920e+00   1.4987814e+00   1.5016944e+00   1.5007312e+00   1.5016874e+00   1.4989298e+00   1.5000000e+00   1.5000010e+00
   1.4900000e+02   1.4975628e+00   1.4987814e+00   1.5012186e+00   1.5007312e+00   1.5036559e+00   1.5019498e+00   1.5000000e+00   1.4970071e+00
   1.5000000e+02   1.4975628e+00   1.4957959e+00   1.4996875e+00   1.5007312e+00   1.5031696e+00   1.5019498e+00   1.5019640e+00   1.5000009e+00
   1.5100000e+02   1.4995657e+00   1.4988127e+00   1.4996875e+00   1.4977418e+00   1.5016433e+00   1.5019498e+00   1.5014972e+00   1.5000009e+00
   1.5200000e+02   1.4991154e+00   1.4988127e+00   1.5016506e+00   1.5007124e+00   1.5016433e+00   1.4989580e+00   1.5000000e+00   1.5000009e+00
   1.5300000e+02   1.4976254e+00   1.4988127e+00   1.5011873e+00   1.5007124e+00   1.5035619e+00   1.5018997e+00   1.5000000e+00   1.4970840e+00
   1.5400000e+02   1.4976254e+00   1.4959037e+00   1.4996955e+00   1.5007124e+00   1.5030888e+00   1.5018997e+00   1.5019143e+00   1.5000009e+00
   1.5500000e+02   1.4995767e+00   1.4988424e+00   1.4996955e+00   1.4977997e+00   1.5016015e+00   1.5018997e+00   1.5014596e+00   1.5000009e+00
   1.5600000e+02   1.4991376e+00   1.4988424e+00   1.5016090e+00   1.5006945e+00   1.5016015e+00   1.4989847e+00   1.5000000e+00   1.5000009e+00
   1.5700000e+02   1.4976849e+00   1.4988424e+00   1.5011576e+00   1.5006945e+00   1.5034727e+00   1.5018521e+00   1.5000000e+00   1.4971570e+00
   1.5800000e+02   1.4976849e+00   1.4960061e+00   1.4997031e+00   1.5006945e+00   1.5030119e+00   1.5018521e+00   1.5018671e+00   1.5000009e+00
   1.5900000e+02   1.4995872e+00   1.4988707e+00   1.4997031e+00   1.4978547e+00   1.5015618e+00   1.5018521e+00   1.5014238e+00   1.5000009e+00
   1.6000000e+02   1.4991588e+00   1.4988707e+00   1.5015694e+00   1.5006776e+00   1.5015618e+00   1.4990101e+00   1.5000000e+00   1.5000009e+00
   1.6100000e+02   1.4977414e+00   1.4988707e+00   1.5011293e+00   1.5006776e+00   1.5033879e+00   1.5018069e+00   1.5000000e+00   1.4972265e+00
   1.6200000e+02   1.4977414e+00   1.4961035e+00   1.4997104e+00   1.5006776e+00   1.5029388e+00   1.5018069e+00   1.5018222e+00   1.5000009e+00
   1.6300000e+02   1.4995971e+00   1.4988976e+00   1.4997104e+00   1.4979070e+00   1.5015240e+00   1.5018069e+00   1.5013897e+00   1.5000009e+00
   1.6400000e+02   1.4991789e+00   1.4988976e+00   1.5015317e+00   1.5006614e+00   1.5015240e+00   1.4990342e+00   1.5000000e+00   1.5000009e+00
   1.6500000e+02   1.4977953e+00   1.4988976e+00   1.5011024e+00   1.5006614e+00   1.5033071e+00   1.5017638e+00   1.5000000e+00   1.4972926e+00
   1.6600000e+02   1.4977953e+00   1.4961963e+00   1.4997173e+00   1.5006614e+00   1.5028691e+00   1.5017638e+00   1.5017793e+00   1.5000008e+00
   1.6700000e+02   1.4996066e+00   1.4989233e+00   1.4997173e+00   1.4979569e+00   1.5014879e+00   1.5017638e+00   1.5013573e+00   1.5000008e+00
   1.6800000e+02   1.4991981e+00   1.4989233e+00   1.5014958e+00   1.5006460e+00   1.5014879e+00   1.4990572e+00   1.5000000e+00   1.5000008e+00
   1.6900000e+02   1.4978467e+00   1.4989233e+00   1.5010767e+00   1.5006460e+00   1.5032300e+00   1.5017227e+00   1.5000000e+00   1.4973557e+00
   1.7000000e+02   1.4978467e+00   1.4962847e+00   1.4997238e+00   1.5006460e+00   1.5028027e+00   1.5017227e+00   1.5017385e+00   1.5000008e+00
   1.7100000e+02   1.4996156e+00   1.4989478e+00   1.4997238e+00   1.4980044e+00   1.5014536e+00   1.5017227e+00   1.5013263e+00   1.5000008e+00
   1.7200000e+02   1.4992164e+00   1.4989478e+00   1.5014616e+00   1.5006313e+00   1.5014536e+00   1.4990792e+00   1.5000000e+00   1.5000008e+00
   1.7300000e+02   1.4978957e+00   1.4989478e+00   1.5010522e+00   1.5006313e+00   1.5031565e+00   1.5016835e+00   1.5000000e+00   1.4974159e+00
   1.7400000e+02   1.4978957e+00   1.4963692e+00   1.4997301e+00   1.5006313e+00   1.5027393e+00   1.5016835e+00   1.5016994e+00   1.5000008e+00
   1.7500000e+02   1.4996242e+00   1.4989713e+00   1.4997301e+00   1.4980497e+00   1.5014208e+00   1.5016835e+00   1.5012967e+00   1.5000008e+00
   1.7600000e+02   1.4992339e+00   1.4989713e+00   1.5014288e+00   1.5006172e+00   1.5014208e+00   1.4991001e+00   1.5000000e+00   1.5000008e+00
   1.7700000e+02   1.4979425e+00   1.4989713e+00   1.5010287e+00   1.5006172e+00   1.5030862e+00   1.5016460e+00   1.5000000e+00   1.4974734e+00
   1.7800000e+02   1.4979425e+00   1.4964499e+00   1.4997361e+00   1.5006172e+00   1.5026787e+00   1.5016460e+00   1.5016621e+00   1.5000008e+00
   1.7900000e+02   1.4996325e+00   1.4989937e+00   1.4997361e+00   1.4980931e+00   1.5013894e+00   1.5016460e+00   1.5012684e+00   1.5000008e+00
   1.8000000e+02   1.4992506e+00   1.4989937e+00   1.5013975e+00   1.5006038e+00   1.5013894e+00   1.4991201e+00   1.5000000e+00   1.5000008e+00
   1.8100000e+02   1.4979873e+00   1.4989937e+00   1.5010063e+00   1.5006038e+00   1.5030190e+00   1.5016101e+00   1.5000000e+00   1.4975284e+00
   1.8200000e+02   1.4979873e+00   1.4965270e+00   1.4997418e+00   1.5006038e+00   1.5026207e+00   1.5016101e+00   1.5016264e+00   1.5000008e+00
   1.8300000e+02   1.4996404e+00   1.4990151e+00   1.4997418e+00   1.4981345e+00   1.5013594e+00   1.5016101e+00   1.5012413e+00   1.5000008e+00
   1.8400000e+02   1.4992666e+00   1.4990151e+00   1.5013676e+00   1.5005909e+00   1.5013594e+00   1.4991392e+00   1.5000000e+00   1.5000008e+00
   1.8500000e+02   1.4980302e+00   1.4990151e+00   1.5009849e+00   1.5005909e+00   1.5029547e+00   1.5015758e+00   1.5000000e+00   1.4975811e+00
   1.8600000e+02   1.4980302e+00   1.4966009e+00   1.4997473e+00   1.5005909e+00   1.5025651e+00   1.5015758e+00   1.5015922e+00   1.5000008e+00
   1.8700000e+02   1.4996479e+00   1.4990357e+00   1.4997473e+00   1.4981742e+00   1.5013307e+00   1.5015758e+00   1.5012153e+00   1.5000008e+00
   1.8800000e+02   1.4992820e+00   1.4990357e+00   1.5013389e+00   1.5005786e+00   1.5013307e+00   1.4991575e+00   1.5000000e+00   1.5000008e+00
   1.8900000e+02   1.4980713e+00   1.4990357e+00   1.5009643e+00   1.5005786e+00   1.5028930e+00   1.5015429e+00   1.5000000e+00   1.4976316e+00
   1.9000000e+02   1.4980713e+00   1.4966717e+00   1.4997526e+00   1.5005786e+00   1.5025119e+00   1.5015429e+00   1.5015594e+00   1.5000007e+00
   1.9100000e+02   1.4996552e+00   1.4990554e+00   1.4997526e+00   1.4982123e+00   1.5013031e+00   1.5015429e+00   1.5011904e+00   1.5000007e+00
   1.9200000e+02   1.4992967e+00   1.4990554e+00   1.5013114e+00   1.5005668e+00   1.5013031e+00   1.4991751e+00   1.5000000e+00   1.5000007e+00
   1.9300000e+02   1.4981107e+00   1.4990554e+00   1.5009446e+00   1.5005668e+00   1.5028339e+00   1.5015114e+00   1.5000000e+00   1.4976800e+00
   1.9400000e+02   1.4981107e+00   1.4967397e+00   1.4997576e+00   1.5005668e+00   1.5024609e+00   1.5015114e+00   1.5015279e+00   1.5000007e+00
   1.9500000e+02   1.4996622e+00   1.4990743e+00   1.4997576e+00   1.4982487e+00   1.5012767e+00   1.5015114e+00   1.5011665e+00   1.5000007e+00
   1.9600000e+02   1.4993108e+00   1.4990743e+00   1.5012850e+00   1.5005554e+00   1.5012767e+00   1.4991919e+00   1.5000000e+00   1.5000007e+00
   1.9700000e+02   1.4981486e+00   1.4990743e+00   1.5009257e+00   1.5005554e+00   1.5027771e+00   1.5014811e+00   1.5000000e+00   1.4977265e+00
   1.9800000e+02   1.4981486e+00   1.4968049e+00   1.4997625e+00   1.5005554e+00   1.5024118e+00   1.5014811e+00   1.5014977e+00   1.5000007e+00
   1.9900000e+02   1.4996688e+00   1.4990925e+00   1.4997625e+00   1.4982838e+00   1.5012513e+00   1.5014811e+00   1.5011436e+00   1.5000007e+00
   2.0000000e+02   1.4993243e+00   1.4990925e+00   1.5012596e+00   1.5005445e+00   1.5012513e+00   1.4992081e+00   1.5000000e+00   1.5000007e+00
   2.0100000e+02   1.4981849e+00   1.4990925e+00   1.5009075e+00   1.5005445e+00   1.5027226e+00   1.5014520e+00   1.5000000e+00   1.4977711e+00
   2.0200000e+02   1.4981849e+00   1.4968675e+00   1.4997671e+00   1.5005445e+00   1.5023647e+00   1.5014520e+00   1.5014686e+00   1.5000007e+00
   2.0300000e+02   1.4996753e+00   1.4991099e+00   1.4997671e+00   1.4983174e+00   1.5012269e+00   1.5014520e+00   1.5011215e+00   1.5000007e+00
   2.0400000e+02   1.4993374e+00   1.4991099e+00   1.5012352e+00   1.5005340e+00   1.5012269e+00   1.4992236e+00   1.5000000e+00   1.5000007e+00
   2.0500000e+02   1.4982199e+00   1.4991099e+00   1.5008901e+00   1.5005340e+00   1.5026702e+00   1.5014241e+00   1.5000000e+00   1.4978140e+00
   2.0600000e+02   1.4982199e+00   1.4969278e+00   1.4997716e+00   1.5005340e+00   1.5023194e+00   1.5014241e+00   1.5014407e+00   1.5000007e+00
   2.0700000e+02   1.4996815e+00   1.4991268e+00   1.4997716e+00   1.4983498e+00   1.5012035e+00   1.5014241e+00   1.5011002e+00   1.5000007e+00
   2.0800000e+02   1.4993499e+00   1.4991268e+00   1.5012118e+00   1.5005239e+00   1.5012035e+00   1.4992385e+00   1.5000000e+00   1.5000007e+00
   2.0900000e+02   1.4982535e+00   1.4991268e+00   1.5008732e+00   1.5005239e+00   1.5026197e+00   1.5013972e+00   1.5000000e+00   1.4978553e+00
   2.1000000e+02   1.4982535e+00   1.4969857e+00   1.4997759e+00   1.5005239e+00   1.5022758e+00   1.5013972e+00   1.5014138e+00   1.5000007e+00
   2.1100000e+02   1.4996874e+00   1.4991430e+00   1.4997759e+00   1.4983809e+00   1.5011809e+00   1.5013972e+00   1.5010798e+00   1.5000007e+00
   2.1200000e+02   1.4993620e+00   1.4991430e+00   1.5011892e+00   1.5005142e+00   1.5011809e+00   1.4992529e+00   1.5000000e+00   1.5000007e+00
   2.1300000e+02   1.4982859e+00   1.4991430e+00   1.5008570e+00   1.5005142e+00   1.5025711e+00   1.5013713e+00   1.5000000e+00   1.4978951e+00
   2.1400000e+02   1.4982859e+00   1.4970416e+00   1.4997800e+00   1.5005142e+00   1.5022338e+00   1.5013713e+00   1.5013878e+00   1.5000007e+00
   2.1500000e+02   1.4996931e+00   1.4991586e+00   1.4997800e+00   1.4984109e+00   1.5011592e+00   1.5013713e+00   1.5010601e+00   1.5000007e+00
   2.1600000e+02   1.4993737e+00   1.4991586e+00   1.5011674e+00   1.5005049e+00   1.5011592e+00   1.4992667e+00   1.5000000e+00   1.5000007e+00
   2.1700000e+02   1.4983171e+00   1.4991586e+00   1.5008414e+00   1.5005049e+00   1.5025243e+00   1.5013463e+00   1.5000000e+00   1.4979334e+00
   2.1800000e+02   1.4983171e+00   1.4970953e+00   1.4997840e+00   1.5005049e+00   1.5021933e+00   1.5013463e+00   1.5013629e+00   1.5000006e+00
   2.1900000e+02   1.4996987e+00   1.4991736e+00   1.4997840e+00   1.4984398e+00   1.5011382e+00   1.5013463e+00   1.5010411e+00   1.5000006e+00
   2.2000000e+02   1.4993849e+00   1.4991736e+00   1.5011464e+00   1.5004958e+00   1.5011382e+00   1.4992801e+00   1.5000000e+00   1.5000006e+00
   2.2100000e+02   1.4983472e+00   1.4991736e+00   1.5008264e+00   1.5004958e+00   1.5024792e+00   1.5013222e+00   1.5000000e+00   1.4979704e+00
   2.2200000e+02   1.4983472e+00   1.4971472e+00   1.4997879e+00   1.5004958e+00   1.5021543e+00   1.5013222e+00   1.5013388e+00   1.5000006e+00
   2.2300000e+02   1.4997040e+00   1.4991881e+00   1.4997879e+00   1.4984676e+00   1.5011180e+00   1.5013222e+00   1.5010228e+00   1.5000006e+00
   2.2400000e+02   1.4993957e+00   1.4991881e+00   1.5011262e+00   1.5004871e+00   1.5011180e+00   1.4992929e+00   1.5000000e+00   1.5000006e+00
   2.2500000e+02   1.4983763e+00   1.4991881e+00   1.5008119e+00   1.5004871e+00   1.5024356e+00   1.5012990e+00   1.5000000e+00   1.4980060e+00
   2.2600000e+02   1.4983763e+00   1.4971973e+00   1.4997916e+00   1.5004871e+00   1.5021166e+00   1.5012990e+00   1.5013155e+00   1.5000006e+00
   2.2700000e+02   1.4997091e+00   1.4992021e+00   1.4997916e+00   1.4984945e+00   1.5010985e+00   1.5012990e+00   1.5010051e+00   1.5000006e+00
   2.2800000e+02   1.4994062e+00   1.4992021e+00   1.5011067e+00   1.5004787e+00   1.5010985e+00   1.4993053e+00   1.5000000e+00   1.5000006e+00
   2.2900000e+02   1.4984043e+00   1.4992021e+00   1.5007979e+00   1.5004787e+00   1.5023936e+00   1.5012766e+00   1.5000000e+00   1.4980405e+00
   2.3000000e+02   1.4984043e+00   1.4972456e+00   1.4997952e+00   1.5004787e+00   1.5020803e+00   1.5012766e+00   1.5012930e+00   1.5000006e+00
   2.3100000e+02   1.4997141e+00   1.4992157e+00   1.4997952e+00   1.4985205e+00   1.5010796e+00   1.5012766e+00   1.5009880e+00   1.5000006e+00
   2.3200000e+02   1.4994163e+00   1.4992157e+00   1.5010878e+00   1.5004706e+00   1.5010796e+00   1.4993173e+00   1.5000000e+00   1.5000006e+00
   2.3300000e+02   1.4984314e+00   1.4992157e+00   1.5007843e+00   1.5004706e+00   1.5023529e+00   1.5012549e+00   1.5000000e+00   1.4980737e+00
   2.3400000e+02   1.4984314e+00   1.4972923e+00   1.4997987e+00   1.5004706e+00   1.5020451e+00   1.5012549e+00   1.5012713e+00   1.5000006e+00
   2.3500000e+02   1.4997189e+00   1.4992288e+00   1.4997987e+00   1.4985456e+00   1.5010614e+00   1.5012549e+00   1.5009715e+00   1.5000006e+00
   2.3600000e+02   1.4994260e+00   1.4992288e+00   1.5010696e+00   1.5004627e+00   1.5010614e+00   1.4993289e+00   1.5000000e+00   1.5000006e+00
   2.3700000e+02   1.4984575e+00   1.4992288e+00   1.5007712e+00   1.5004627e+00   1.5023137e+00   1.5012340e+00   1.5000000e+00   1.4981059e+00
   2.3800000e+02   1.4984575e+00   1.4973374e+00   1.4998020e+00   1.5004627e+00   1.5020111e+00   1.5012340e+00   1.5012503e+00   1.5000006e+00
   2.3900000e+02   1.4997235e+00   1.4992414e+00   1.4998020e+00   1.4985698e+00   1.5010438e+00   1.5012340e+00   1.5009555e+00   1.5000006e+00
   2.4000000e+02   1.4994355e+00   1.4992414e+00   1.5010519e+00   1.5004551e+00   1.5010438e+00   1.4993401e+00   1.5000000e+00   1.5000006e+00
   2.4100000e+02   1.4984829e+00   1.4992414e+00   1.5007586e+00   1.5004551e+00   1.5022757e+00   1.5012137e+00   1.5000000e+00   1.4981370e+00
   2.4200000e+02   1.4984829e+00   1.4973810e+00   1.4998053e+00   1.5004551e+00   1.5019783e+00   1.5012137e+00   1.5012300e+00   1.5000006e+00
   2.4300000e+02   1.4997280e+00   1.4992537e+00   1.4998053e+00   1.4985933e+00   1.5010268e+00   1.5012137e+00   1.5009400e+00   1.5000006e+00
   2.4400000e+02   1.4994446e+00   1.4992537e+00   1.5010349e+00   1.5004478e+00   1.5010268e+00   1.4993509e+00   1.5000000e+00   1.5000006e+00
   2.4500000e+02   1.4985074e+00   1.4992537e+00   1.5007463e+00   1.5004478e+00   1.5022390e+00   1.5011941e+00   1.5000000e+00   1.4981670e+00
   2.4600000e+02   1.4985074e+00   1.4974233e+00   1.4998084e+00   1.5004478e+00   1.5019465e+00   1.5011941e+00   1.5012103e+00   1.5000006e+00
   2.4700000e+02   1.4997324e+00   1.4992655e+00   1.4998084e+00   1.4986159e+00   1.5010103e+00   1.5011941e+00   1.5009251e+00   1.5000006e+00
   2.4800000e+02   1.4994534e+00   1.4992655e+00   1.5010184e+00   1.5004407e+00   1.5010103e+00   1.4993613e+00   1.5000000e+00   1.5000006e+00
   2.4900000e+02   1.4985311e+00   1.4992655e+00   1.5007345e+00   1.5004407e+00   1.5022034e+00   1.5011751e+00   1.5000000e+00   1.4981962e+00
   2.5000000e+02   1.4985311e+00   1.4974642e+00   1.4998114e+00   1.5004407e+00   1.5019157e+00   1.5011751e+00   1.5011913e+00   1.5000006e+00
   2.5100000e+02   1.4997366e+00   1.4992770e+00   1.4998114e+00   1.4986379e+00   1.5009944e+00   1.5011751e+00   1.5009106e+00   1.5000006e+00
   2.5200000e+02   1.4994620e+00   1.4992770e+00   1.5010024e+00   1.5004338e+00   1.5009944e+00   1.4993715e+00   1.5000000e+00   1.5000006e+00
   2.5300000e+02   1.4985541e+00   1.4992770e+00   1.5007230e+00   1.5004338e+00   1.5021689e+00   1.5011568e+00   1.5000000e+00   1.4982244e+00
   2.5400000e+02   1.4985541e+00   1.4975038e+00   1.4998144e+00   1.5004338e+00   1.5018858e+00   1.5011568e+00   1.5011728e+00   1.5000006e+00
   2.5500000e+02   1.4997407e+00   1.4992882e+00   1.4998144e+00   1.4986592e+00   1.5009789e+00   1.5011568e+00   1.5008965e+00   1.5000006e+00
   2.5600000e+02   1.4994703e+00   1.4992882e+00   1.5009869e+00   1.5004271e+00   1.5009789e+00   1.4993813e+00   1.5000000e+00   1.5000006e+00
   2.5700000e+02   1.4985763e+00   1.4992882e+00   1.5007118e+00   1.5004271e+00   1.5021355e+00   1.5011389e+00   1.5000000e+00   1.4982517e+00
   2.5800000e+02   1.4985763e+00   1.4975422e+00   1.4998172e+00   1.5004271e+00   1.5018569e+00   1.5011389e+00   1.5011549e+00   1.5000005e+00
   2.5900000e+02   1.4997446e+00   1.4992990e+00   1.4998172e+00   1.4986798e+00   1.5009639e+00   1.5011389e+00   1.5008829e+00   1.5000005e+00
   2.6000000e+02   1.4994784e+00   1.4992990e+00   1.5009718e+00   1.5004206e+00   1.5009639e+00   1.4993908e+00   1.5000000e+00   1.5000005e+00
   2.6100000e+02   1.4985979e+00   1.4992990e+00   1.5007010e+00   1.5004206e+00   1.5021031e+00   1.5011217e+00   1.5000000e+00   1.4982783e+00
   2.6200000e+02   1.4985979e+00   1.4975795e+00   1.4998200e+00   1.5004206e+00   1.5018288e+00   1.5011217e+00   1.5011376e+00   1.5000005e+00
   2.6300000e+02   1.4997485e+00   1.4993094e+00   1.4998200e+00   1.4986998e+00   1.5009494e+00   1.5011217e+00   1.5008697e+00   1.5000005e+00
   2.6400000e+02   1.4994862e+00   1.4993094e+00   1.5009573e+00   1.5004143e+00   1.5009494e+00   1.4994001e+00   1.5000000e+00   1.5000005e+00
   2.6500000e+02   1.4986189e+00   1.4993094e+00   1.5006906e+00   1.5004143e+00   1.5020717e+00   1.5011049e+00   1.5000000e+00   1.4983040e+00
   2.6600000e+02   1.4986189e+00   1.4976156e+00   1.4998227e+00   1.5004143e+00   1.5018016e+00   1.5011049e+00   1.5011207e+00   1.5000005e+00
   2.6700000e+02   1.4997522e+00   1.4993196e+00   1.4998227e+00   1.4987192e+00   1.5009353e+00   1.5011049e+00   1.5008569e+00   1.5000005e+00
   2.6800000e+02   1.4994937e+00   1.4993196e+00   1.5009431e+00   1.5004082e+00   1.5009353e+00   1.4994090e+00   1.5000000e+00   1.5000005e+00
   2.6900000e+02   1.4986392e+00   1.4993196e+00   1.5006804e+00   1.5004082e+00   1.5020412e+00   1.5010886e+00   1.5000000e+00   1.4983290e+00
   2.7000000e+02   1.4986392e+00   1.4976506e+00   1.4998253e+00   1.5004082e+00   1.5017752e+00   1.5010886e+00   1.5011044e+00   1.5000005e+00
   2.7100000e+02   1.4997558e+00   1.4993295e+00   1.4998253e+00   1.4987381e+00   1.5009216e+00   1.5010886e+00   1.5008444e+00   1.5000005e+00
   2.7200000e+02   1.4995011e+00   1.4993295e+00   1.5009294e+00   1.5004023e+00   1.5009216e+00   1.4994177e+00   1.5000000e+00   1.5000005e+00
   2.7300000e+02   1.4986590e+00   1.4993295e+00   1.5006705e+00   1.5004023e+00   1.5020116e+00   1.5010728e+00   1.5000000e+00   1.4983532e+00
   2.7400000e+02   1.4986590e+00   1.4976847e+00   1.4998278e+00   1.5004023e+00   1.5017495e+00   1.5010728e+00   1.5010885e+00   1.5000005e+00
   2.7500000e+02   1.4997593e+00   1.4993391e+00   1.4998278e+00   1.4987564e+00   1.5009083e+00   1.5010728e+00   1.5008323e+00   1.5000005e+00
   2.7600000e+02   1.4995082e+00   1.4993391e+00   1.5009160e+00   1.5003966e+00   1.5009083e+00   1.4994261e+00   1.5000000e+00   1.5000005e+00
   2.7700000e+02   1.4986781e+00   1.4993391e+00   1.5006609e+00   1.5003966e+00   1.5019828e+00   1.5010575e+00   1.5000000e+00   1.4983767e+00
   2.7800000e+02   1.4986781e+00   1.4977178e+00   1.4998303e+00   1.5003966e+00   1.5017246e+00   1.5010575e+00   1.5010731e+00   1.5000005e+00
   2.7900000e+02   1.4997627e+00   1.4993484e+00   1.4998303e+00   1.4987741e+00   1.5008954e+00   1.5010575e+00   1.5008206e+00   1.5000005e+00
   2.8000000e+02   1.4995152e+00   1.4993484e+00   1.5009031e+00   1.5003910e+00   1.5008954e+00   1.4994343e+00   1.5000000e+00   1.5000005e+00
   2.8100000e+02   1.4986968e+00   1.4993484e+00   1.5006516e+00   1.5003910e+00   1.5019548e+00   1.5010426e+00   1.5000000e+00   1.4983996e+00
   2.8200000e+02   1.4986968e+00   1.4977499e+00   1.4998327e+00   1.5003910e+00   1.5017004e+00   1.5010426e+00   1.5010581e+00   1.5000005e+00
   2.8300000e+02   1.4997661e+00   1.4993574e+00   1.4998327e+00   1.4987914e+00   1.5008828e+00   1.5010426e+00   1.5008091e+00   1.5000005e+00
   2.8400000e+02   1.4995219e+00   1.4993574e+00   1.5008905e+00   1.5003855e+00   1.5008828e+00   1.4994423e+00   1.5000000e+00   1.5000005e+00
   2.8500000e+02   1.4987149e+00   1.4993574e+00   1.5006426e+00   1.5003855e+00   1.5019277e+00   1.5010281e+00   1.5000000e+00   1.4984219e+00
   2.8600000e+02   1.4987149e+00   1.4977812e+00   1.4998350e+00   1.5003855e+00   1.5016768e+00   1.5010281e+00   1.5010435e+00   1.5000005e+00
   2.8700000e+02   1.4997693e+00   1.4993663e+00   1.4998350e+00   1.4988082e+00   1.5008706e+00   1.5010281e+00   1.5007980e+00   1.5000005e+00
   2.8800000e+02   1.4995285e+00   1.4993663e+00   1.5008782e+00   1.5003802e+00   1.5008706e+00   1.4994501e+00   1.5000000e+00   1.5000005e+00
   2.8900000e+02   1.4987325e+00   1.4993663e+00   1.5006337e+00   1.5003802e+00   1.5019012e+00   1.5010140e+00   1.5000000e+00   1.4984435e+00
   2.9000000e+02   1.4987325e+00   1.4978116e+00   1.4998373e+00   1.5003802e+00   1.5016539e+00   1.5010140e+00   1.5010293e+00   1.5000005e+00
   2.9100000e+02   1.4997724e+00   1.4993748e+00   1.4998373e+00   1.4988245e+00   1.5008587e+00   1.5010140e+00   1.5007872e+00   1.5000005e+00
   2.9200000e+02   1.4995349e+00   1.4993748e+00   1.5008663e+00   1.5003751e+00   1.5008587e+00   1.4994576e+00   1.5000000e+00   1.5000005e+00
   2.9300000e+02   1.4987497e+00   1.4993748e+00   1.5006252e+00   1.5003751e+00   1.5018755e+00   1.5010003e+00   1.5000000e+00   1.4984646e+00
   2.9400000e+02   1.4987497e+00   1.4978411e+00   1.4998395e+00   1.5003751e+00   1.5016316e+00   1.5010003e+00   1.5010155e+00   1.5000005e+00
   2.9500000e+02   1.4997755e+00   1.4993832e+00   1.4998395e+00   1.4988404e+00   1.5008472e+00   1.5010003e+00   1.5007767e+00   1.5000005e+00
   2.9600000e+02   1.4995411e+00   1.4993832e+00   1.5008547e+00   1.5003701e+00   1.5008472e+00   1.4994649e+00   1.5000000e+00   1.5000005e+00
   2.9700000e+02   1.4987663e+00   1.4993832e+00   1.5006168e+00   1.5003701e+00   1.5018505e+00   1.5009869e+00   1.5000000e+00   1.4984851e+00
   2.9800000e+02   1.4987663e+00   1.4978699e+00   1.4998416e+00   1.5003701e+00   1.5016099e+00   1.5009869e+00   1.5010020e+00   1.5000005e+00
   2.9900000e+02   1.4997784e+00   1.4993913e+00   1.4998416e+00   1.4988558e+00   1.5008359e+00   1.5009869e+00   1.5007664e+00   1.5000005e+00
   3.0000000e+02   1.4995472e+00   1.4993913e+00   1.5008434e+00   1.5003652e+00   1.5008359e+00   1.4994720e+00   1.5000000e+00   1.5000005e+00
   3.0100000e+02   1.4987826e+00   1.4993913e+00   1.5006087e+00   1.5003652e+00   1.5018261e+00   1.5009739e+00   1.5000000e+00   1.4985050e+00
   3.0200000e+02   1.4987826e+00   1.4978979e+00   1.4998437e+00   1.5003652e+00   1.5015888e+00   1.5009739e+00   1.5009889e+00   1.5000005e+00
   3.0300000e+02   1.4997813e+00   1.4993992e+00   1.4998437e+00   1.4988709e+00   1.5008250e+00   1.5009739e+00   1.5007565e+00   1.5000005e+00
   3.0400000e+02   1.4995531e+00   1.4993992e+00   1.5008324e+00   1.5003605e+00   1.5008250e+00   1.4994790e+00   1.5000000e+00   1.5000005e+00
   3.0500000e+02   1.4987984e+00   1.4993992e+00   1.5006008e+00   1.5003605e+00   1.5018024e+00   1.5009613e+00   1.5000000e+00   1.4985245e+00
   3.0600000e+02   1.4987984e+00   1.4979252e+00   1.4998457e+00   1.5003605e+00   1.5015682e+00   1.5009613e+00   1.5009762e+00   1.5000005e+00
   3.0700000e+02   1.4997842e+00   1.4994069e+00   1.4998457e+00   1.4988856e+00   1.5008143e+00   1.5009613e+00   1.5007467e+00   1.5000005e+00
   3.0800000e+02   1.4995588e+00   1.4994069e+00   1.5008217e+00   1.5003558e+00   1.5008143e+00   1.4994858e+00   1.5000000e+00   1.5000005e+00
   3.0900000e+02   1.4988138e+00   1.4994069e+00   1.5005931e+00   1.5003558e+00   1.5017792e+00   1.5009489e+00   1.5000000e+00   1.4985434e+00
   3.1000000e+02   1.4988138e+00   1.4979518e+00   1.4998477e+00   1.5003558e+00   1.5015482e+00   1.5009489e+00   1.5009638e+00   1.5000005e+00
   3.1100000e+02   1.4997869e+00   1.4994144e+00   1.4998477e+00   1.4988999e+00   1.5008039e+00   1.5009489e+00   1.5007373e+00   1.5000005e+00
   3.1200000e+02   1.4995644e+00   1.4994144e+00   1.5008112e+00   1.5003513e+00   1.5008039e+00   1.4994924e+00   1.5000000e+00   1.5000005e+00
   3.1300000e+02   1.4988289e+00   1.4994144e+00   1.5005856e+00   1.5003513e+00   1.5017567e+00   1.5009369e+00   1.5000000e+00   1.4985619e+00
   3.1400000e+02   1.4988289e+00   1.4979778e+00   1.4998496e+00   1.5003513e+00   1.5015286e+00   1.5009369e+00   1.5009516e+00   1.5000005e+00
   3.1500000e+02   1.4997896e+00   1.4994218e+00   1.4998496e+00   1.4989138e+00   1.5007938e+00   1.5009369e+00   1.5007280e+00   1.5000005e+00
   3.1600000e+02   1.4995699e+00   1.4994218e+00   1.5008010e+00   1.5003469e+00   1.5007938e+00   1.4994988e+00   1.5000000e+00   1.5000005e+00
   3.1700000e+02   1.4988435e+00   1.4994218e+00   1.5005782e+00   1.5003469e+00   1.5017347e+00   1.5009252e+00   1.5000000e+00   1.4985798e+00
   3.1800000e+02   1.4988435e+00   1.4980030e+00   1.4998515e+00   1.5003469e+00   1.5015096e+00   1.5009252e+00   1.5009398e+00   1.5000004e+00
   3.1900000e+02   1.4997922e+00   1.4994289e+00   1.4998515e+00   1.4989274e+00   1.5007839e+00   1.5009252e+00   1.5007190e+00   1.5000004e+00
   3.2000000e+02   1.4995752e+00   1.4994289e+00   1.5007911e+00   1.5003427e+00   1.5007839e+00   1.4995050e+00   1.5000000e+00   1.5000004e+00
   3.2100000e+02   1.4988578e+00   1.4994289e+00   1.5005711e+00   1.5003427e+00   1.5017133e+00   1.5009137e+00   1.5000000e+00   1.4985974e+00
   3.2200000e+02   1.4988578e+00   1.4980277e+00   1.4998533e+00   1.5003427e+00   1.5014910e+00   1.5009137e+00   1.5009283e+00   1.5000004e+00
   3.2300000e+02   1.4997947e+00   1.4994359e+00   1.4998533e+00   1.4989406e+00   1.5007742e+00   1.5009137e+00   1.5007102e+00   1.5000004e+00
   3.2400000e+02   1.4995804e+00   1.4994359e+00   1.5007814e+00   1.5003385e+00   1.5007742e+00   1.4995112e+00   1.5000000e+00   1.5000004e+00
   3.2500000e+02   1.4988718e+00   1.4994359e+00   1.5005641e+00   1.5003385e+00   1.5016924e+00   1.5009026e+00   1.5000000e+00   1.4986145e+00
   3.2600000e+02   1.4988718e+00   1.4980518e+00   1.4998551e+00   1.5003385e+00   1.5014728e+00   1.5009026e+00   1.5009171e+00   1.5000004e+00
   3.2700000e+02   1.4997972e+00   1.4994427e+00   1.4998551e+00   1.4989535e+00   1.5007648e+00   1.5009026e+00   1.5007016e+00   1.5000004e+00
   3.2800000e+02   1.4995854e+00   1.4994427e+00   1.5007720e+00   1.5003344e+00   1.5007648e+00   1.4995171e+00   1.5000000e+00   1.5000004e+00
   3.2900000e+02   1.4988854e+00   1.4994427e+00   1.5005573e+00   1.5003344e+00   1.5016720e+00   1.5008917e+00   1.5000000e+00   1.4986312e+00
   3.3000000e+02   1.4988854e+00   1.4980752e+00   1.4998569e+00   1.5003344e+00   1.5014551e+00   1.5008917e+00   1.5009061e+00   1.5000004e+00
   3.3100000e+02   1.4997997e+00   1.4994493e+00   1.4998569e+00   1.4989661e+00   1.5007557e+00   1.5008917e+00   1.5006933e+00   1.5000004e+00
   3.3200000e+02   1.4995904e+00   1.4994493e+00   1.5007627e+00   1.5003304e+00   1.5007557e+00   1.4995229e+00   1.5000000e+00   1.5000004e+00
   3.3300000e+02   1.4988986e+00   1.4994493e+00   1.5005507e+00   1.5003304e+00   1.5016520e+00   1.5008811e+00   1.5000000e+00   1.4986475e+00
   3.3400000e+02   1.4988986e+00   1.4980981e+00   1.4998586e+00   1.5003304e+00   1.5014378e+00   1.5008811e+00   1.5008954e+00   1.5000004e+00
   3.3500000e+02   1.4998020e+00   1.4994558e+00   1.4998586e+00   1.4989784e+00   1.5007467e+00   1.5008811e+00   1.5006851e+00   1.5000004e+00
   3.3600000e+02   1.4995952e+00   1.4994558e+00   1.5007537e+00   1.5003265e+00   1.5007467e+00   1.4995286e+00   1.5000000e+00   1.5000004e+00
   3.3700000e+02   1.4989116e+00   1.4994558e+00   1.5005442e+00   1.5003265e+00   1.5016326e+00   1.5008707e+00   1.5000000e+00   1.4986635e+00
   3.3800000e+02   1.4989116e+00   1.4981205e+00   1.4998602e+00   1.5003265e+00   1.5014210e+00   1.5008707e+00   1.5008849e+00   1.5000004e+00
   3.3900000e+02   1.4998043e+00   1.4994621e+00   1.4998602e+00   1.4989905e+00   1.5007379e+00   1.5008707e+00   1.5006771e+00   1.5000004e+00
   3.4000000e+02   1.4995999e+00   1.4994621e+00   1.5007449e+00   1.5003227e+00   1.5007379e+00   1.4995342e+00   1.5000000e+00   1.5000004e+00
   3.4100000e+02   1.4989243e+00   1.4994621e+00   1.5005379e+00   1.5003227e+00   1.5016136e+00   1.5008606e+00   1.5000000e+00   1.4986790e+00
   3.4200000e+02   1.4989243e+00   1.4981424e+00   1.4998618e+00   1.5003227e+00   1.5014045e+00   1.5008606e+00   1.5008747e+00   1.5000004e+00
   3.4300000e+02   1.4998066e+00   1.4994683e+00   1.4998618e+00   1.4990022e+00   1.5007294e+00   1.5008606e+00   1.5006693e+00   1.5000004e+00
   3.4400000e+02   1.4996045e+00   1.4994683e+00   1.5007363e+00   1.5003190e+00   1.5007294e+00   1.4995396e+00   1.5000000e+00   1.5000004e+00
   3.4500000e+02   1.4989367e+00   1.4994683e+00   1.5005317e+00   1.5003190e+00   1.5015950e+00   1.5008507e+00   1.5000000e+00   1.4986942e+00
   3.4600000e+02   1.4989367e+00   1.4981637e+00   1.4998634e+00   1.5003190e+00   1.5013884e+00   1.5008507e+00   1.5008647e+00   1.5000004e+00
   3.4700000e+02   1.4998088e+00   1.4994744e+00   1.4998634e+00   1.4990137e+00   1.5007210e+00   1.5008507e+00   1.5006617e+00   1.5000004e+00
   3.4800000e+02   1.4996090e+00   1.4994744e+00   1.5007279e+00   1.5003154e+00   1.5007210e+00   1.4995449e+00   1.5000000e+00   1.5000004e+00
   3.4900000e+02   1.4989487e+00   1.4994744e+00   1.5005256e+00   1.5003154e+00   1.5015769e+00   1.5008410e+00   1.5000000e+00   1.4987091e+00
   3.5000000e+02   1.4989487e+00   1.4981846e+00   1.4998650e+00   1.5003154e+00   1.5013726e+00   1.5008410e+00   1.5008549e+00   1.5000004e+00
   3.5100000e+02   1.4998110e+00   1.4994803e+00   1.4998650e+00   1.4990249e+00   1.5007129e+00   1.5008410e+00   1.5006542e+00   1.5000004e+00
   3.5200000e+02   1.4996135e+00   1.4994803e+00   1.5007197e+00   1.5003118e+00   1.5007129e+00   1.4995500e+00   1.5000000e+00   1.5000004e+00
   3.5300000e+02   1.4989606e+00   1.4994803e+00   1.5005197e+00   1.5003118e+00   1.5015591e+00   1.5008315e+00   1.5000000e+00   1.4987236e+00
   3.5400000e+02   1.4989606e+00   1.4982050e+00   1.4998665e+00   1.5003118e+00   1.5013572e+00   1.5008315e+00   1.5008454e+00   1.5000004e+00
   3.5500000e+02   1.4998131e+00   1.4994861e+00   1.4998665e+00   1.4990358e+00   1.5007049e+00   1.5008315e+00   1.5006470e+00   1.5000004e+00
   3.5600000e+02   1.4996178e+00   1.4994861e+00   1.5007117e+00   1.5003084e+00   1.5007049e+00   1.4995551e+00   1.5000000e+00   1.5000004e+00
   3.5700000e+02   1.4989721e+00   1.4994861e+00   1.5005139e+00   1.5003084e+00   1.5015418e+00   1.5008223e+00   1.5000000e+00   1.4987378e+00
   3.5800000e+02   1.4989721e+00   1.4982249e+00   1.4998680e+00   1.5003084e+00   1.5013422e+00   1.5008223e+00   1.5008360e+00   1.5000004e+00
   3.5900000e+02   1.4998151e+00   1.4994917e+00   1.4998680e+00   1.4990465e+00   1.5006971e+00   1.5008223e+00   1.5006398e+00   1.5000004e+00
   3.6000000e+02   1.4996220e+00   1.4994917e+00   1.5007038e+00   1.5003050e+00   1.5006971e+00   1.4995600e+00   1.5000000e+00   1.5000004e+00
   3.6100000e+02   1.4989834e+00   1.4994917e+00   1.5005083e+00   1.5003050e+00   1.5015248e+00   1.5008133e+00   1.5000000e+00   1.4987517e+00
   3.6200000e+02   1.4989834e+00   1.4982444e+00   1.4998694e+00   1.5003050e+00   1.5013275e+00   1.5008133e+00   1.5008269e+00   1.5000004e+00
   3.6300000e+02   1.4998172e+00   1.4994972e+00   1.4998694e+00   1.4990570e+00   1.5006894e+00   1.5008133e+00   1.5006329e+00   1.5000004e+00
   3.6400000e+02   1.4996261e+00   1.4994972e+00   1.5006962e+00   1.5003017e+00   1.5006894e+00   1.4995649e+00   1.5000000e+00   1.5000004e+00
   3.6500000e+02   1.4989945e+00   1.4994972e+00   1.5005028e+00   1.5003017e+00   1.5015083e+00   1.5008044e+00   1.5000000e+00   1.4987652e+00
   3.6600000e+02   1.4989945e+00   1.4982635e+00   1.4998709e+00   1.5003017e+00   1.5013131e+00   1.5008044e+00   1.5008180e+00   1.5000004e+00
   3.6700000e+02   1.4998191e+00   1.4995027e+00   1.4998709e+00   1.4990673e+00   1.5006820e+00   1.5008044e+00   1.5006260e+00   1.5000004e+00
   3.6800000e+02   1.4996301e+00   1.4995027e+00   1.5006886e+00   1.5002984e+00   1.5006820e+00   1.4995696e+00   1.5000000e+00   1.5000004e+00
   3.6900000e+02   1.4990053e+00   1.4995027e+00   1.5004973e+00   1.5002984e+00   1.5014920e+00   1.5007957e+00   1.5000000e+00   1.4987785e+00
   3.7000000e+02   1.4990053e+00   1.4982822e+00   1.4998722e+00   1.5002984e+00   1.5012990e+00   1.5007957e+00   1.5008092e+00   1.5000004e+00
   3.7100000e+02   1.4998211e+00   1.4995080e+00   1.4998722e+00   1.4990773e+00   1.5006747e+00   1.5007957e+00   1.5006194e+00   1.5000004e+00
   3.7200000e+02   1.4996341e+00   1.4995080e+00   1.5006813e+00   1.5002952e+00   1.5006747e+00   1.4995742e+00   1.5000000e+00   1.5000004e+00
   3.7300000e+02   1.4990159e+00   1.4995080e+00   1.5004920e+00   1.5002952e+00   1.5014761e+00   1.5007873e+00   1.5000000e+00   1.4987915e+00
   3.7400000e+02   1.4990159e+00   1.4983005e+00   1.4998736e+00   1.5002952e+00   1.5012852e+00   1.5007873e+00   1.5008007e+00   1.5000004e+00
   3.7500000e+02   1.4998230e+00   1.4995131e+00   1.4998736e+00   1.4990871e+00   1.5006675e+00   1.5007873e+00   1.5006128e+00   1.5000004e+00
   3.7600000e+02   1.4996379e+00   1.4995131e+00   1.5006741e+00   1.5002921e+00   1.5006675e+00   1.4995788e+00   1.5000000e+00   1.5000004e+00
   3.7700000e+02   1.4990263e+00   1.4995131e+00   1.5004869e+00   1.5002921e+00   1.5014606e+00   1.5007790e+00   1.5000000e+00   1.4988043e+00
   3.7800000e+02   1.4990263e+00   1.4983184e+00   1.4998749e+00   1.5002921e+00   1.5012717e+00   1.5007790e+00   1.5007923e+00   1.5000004e+00
   3.7900000e+02   1.4998248e+00   1.4995182e+00   1.4998749e+00   1.4990967e+00   1.5006605e+00   1.5007790e+00   1.5006064e+00   1.5000004e+00
   3.8000000e+02   1.4996417e+00   1.4995182e+00   1.5006670e+00   1.5002891e+00   1.5006605e+00   1.4995832e+00   1.5000000e+00   1.5000004e+00
   3.8100000e+02   1.4990364e+00   1.4995182e+00   1.5004818e+00   1.5002891e+00   1.5014454e+00   1.5007709e+00   1.5000000e+00   1.4988167e+00
   3.8200000e+02   1.4990364e+00   1.4983359e+00   1.4998762e+00   1.5002891e+00   1.5012585e+00   1.5007709e+00   1.5007841e+00   1.5000004e+00
   3.8300000e+02   1.4998266e+00   1.4995232e+00   1.4998762e+00   1.4991061e+00   1.5006537e+00   1.5007709e+00   1.5006002e+00   1.5000004e+00
   3.8400000e+02   1.4996454e+00   1.4995232e+00   1.5006601e+00   1.5002861e+00   1.5006537e+00   1.4995875e+00   1.5000000e+00   1.5000004e+00
   3.8500000e+02   1.4990464e+00   1.4995232e+00   1.5004768e+00   1.5002861e+00   1.5014305e+00   1.5007629e+00   1.5000000e+00   1.4988289e+00
   3.8600000e+02   1.4990464e+00   1.4983530e+00   1.4998775e+00   1.5002861e+00   1.5012455e+00   1.5007629e+00   1.5007760e+00   1.5000004e+00
   3.8700000e+02   1.4998284e+00   1.4995281e+00   1.4998775e+00   1.4991153e+00   1.5006469e+00   1.5007629e+00   1.5005940e+00   1.5000004e+00
   3.8800000e+02   1.4996490e+00   1.4995281e+00   1.5006534e+00   1.5002832e+00   1.5006469e+00   1.4995918e+00   1.5000000e+00   1.5000004e+00
   3.8900000e+02   1.4990561e+00   1.4995281e+00   1.5004719e+00   1.5002832e+00   1.5014158e+00   1.5007551e+00   1.5000000e+00   1.4988409e+00
   3.9000000e+02   1.4990561e+00   1.4983698e+00   1.4998788e+00   1.5002832e+00   1.5012328e+00   1.5007551e+00   1.5007682e+00   1.5000004e+00
   3.9100000e+02   1.4998302e+00   1.4995328e+00   1.4998788e+00   1.4991244e+00   1.5006404e+00   1.5007551e+00   1.5005880e+00   1.5000004e+00
   3.9200000e+02   1.4996526e+00   1.4995328e+00   1.5006468e+00   1.5002803e+00   1.5006404e+00   1.4995960e+00   1.5000000e+00   1.5000004e+00
   3.9300000e+02   1.4990656e+00   1.4995328e+00   1.5004672e+00   1.5002803e+00   1.5014015e+00   1.5007475e+00   1.5000000e+00   1.4988526e+00
   3.9400000e+02   1.4990656e+00   1.4983863e+00   1.4998800e+00   1.5002803e+00   1.5012204e+00   1.5007475e+00   1.5007604e+00   1.5000004e+00
   3.9500000e+02   1.4998319e+00   1.4995375e+00   1.4998800e+00   1.4991332e+00   1.5006339e+00   1.5007475e+00   1.5005821e+00   1.5000004e+00
   3.9600000e+02   1.4996561e+00   1.4995375e+00   1.5006403e+00   1.5002775e+00   1.5006339e+00   1.4996000e+00   1.5000000e+00   1.5000004e+00
   3.9700000e+02   1.4990750e+00   1.4995375e+00   1.5004625e+00   1.5002775e+00   1.5013875e+00   1.5007400e+00   1.5000000e+00   1.4988641e+00
   3.9800000e+02   1.4990750e+00   1.4984024e+00   1.4998812e+00   1.5002775e+00   1.5012082e+00   1.5007400e+00   1.5007529e+00   1.5000004e+00
   3.9900000e+02   1.4998335e+00   1.4995421e+00   1.4998812e+00   1.4991419e+00   1.5006276e+00   1.5007400e+00   1.5005764e+00   1.5000004e+00
   4.0000000e+02   1.4996595e+00   1.4995421e+00   1.5006339e+00   1.5002748e+00   1.5006276e+00   1.4996040e+00   1.5000000e+00   1.5000004e+00
   4.0100000e+02   1.4990842e+00   1.4995421e+00   1.5004579e+00   1.5002748e+00   1.5013738e+00   1.5007327e+00   1.5000000e+00   1.4988753e+00
   4.0200000e+02   1.4990842e+00   1.4984183e+00   1.4998824e+00   1.5002748e+00   1.5011963e+00   1.5007327e+00   1.5007455e+00   1.5000004e+00
   4.0300000e+02   1.4998352e+00   1.4995466e+00   1.4998824e+00   1.4991504e+00   1.5006214e+00   1.5007327e+00   1.5005707e+00   1.5000004e+00
   4.0400000e+02   1.4996628e+00   1.4995466e+00   1.5006277e+00   1.5002721e+00   1.5006214e+00   1.4996080e+00   1.5000000e+00   1.5000004e+00
   4.0500000e+02   1.4990931e+00   1.4995466e+00   1.5004534e+00   1.5002721e+00   1.5013603e+00   1.5007255e+00   1.5000000e+00   1.4988864e+00
   4.0600000e+02   1.4990931e+00   1.4984338e+00   1.4998835e+00   1.5002721e+00   1.5011846e+00   1.5007255e+00   1.5007382e+00   1.5000004e+00
   4.0700000e+02   1.4998368e+00   1.4995510e+00   1.4998835e+00   1.4991587e+00   1.5006153e+00   1.5007255e+00   1.5005652e+00   1.5000004e+00
   4.0800000e+02   1.4996661e+00   1.4995510e+00   1.5006216e+00   1.5002694e+00   1.5006153e+00   1.4996118e+00   1.5000000e+00   1.5000004e+00
   4.0900000e+02   1.4991020e+00   1.4995510e+00   1.5004490e+00   1.5002694e+00   1.5013471e+00   1.5007184e+00   1.5000000e+00   1.4988972e+00
   4.1000000e+02   1.4991020e+00   1.4984490e+00   1.4998846e+00   1.5002694e+00   1.5011731e+00   1.5007184e+00   1.5007311e+00   1.5000003e+00
   4.1100000e+02   1.4998384e+00   1.4995553e+00   1.4998846e+00   1.4991669e+00   1.5006094e+00   1.5007184e+00   1.5005597e+00   1.5000003e+00
   4.1200000e+02   1.4996693e+00   1.4995553e+00   1.5006156e+00   1.5002668e+00   1.5006094e+00   1.4996156e+00   1.5000000e+00   1.5000003e+00
   4.1300000e+02   1.4991106e+00   1.4995553e+00   1.5004447e+00   1.5002668e+00   1.5013341e+00   1.5007115e+00   1.5000000e+00   1.4989078e+00
   4.1400000e+02   1.4991106e+00   1.4984639e+00   1.4998857e+00   1.5002668e+00   1.5011618e+00   1.5007115e+00   1.5007241e+00   1.5000003e+00
   4.1500000e+02   1.4998399e+00   1.4995595e+00   1.4998857e+00   1.4991749e+00   1.5006035e+00   1.5007115e+00   1.5005544e+00   1.5000003e+00
   4.1600000e+02   1.4996725e+00   1.4995595e+00   1.5006097e+00   1.5002643e+00   1.5006035e+00   1.4996193e+00   1.5000000e+00   1.5000003e+00
   4.1700000e+02   1.4991191e+00   1.4995595e+00   1.5004405e+00   1.5002643e+00   1.5013214e+00   1.5007047e+00   1.5000000e+00   1.4989182e+00
   4.1800000e+02   1.4991191e+00   1.4984785e+00   1.4998868e+00   1.5002643e+00   1.5011508e+00   1.5007047e+00   1.5007172e+00   1.5000003e+00
   4.1900000e+02   1.4998414e+00   1.4995637e+00   1.4998868e+00   1.4991827e+00   1.5005978e+00   1.5007047e+00   1.5005491e+00   1.5000003e+00
   4.2000000e+02   1.4996756e+00   1.4995637e+00   1.5006039e+00   1.5002618e+00   1.5005978e+00   1.4996229e+00   1.5000000e+00   1.5000003e+00
   4.2100000e+02   1.4991274e+00   1.4995637e+00   1.5004363e+00   1.5002618e+00   1.5013089e+00   1.5006981e+00   1.5000000e+00   1.4989284e+00
   4.2200000e+02   1.4991274e+00   1.4984929e+00   1.4998879e+00   1.5002618e+00   1.5011400e+00   1.5006981e+00   1.5007105e+00   1.5000003e+00
   4.2300000e+02   1.4998429e+00   1.4995678e+00   1.4998879e+00   1.4991905e+00   1.5005922e+00   1.5006981e+00   1.5005440e+00   1.5000003e+00
   4.2400000e+02   1.4996786e+00   1.4995678e+00   1.5005982e+00   1.5002593e+00   1.5005922e+00   1.4996264e+00   1.5000000e+00   1.5000003e+00
   4.2500000e+02   1.4991356e+00   1.4995678e+00   1.5004322e+00   1.5002593e+00   1.5012967e+00   1.5006916e+00   1.5000000e+00   1.4989385e+00
   4.2600000e+02   1.4991356e+00   1.4985070e+00   1.4998890e+00   1.5002593e+00   1.5011293e+00   1.5006916e+00   1.5007039e+00   1.5000003e+00
   4.2700000e+02   1.4998444e+00   1.4995718e+00   1.4998890e+00   1.4991980e+00   1.5005866e+00   1.5006916e+00   1.5005389e+00   1.5000003e+00
   4.2800000e+02   1.4996816e+00   1.4995718e+00   1.5005927e+00   1.5002569e+00   1.5005866e+00   1.4996299e+00   1.5000000e+00   1.5000003e+00
   4.2900000e+02   1.4991436e+00   1.4995718e+00   1.5004282e+00   1.5002569e+00   1.5012847e+00   1.5006852e+00   1.5000000e+00   1.4989483e+00
   4.3000000e+02   1.4991436e+00   1.4985208e+00   1.4998900e+00   1.5002569e+00   1.5011189e+00   1.5006852e+00   1.5006974e+00   1.5000003e+00
   4.3100000e+02   1.4998458e+00   1.4995757e+00   1.4998900e+00   1.4992054e+00   1.5005812e+00   1.5006852e+00   1.5005340e+00   1.5000003e+00
   4.3200000e+02   1.4996845e+00   1.4995757e+00   1.5005872e+00   1.5002546e+00   1.5005812e+00   1.4996334e+00   1.5000000e+00   1.5000003e+00
   4.3300000e+02   1.4991514e+00   1.4995757e+00   1.5004243e+00   1.5002546e+00   1.5012729e+00   1.5006789e+00   1.5000000e+00   1.4989579e+00
   4.3400000e+02   1.4991514e+00   1.4985343e+00   1.4998910e+00   1.5002546e+00   1.5011086e+00   1.5006789e+00   1.5006910e+00   1.5000003e+00
   4.3500000e+02   1.4998472e+00   1.4995796e+00   1.4998910e+00   1.4992127e+00   1.5005759e+00   1.5006789e+00   1.5005291e+00   1.5000003e+00
   4.3600000e+02   1.4996874e+00   1.4995796e+00   1.5005819e+00   1.5002523e+00   1.5005759e+00   1.4996367e+00   1.5000000e+00   1.5000003e+00
   4.3700000e+02   1.4991591e+00   1.4995796e+00   1.5004204e+00   1.5002523e+00   1.5012613e+00   1.5006727e+00   1.5000000e+00   1.4989674e+00
   4.3800000e+02   1.4991591e+00   1.4985477e+00   1.4998920e+00   1.5002523e+00   1.5010986e+00   1.5006727e+00   1.5006848e+00   1.5000003e+00
   4.3900000e+02   1.4998486e+00   1.4995834e+00   1.4998920e+00   1.4992199e+00   1.5005707e+00   1.5006727e+00   1.5005243e+00   1.5000003e+00
   4.4000000e+02   1.4996902e+00   1.4995834e+00   1.5005766e+00   1.5002500e+00   1.5005707e+00   1.4996400e+00   1.5000000e+00   1.5000003e+00
   4.4100000e+02   1.4991667e+00   1.4995834e+00   1.5004166e+00   1.5002500e+00   1.5012499e+00   1.5006666e+00   1.5000000e+00   1.4989767e+00
   4.4200000e+02   1.4991667e+00   1.4985608e+00   1.4998930e+00   1.5002500e+00   1.5010887e+00   1.5006666e+00   1.5006786e+00   1.5000003e+00
   4.4300000e+02   1.4998499e+00   1.4995871e+00   1.4998930e+00   1.4992269e+00   1.5005656e+00   1.5006666e+00   1.5005197e+00   1.5000003e+00
   4.4400000e+02   1.4996930e+00   1.4995871e+00   1.5005715e+00   1.5002477e+00   1.5005656e+00   1.4996433e+00   1.5000000e+00   1.5000003e+00
   4.4500000e+02   1.4991742e+00   1.4995871e+00   1.5004129e+00   1.5002477e+00   1.5012387e+00   1.5006607e+00   1.5000000e+00   1.4989859e+00
   4.4600000e+02   1.4991742e+00   1.4985736e+00   1.4998939e+00   1.5002477e+00   1.5010790e+00   1.5006607e+00   1.5006726e+00   1.5000003e+00
   4.4700000e+02   1.4998513e+00   1.4995907e+00   1.4998939e+00   1.4992338e+00   1.5005605e+00   1.5006607e+00   1.5005151e+00   1.5000003e+00
   4.4800000e+02   1.4996957e+00   1.4995907e+00   1.5005664e+00   1.5002456e+00   1.5005605e+00   1.4996465e+00   1.5000000e+00   1.5000003e+00
   4.4900000e+02   1.4991815e+00   1.4995907e+00   1.5004093e+00   1.5002456e+00   1.5012278e+00   1.5006548e+00   1.5000000e+00   1.4989949e+00
   4.5000000e+02   1.4991815e+00   1.4985862e+00   1.4998948e+00   1.5002456e+00   1.5010695e+00   1.5006548e+00   1.5006667e+00   1.5000003e+00
   4.5100000e+02   1.4998526e+00   1.4995943e+00   1.4998948e+00   1.4992406e+00   1.5005556e+00   1.5006548e+00   1.5005105e+00   1.5000003e+00
   4.5200000e+02   1.4996984e+00   1.4995943e+00   1.5005614e+00   1.5002434e+00   1.5005556e+00   1.4996496e+00   1.5000000e+00   1.5000003e+00
   4.5300000e+02   1.4991887e+00   1.4995943e+00   1.5004057e+00   1.5002434e+00   1.5012170e+00   1.5006491e+00   1.5000000e+00   1.4990037e+00
   4.5400000e+02   1.4991887e+00   1.4985986e+00   1.4998958e+00   1.5002434e+00   1.5010601e+00   1.5006491e+00   1.5006608e+00   1.5000003e+00
   4.5500000e+02   1.4998539e+00   1.4995979e+00   1.4998958e+00   1.4992473e+00   1.5005507e+00   1.5006491e+00   1.5005061e+00   1.5000003e+00
   4.5600000e+02   1.4997010e+00   1.4995979e+00   1.5005565e+00   1.5002413e+00   1.5005507e+00   1.4996527e+00   1.5000000e+00   1.5000003e+00
   4.5700000e+02   1.4991957e+00   1.4995979e+00   1.5004021e+00   1.5002413e+00   1.5012064e+00   1.5006434e+00   1.5000000e+00   1.4990124e+00
   4.5800000e+02   1.4991957e+00   1.4986108e+00   1.4998967e+00   1.5002413e+00   1.5010509e+00   1.5006434e+00   1.5006551e+00   1.5000003e+00
   4.5900000e+02   1.4998551e+00   1.4996013e+00   1.4998967e+00   1.4992538e+00   1.5005459e+00   1.5006434e+00   1.5005017e+00   1.5000003e+00
   4.6000000e+02   1.4997036e+00   1.4996013e+00   1.5005517e+00   1.5002392e+00   1.5005459e+00   1.4996557e+00   1.5000000e+00   1.5000003e+00
   4.6100000e+02   1.4992027e+00   1.4996013e+00   1.5003987e+00   1.5002392e+00   1.5011960e+00   1.5006379e+00   1.5000000e+00   1.4990209e+00
   4.6200000e+02   1.4992027e+00   1.4986228e+00   1.4998976e+00   1.5002392e+00   1.5010418e+00   1.5006379e+00   1.5006495e+00   1.5000003e+00
   4.6300000e+02   1.4998564e+00   1.4996047e+00   1.4998976e+00   1.4992602e+00   1.5005413e+00   1.5006379e+00   1.5004974e+00   1.5000003e+00
   4.6400000e+02   1.4997061e+00   1.4996047e+00   1.5005470e+00   1.5002372e+00   1.5005413e+00   1.4996587e+00   1.5000000e+00   1.5000003e+00
   4.6500000e+02   1.4992095e+00   1.4996047e+00   1.5003953e+00   1.5002372e+00   1.5011858e+00   1.5006324e+00   1.5000000e+00   1.4990292e+00
   4.6600000e+02   1.4992095e+00   1.4986346e+00   1.4998984e+00   1.5002372e+00   1.5010330e+00   1.5006324e+00   1.5006440e+00   1.5000003e+00
   4.6700000e+02   1.4998576e+00   1.4996081e+00   1.4998984e+00   1.4992666e+00   1.5005366e+00   1.5006324e+00   1.5004932e+00   1.5000003e+00
   4.6800000e+02   1.4997086e+00   1.4996081e+00   1.5005423e+00   1.5002351e+00   1.5005366e+00   1.4996616e+00   1.5000000e+00   1.5000003e+00
   4.6900000e+02   1.4992162e+00   1.4996081e+00   1.5003919e+00   1.5002351e+00   1.5011757e+00   1.5006271e+00   1.5000000e+00   1.4990375e+00
   4.7000000e+02   1.4992162e+00   1.4986461e+00   1.4998993e+00   1.5002351e+00   1.5010242e+00   1.5006271e+00   1.5006385e+00   1.5000003e+00
   4.7100000e+02   1.4998588e+00   1.4996114e+00   1.4998993e+00   1.4992728e+00   1.5005321e+00   1.5006271e+00   1.5004890e+00   1.5000003e+00
   4.7200000e+02   1.4997111e+00   1.4996114e+00   1.5005377e+00   1.5002332e+00   1.5005321e+00   1.4996644e+00   1.5000000e+00   1.5000003e+00
   4.7300000e+02   1.4992228e+00   1.4996114e+00   1.5003886e+00   1.5002332e+00   1.5011658e+00   1.5006218e+00   1.5000000e+00   1.4990456e+00
   4.7400000e+02   1.4992228e+00   1.4986575e+00   1.4999001e+00   1.5002332e+00   1.5010156e+00   1.5006218e+00   1.5006332e+00   1.5000003e+00
   4.7500000e+02   1.4998600e+00   1.4996146e+00   1.4999001e+00   1.4992789e+00   1.5005276e+00   1.5006218e+00   1.5004850e+00   1.5000003e+00
   4.7600000e+02   1.4997135e+00   1.4996146e+00   1.5005333e+00   1.5002312e+00   1.5005276e+00   1.4996673e+00   1.5000000e+00   1.5000003e+00
   4.7700000e+02   1.4992293e+00   1.4996146e+00   1.5003854e+00   1.5002312e+00   1.5011561e+00   1.5006166e+00   1.5000000e+00   1.4990535e+00
   4.7800000e+02   1.4992293e+00   1.4986687e+00   1.4999010e+00   1.5002312e+00   1.5010072e+00   1.5006166e+00   1.5006280e+00   1.5000003e+00
   4.7900000e+02   1.4998612e+00   1.4996178e+00   1.4999010e+00   1.4992849e+00   1.5005233e+00   1.5006166e+00   1.5004809e+00   1.5000003e+00
   4.8000000e+02   1.4997158e+00   1.4996178e+00   1.5005288e+00   1.5002293e+00   1.5005233e+00   1.4996700e+00   1.5000000e+00   1.5000003e+00
   4.8100000e+02   1.4992356e+00   1.4996178e+00   1.5003822e+00   1.5002293e+00   1.5011466e+00   1.5006115e+00   1.5000000e+00   1.4990614e+00
   4.8200000e+02   1.4992356e+00   1.4986797e+00   1.4999018e+00   1.5002293e+00   1.5009989e+00   1.5006115e+00   1.5006228e+00   1.5000003e+00
   4.8300000e+02   1.4998623e+00   1.4996210e+00   1.4999018e+00   1.4992908e+00   1.5005189e+00   1.5006115e+00   1.5004770e+00   1.5000003e+00
   4.8400000e+02   1.4997182e+00   1.4996210e+00   1.5005245e+00   1.5002274e+00   1.5005189e+00   1.4996728e+00   1.5000000e+00   1.5000003e+00
   4.8500000e+02   1.4992419e+00   1.4996210e+00   1.5003790e+00   1.5002274e+00   1.5011371e+00   1.5006065e+00   1.5000000e+00   1.4990691e+00
   4.8600000e+02   1.4992419e+00   1.4986905e+00   1.4999026e+00   1.5002274e+00   1.5009907e+00   1.5006065e+00   1.5006177e+00   1.5000003e+00
   4.8700000e+02   1.4998634e+00   1.4996240e+00   1.4999026e+00   1.4992966e+00   1.5005147e+00   1.5006065e+00   1.5004731e+00   1.5000003e+00
   4.8800000e+02   1.4997205e+00   1.4996240e+00   1.5005202e+00   1.5002256e+00   1.5005147e+00   1.4996754e+00   1.5000000e+00   1.5000003e+00
   4.8900000e+02   1.4992481e+00   1.4996240e+00   1.5003760e+00   1.5002256e+00   1.5011279e+00   1.5006015e+00   1.5000000e+00   1.4990766e+00
   4.9000000e+02   1.4992481e+00   1.4987012e+00   1.4999034e+00   1.5002256e+00   1.5009826e+00   1.5006015e+00   1.5006127e+00   1.5000003e+00
   4.9100000e+02   1.4998645e+00   1.4996271e+00   1.4999034e+00   1.4993023e+00   1.5005105e+00   1.5006015e+00   1.5004693e+00   1.5000003e+00
   4.9200000e+02   1.4997227e+00   1.4996271e+00   1.5005160e+00   1.5002238e+00   1.5005105e+00   1.4996781e+00   1.5000000e+00   1.5000003e+00
   4.9300000e+02   1.4992541e+00   1.4996271e+00   1.5003729e+00   1.5002238e+00   1.5011188e+00   1.5005967e+00   1.5000000e+00   1.4990841e+00
   4.9400000e+02   1.4992541e+00   1.4987116e+00   1.4999042e+00   1.5002238e+00   1.5009747e+00   1.5005967e+00   1.5006078e+00   1.5000003e+00
   4.9500000e+02   1.4998656e+00   1.4996301e+00   1.4999042e+00   1.4993080e+00   1.5005064e+00   1.5005967e+00   1.5004655e+00   1.5000003e+00
   4.9600000e+02   1.4997249e+00   1.4996301e+00   1.5005119e+00   1.5002220e+00   1.5005064e+00   1.4996807e+00   1.5000000e+00   1.5000003e+00
   4.9700000e+02   1.4992601e+00   1.4996301e+00   1.5003699e+00   1.5002220e+00   1.5011098e+00   1.5005919e+00   1.5000000e+00   1.4990914e+00
   4.9800000e+02   1.4992601e+00   1.4987220e+00   1.4999049e+00   1.5002220e+00   1.5009669e+00   1.5005919e+00   1.5006029e+00   1.5000003e+00
   4.9900000e+02   1.4998667e+00   1.4996330e+00   1.4999049e+00   1.4993135e+00   1.5005024e+00   1.5005919e+00   1.5004618e+00   1.5000003e+00
   5.0000000e+02   1.4997271e+00   1.4996330e+00   1.5005078e+00   1.5002202e+00   1.5005024e+00   1.4996832e+00   1.5000000e+00   1.5000003e+00
   5.0100000e+02   1.4992660e+00   1.4996330e+00   1.5003670e+00   1.5002202e+00   1.5011010e+00   1.5005872e+00   1.5000000e+00   1.4990986e+00
   5.0200000e+02   1.4992660e+00   1.4987321e+00   1.4999057e+00   1.5002202e+00   1.5009593e+00   1.5005872e+00   1.5005982e+00   1.5000003e+00
   5.0300000e+02   1.4998677e+00   1.4996359e+00   1.4999057e+00   1.4993190e+00   1.5004984e+00   1.5005872e+00   1.5004582e+00   1.5000003e+00
   5.0400000e+02   1.4997293e+00   1.4996359e+00   1.5005038e+00   1.5002185e+00   1.5004984e+00   1.4996857e+00   1.5000000e+00   1.5000003e+00
   5.0500000e+02   1.4992718e+00   1.4996359e+00   1.5003641e+00   1.5002185e+00   1.5010924e+00   1.5005826e+00   1.5000000e+00   1.4991057e+00
   5.0600000e+02   1.4992718e+00   1.4987421e+00   1.4999064e+00   1.5002185e+00   1.5009517e+00   1.5005826e+00   1.5005935e+00   1.5000003e+00
   5.0700000e+02   1.4998688e+00   1.4996387e+00   1.4999064e+00   1.4993243e+00   1.5004945e+00   1.5005826e+00   1.5004546e+00   1.5000003e+00
   5.0800000e+02   1.4997314e+00   1.4996387e+00   1.5004998e+00   1.5002168e+00   1.5004945e+00   1.4996882e+00   1.5000000e+00   1.5000003e+00
   5.0900000e+02   1.4992775e+00   1.4996387e+00   1.5003613e+00   1.5002168e+00   1.5010838e+00   1.5005780e+00   1.5000000e+00   1.4991127e+00
   5.1000000e+02   1.4992775e+00   1.4987519e+00   1.4999072e+00   1.5002168e+00   1.5009443e+00   1.5005780e+00   1.5005889e+00   1.5000003e+00
   5.1100000e+02   1.4998698e+00   1.4996415e+00   1.4999072e+00   1.4993296e+00   1.5004906e+00   1.5005780e+00   1.5004511e+00   1.5000003e+00
   5.1200000e+02   1.4997335e+00   1.4996415e+00   1.5004959e+00   1.5002151e+00   1.5004906e+00   1.4996907e+00   1.5000000e+00   1.5000003e+00
   5.1300000e+02   1.4992831e+00   1.4996415e+00   1.5003585e+00   1.5002151e+00   1.5010754e+00   1.5005735e+00   1.5000000e+00   1.4991196e+00
   5.1400000e+02   1.4992831e+00   1.4987616e+00   1.4999079e+00   1.5002151e+00   1.5009370e+00   1.5005735e+00   1.5005843e+00   1.5000003e+00
   5.1500000e+02   1.4998708e+00   1.4996443e+00   1.4999079e+00   1.4993348e+00   1.5004868e+00   1.5005735e+00   1.5004476e+00   1.5000003e+00
   5.1600000e+02   1.4997355e+00   1.4996443e+00   1.5004921e+00   1.5002134e+00   1.5004868e+00   1.4996931e+00   1.5000000e+00   1.5000003e+00
   5.1700000e+02   1.4992886e+00   1.4996443e+00   1.5003557e+00   1.5002134e+00   1.5010671e+00   1.5005691e+00   1.5000000e+00   1.4991264e+00
   5.1800000e+02   1.4992886e+00   1.4987711e+00   1.4999086e+00   1.5002134e+00   1.5009298e+00   1.5005691e+00   1.5005798e+00   1.5000003e+00
   5.1900000e+02   1.4998718e+00   1.4996470e+00   1.4999086e+00   1.4993399e+00   1.5004831e+00   1.5005691e+00   1.5004442e+00   1.5000003e+00
   5.2000000e+02   1.4997376e+00   1.4996470e+00   1.5004884e+00   1.5002118e+00   1.5004831e+00   1.4996954e+00   1.5000000e+00   1.5000003e+00
   5.2100000e+02   1.4992940e+00   1.4996470e+00   1.5003530e+00   1.5002118e+00   1.5010590e+00   1.5005648e+00   1.5000000e+00   1.4991331e+00
   5.2200000e+02   1.4992940e+00   1.4987805e+00   1.4999093e+00   1.5002118e+00   1.5009227e+00   1.5005648e+00   1.5005754e+00   1.5000003e+00
   5.2300000e+02   1.4998728e+00   1.4996497e+00   1.4999093e+00   1.4993449e+00   1.5004794e+00   1.5005648e+00   1.5004408e+00   1.5000003e+00
   5.2400000e+02   1.4997396e+00   1.4996497e+00   1.5004846e+00   1.5002102e+00   1.5004794e+00   1.4996977e+00   1.5000000e+00   1.5000003e+00
   5.2500000e+02   1.4992994e+00   1.4996497e+00   1.5003503e+00   1.5002102e+00   1.5010510e+00   1.5005605e+00   1.5000000e+00   1.4991396e+00
   5.2600000e+02   1.4992994e+00   1.4987897e+00   1.4999100e+00   1.5002102e+00   1.5009157e+00   1.5005605e+00   1.5005711e+00   1.5000003e+00
   5.2700000e+02   1.4998737e+00   1.4996523e+00   1.4999100e+00   1.4993499e+00   1.5004758e+00   1.5005605e+00   1.5004375e+00   1.5000003e+00
   5.2800000e+02   1.4997415e+00   1.4996523e+00   1.5004810e+00   1.5002086e+00   1.5004758e+00   1.4997000e+00   1.5000000e+00   1.5000003e+00
   5.2900000e+02   1.4993046e+00   1.4996523e+00   1.5003477e+00   1.5002086e+00   1.5010430e+00   1.5005563e+00   1.5000000e+00   1.4991461e+00
   5.3000000e+02   1.4993046e+00   1.4987988e+00   1.4999107e+00   1.5002086e+00   1.5009089e+00   1.5005563e+00   1.5005668e+00   1.5000003e+00
   5.3100000e+02   1.4998747e+00   1.4996549e+00   1.4999107e+00   1.4993548e+00   1.5004722e+00   1.5005563e+00   1.5004342e+00   1.5000003e+00
   5.3200000e+02   1.4997434e+00   1.4996549e+00   1.5004774e+00   1.5002071e+00   1.5004722e+00   1.4997023e+00   1.5000000e+00   1.5000003e+00
   5.3300000e+02   1.4993098e+00   1.4996549e+00   1.5003451e+00   1.5002071e+00   1.5010353e+00   1.5005521e+00   1.5000000e+00   1.4991525e+00
   5.3400000e+02   1.4993098e+00   1.4988078e+00   1.4999113e+00   1.5002071e+00   1.5009021e+00   1.5005521e+00   1.5005626e+00   1.5000003e+00
   5.3500000e+02   1.4998756e+00   1.4996575e+00   1.4999113e+00   1.4993596e+00   1.5004687e+00   1.5005521e+00   1.5004310e+00   1.5000003e+00
   5.3600000e+02   1.4997454e+00   1.4996575e+00   1.5004739e+00   1.5002055e+00   1.5004687e+00   1.4997045e+00   1.5000000e+00   1.5000003e+00
   5.3700000e+02   1.4993149e+00   1.4996575e+00   1.5003425e+00   1.5002055e+00   1.5010276e+00   1.5005480e+00   1.5000000e+00   1.4991588e+00
   5.3800000e+02   1.4993149e+00   1.4988166e+00   1.4999120e+00   1.5002055e+00   1.5008954e+00   1.5005480e+00   1.5005585e+00   1.5000003e+00
   5.3900000e+02   1.4998765e+00   1.4996600e+00   1.4999120e+00   1.4993644e+00   1.5004652e+00   1.5005480e+00   1.5004278e+00   1.5000003e+00
   5.4000000e+02   1.4997472e+00   1.4996600e+00   1.5004704e+00   1.5002040e+00   1.5004652e+00   1.4997067e+00   1.5000000e+00   1.5000003e+00
   5.4100000e+02   1.4993200e+00   1.4996600e+00   1.5003400e+00   1.5002040e+00   1.5010200e+00   1.5005440e+00   1.5000000e+00   1.4991649e+00
   5.4200000e+02   1.4993200e+00   1.4988253e+00   1.4999126e+00   1.5002040e+00   1.5008888e+00   1.5005440e+00   1.5005544e+00   1.5000003e+00
   5.4300000e+02   1.4998774e+00   1.4996625e+00   1.4999126e+00   1.4993690e+00   1.5004618e+00   1.5005440e+00   1.5004247e+00   1.5000003e+00
   5.4400000e+02   1.4997491e+00   1.4996625e+00   1.5004669e+00   1.5002025e+00   1.5004618e+00   1.4997089e+00   1.5000000e+00   1.5000003e+00
   5.4500000e+02   1.4993250e+00   1.4996625e+00   1.5003375e+00   1.5002025e+00   1.5010126e+00   1.5005400e+00   1.5000000e+00   1.4991710e+00
   5.4600000e+02   1.4993250e+00   1.4988339e+00   1.4999133e+00   1.5002025e+00   1.5008824e+00   1.5005400e+00   1.5005503e+00   1.5000003e+00
   5.4700000e+02   1.4998783e+00   1.4996649e+00   1.4999133e+00   1.4993736e+00   1.5004585e+00   1.5005400e+00   1.5004216e+00   1.5000003e+00
   5.4800000e+02   1.4997509e+00   1.4996649e+00   1.5004635e+00   1.5002010e+00   1.5004585e+00   1.4997110e+00   1.5000000e+00   1.5000003e+00
   5.4900000e+02   1.4993298e+00   1.4996649e+00   1.5003351e+00   1.5002010e+00   1.5010052e+00   1.5005361e+00   1.5000000e+00   1.4991771e+00
   5.5000000e+02   1.4993298e+00   1.4988423e+00   1.4999139e+00   1.5002010e+00   1.5008760e+00   1.5005361e+00   1.5005464e+00   1.5000003e+00
   5.5100000e+02   1.4998792e+00   1.4996673e+00   1.4999139e+00   1.4993782e+00   1.5004552e+00   1.5005361e+00   1.5004186e+00   1.5000003e+00
   5.5200000e+02   1.4997527e+00   1.4996673e+00   1.5004602e+00   1.5001996e+00   1.5004552e+00   1.4997131e+00   1.5000000e+00   1.5000003e+00
   5.5300000e+02   1.4993347e+00   1.4996673e+00   1.5003327e+00   1.5001996e+00   1.5009980e+00   1.5005323e+00   1.5000000e+00   1.4991830e+00
   5.5400000e+02   1.4993347e+00   1.4988507e+00   1.4999145e+00   1.5001996e+00   1.5008697e+00   1.5005323e+00   1.5005425e+00   1.5000003e+00
   5.5500000e+02   1.4998801e+00   1.4996697e+00   1.4999145e+00   1.4993826e+00   1.5004519e+00   1.5005323e+00   1.5004156e+00   1.5000003e+00
   5.5600000e+02   1.4997545e+00   1.4996697e+00   1.5004569e+00   1.5001982e+00   1.5004519e+00   1.4997151e+00   1.5000000e+00   1.5000003e+00
   5.5700000e+02   1.4993394e+00   1.4996697e+00   1.5003303e+00   1.5001982e+00   1.5009909e+00   1.5005285e+00   1.5000000e+00   1.4991888e+00
   5.5800000e+02   1.4993394e+00   1.4988589e+00   1.4999151e+00   1.5001982e+00   1.5008635e+00   1.5005285e+00   1.5005386e+00   1.5000003e+00
   5.5900000e+02   1.4998809e+00   1.4996721e+00   1.4999151e+00   1.4993871e+00   1.5004487e+00   1.5005285e+00   1.5004126e+00   1.5000003e+00
   5.6000000e+02   1.4997562e+00   1.4996721e+00   1.5004536e+00   1.5001968e+00   1.5004487e+00   1.4997172e+00   1.5000000e+00   1.5000003e+00
   5.6100000e+02   1.4993441e+00   1.4996721e+00   1.5003279e+00   1.5001968e+00   1.5009838e+00   1.5005247e+00   1.5000000e+00   1.4991946e+00
   5.6200000e+02   1.4993441e+00   1.4988670e+00   1.4999157e+00   1.5001968e+00   1.5008574e+00   1.5005247e+00   1.5005348e+00   1.5000003e+00
   5.6300000e+02   1.4998818e+00   1.4996744e+00   1.4999157e+00   1.4993914e+00   1.5004455e+00   1.5005247e+00   1.5004097e+00   1.5000003e+00
   5.6400000e+02   1.4997579e+00   1.4996744e+00   1.5004504e+00   1.5001954e+00   1.5004455e+00   1.4997192e+00   1.5000000e+00   1.5000003e+00
   5.6500000e+02   1.4993487e+00   1.4996744e+00   1.5003256e+00   1.5001954e+00   1.5009769e+00   1.5005210e+00   1.5000000e+00   1.4992002e+00
   5.6600000e+02   1.4993487e+00   1.4988750e+00   1.4999163e+00   1.5001954e+00   1.5008513e+00   1.5005210e+00   1.5005310e+00   1.5000003e+00
   5.6700000e+02   1.4998826e+00   1.4996766e+00   1.4999163e+00   1.4993957e+00   1.5004424e+00   1.5005210e+00   1.5004069e+00   1.5000003e+00
   5.6800000e+02   1.4997596e+00   1.4996766e+00   1.5004473e+00   1.5001940e+00   1.5004424e+00   1.4997212e+00   1.5000000e+00   1.5000003e+00
   5.6900000e+02   1.4993533e+00   1.4996766e+00   1.5003234e+00   1.5001940e+00   1.5009701e+00   1.5005174e+00   1.5000000e+00   1.4992058e+00
   5.7000000e+02   1.4993533e+00   1.4988828e+00   1.4999169e+00   1.5001940e+00   1.5008454e+00   1.5005174e+00   1.5005273e+00   1.5000003e+00
   5.7100000e+02   1.4998834e+00   1.4996789e+00   1.4999169e+00   1.4993999e+00   1.5004393e+00   1.5005174e+00   1.5004040e+00   1.5000003e+00
   5.7200000e+02   1.4997613e+00   1.4996789e+00   1.5004442e+00   1.5001927e+00   1.5004393e+00   1.4997231e+00   1.5000000e+00   1.5000003e+00
   5.7300000e+02   1.4993578e+00   1.4996789e+00   1.5003211e+00   1.5001927e+00   1.5009633e+00   1.5005138e+00   1.5000000e+00   1.4992114e+00
   5.7400000e+02   1.4993578e+00   1.4988906e+00   1.4999175e+00   1.5001927e+00   1.5008395e+00   1.5005138e+00   1.5005237e+00   1.5000002e+00
   5.7500000e+02   1.4998842e+00   1.4996811e+00   1.4999175e+00   1.4994041e+00   1.5004362e+00   1.5005138e+00   1.5004012e+00   1.5000002e+00
   5.7600000e+02   1.4997629e+00   1.4996811e+00   1.5004411e+00   1.5001913e+00   1.5004362e+00   1.4997250e+00   1.5000000e+00   1.5000002e+00
   5.7700000e+02   1.4993622e+00   1.4996811e+00   1.5003189e+00   1.5001913e+00   1.5009567e+00   1.5005102e+00   1.5000000e+00   1.4992168e+00
   5.7800000e+02   1.4993622e+00   1.4988982e+00   1.4999180e+00   1.5001913e+00   1.5008338e+00   1.5005102e+00   1.5005201e+00   1.5000002e+00
   5.7900000e+02   1.4998850e+00   1.4996833e+00   1.4999180e+00   1.4994082e+00   1.5004332e+00   1.5005102e+00   1.5003985e+00   1.5000002e+00
   5.8000000e+02   1.4997646e+00   1.4996833e+00   1.5004381e+00   1.5001900e+00   1.5004332e+00   1.4997269e+00   1.5000000e+00   1.5000002e+00
   5.8100000e+02   1.4993666e+00   1.4996833e+00   1.5003167e+00   1.5001900e+00   1.5009501e+00   1.5005067e+00   1.5000000e+00   1.4992222e+00
   5.8200000e+02   1.4993666e+00   1.4989058e+00   1.4999186e+00   1.5001900e+00   1.5008280e+00   1.5005067e+00   1.5005165e+00   1.5000002e+00
   5.8300000e+02   1.4998858e+00   1.4996854e+00   1.4999186e+00   1.4994122e+00   1.5004303e+00   1.5005067e+00   1.5003958e+00   1.5000002e+00
   5.8400000e+02   1.4997662e+00   1.4996854e+00   1.5004351e+00   1.5001887e+00   1.5004303e+00   1.4997288e+00   1.5000000e+00   1.5000002e+00
   5.8500000e+02   1.4993709e+00   1.4996854e+00   1.5003146e+00   1.5001887e+00   1.5009437e+00   1.5005033e+00   1.5000000e+00   1.4992275e+00
   5.8600000e+02   1.4993709e+00   1.4989132e+00   1.4999192e+00   1.5001887e+00   1.5008224e+00   1.5005033e+00   1.5005130e+00   1.5000002e+00
   5.8700000e+02   1.4998866e+00   1.4996876e+00   1.4999192e+00   1.4994162e+00   1.5004273e+00   1.5005033e+00   1.5003931e+00   1.5000002e+00
   5.8800000e+02   1.4997677e+00   1.4996876e+00   1.5004321e+00   1.5001875e+00   1.5004273e+00   1.4997306e+00   1.5000000e+00   1.5000002e+00
   5.8900000e+02   1.4993751e+00   1.4996876e+00   1.5003124e+00   1.5001875e+00   1.5009373e+00   1.5004999e+00   1.5000000e+00   1.4992327e+00
   5.9000000e+02   1.4993751e+00   1.4989206e+00   1.4999197e+00   1.5001875e+00   1.5008169e+00   1.5004999e+00   1.5005096e+00   1.5000002e+00
   5.9100000e+02   1.4998873e+00   1.4996897e+00   1.4999197e+00   1.4994202e+00   1.5004245e+00   1.5004999e+00   1.5003904e+00   1.5000002e+00
   5.9200000e+02   1.4997693e+00   1.4996897e+00   1.5004292e+00   1.5001862e+00   1.5004245e+00   1.4997325e+00   1.5000000e+00   1.5000002e+00
   5.9300000e+02   1.4993793e+00   1.4996897e+00   1.5003103e+00   1.5001862e+00   1.5009310e+00   1.5004965e+00   1.5000000e+00   1.4992378e+00
   5.9400000e+02   1.4993793e+00   1.4989278e+00   1.4999202e+00   1.5001862e+00   1.5008114e+00   1.5004965e+00   1.5005062e+00   1.5000002e+00
   5.9500000e+02   1.4998881e+00   1.4996917e+00   1.4999202e+00   1.4994241e+00   1.5004216e+00   1.5004965e+00   1.5003878e+00   1.5000002e+00
   5.9600000e+02   1.4997708e+00   1.4996917e+00   1.5004264e+00   1.5001850e+00   1.5004216e+00   1.4997343e+00   1.5000000e+00   1.5000002e+00
   5.9700000e+02   1.4993835e+00   1.4996917e+00   1.5003083e+00   1.5001850e+00   1.5009248e+00   1.5004932e+00   1.5000000e+00   1.4992429e+00
   5.9800000e+02   1.4993835e+00   1.4989350e+00   1.4999208e+00   1.5001850e+00   1.5008060e+00   1.5004932e+00   1.5005028e+00   1.5000002e+00
   5.9900000e+02   1.4998888e+00   1.4996938e+00   1.4999208e+00   1.4994279e+00   1.5004188e+00   1.5004932e+00   1.5003853e+00   1.5000002e+00
   6.0000000e+02   1.4997724e+00   1.4996938e+00   1.5004235e+00   1.5001837e+00   1.5004188e+00   1.4997360e+00   1.5000000e+00   1.5000002e+00
   6.0100000e+02   1.4993876e+00   1.4996938e+00   1.5003062e+00   1.5001837e+00   1.5009186e+00   1.5004899e+00   1.5000000e+00   1.4992479e+00
   6.0200000e+02   1.4993876e+00   1.4989420e+00   1.4999213e+00   1.5001837e+00   1.5008007e+00   1.5004899e+00   1.5004995e+00   1.5000002e+00
   6.0300000e+02   1.4998896e+00   1.4996958e+00   1.4999213e+00   1.4994317e+00   1.5004161e+00   1.5004899e+00   1.5003827e+00   1.5000002e+00
   6.0400000e+02   1.4997739e+00   1.4996958e+00   1.5004207e+00   1.5001825e+00   1.5004161e+00   1.4997378e+00   1.5000000e+00   1.5000002e+00
   6.0500000e+02   1.4993916e+00   1.4996958e+00   1.5003042e+00   1.5001825e+00   1.5009126e+00   1.5004867e+00   1.5000000e+00   1.4992529e+00
   6.0600000e+02   1.4993916e+00   1.4989490e+00   1.4999218e+00   1.5001825e+00   1.5007954e+00   1.5004867e+00   1.5004962e+00   1.5000002e+00
   6.0700000e+02   1.4998903e+00   1.4996978e+00   1.4999218e+00   1.4994354e+00   1.5004133e+00   1.5004867e+00   1.5003802e+00   1.5000002e+00
   6.0800000e+02   1.4997753e+00   1.4996978e+00   1.5004180e+00   1.5001813e+00   1.5004133e+00   1.4997395e+00   1.5000000e+00   1.5000002e+00
   6.0900000e+02   1.4993956e+00   1.4996978e+00   1.5003022e+00   1.5001813e+00   1.5009066e+00   1.5004835e+00   1.5000000e+00   1.4992578e+00
   6.1000000e+02   1.4993956e+00   1.4989558e+00   1.4999223e+00   1.5001813e+00   1.5007902e+00   1.5004835e+00   1.5004930e+00   1.5000002e+00
   6.1100000e+02   1.4998910e+00   1.4996998e+00   1.4999223e+00   1.4994391e+00   1.5004106e+00   1.5004835e+00   1.5003778e+00   1.5000002e+00
   6.1200000e+02   1.4997768e+00   1.4996998e+00   1.5004153e+00   1.5001801e+00   1.5004106e+00   1.4997412e+00   1.5000000e+00   1.5000002e+00
   6.1300000e+02   1.4993995e+00   1.4996998e+00   1.5003002e+00   1.5001801e+00   1.5009007e+00   1.5004804e+00   1.5000000e+00   1.4992626e+00
   6.1400000e+02   1.4993995e+00   1.4989626e+00   1.4999228e+00   1.5001801e+00   1.5007851e+00   1.5004804e+00   1.5004898e+00   1.5000002e+00
   6.1500000e+02   1.4998917e+00   1.4997017e+00   1.4999228e+00   1.4994428e+00   1.5004080e+00   1.5004804e+00   1.5003753e+00   1.5000002e+00
   6.1600000e+02   1.4997783e+00   1.4997017e+00   1.5004126e+00   1.5001790e+00   1.5004080e+00   1.4997429e+00   1.5000000e+00   1.5000002e+00
   6.1700000e+02   1.4994034e+00   1.4997017e+00   1.5002983e+00   1.5001790e+00   1.5008949e+00   1.5004773e+00   1.5000000e+00   1.4992674e+00
   6.1800000e+02   1.4994034e+00   1.4989693e+00   1.4999233e+00   1.5001790e+00   1.5007800e+00   1.5004773e+00   1.5004867e+00   1.5000002e+00
   6.1900000e+02   1.4998924e+00   1.4997036e+00   1.4999233e+00   1.4994464e+00   1.5004053e+00   1.5004773e+00   1.5003729e+00   1.5000002e+00
   6.2000000e+02   1.4997797e+00   1.4997036e+00   1.5004099e+00   1.5001778e+00   1.5004053e+00   1.4997445e+00   1.5000000e+00   1.5000002e+00
   6.2100000e+02   1.4994072e+00   1.4997036e+00   1.5002964e+00   1.5001778e+00   1.5008892e+00   1.5004742e+00   1.5000000e+00   1.4992721e+00
   6.2200000e+02   1.4994072e+00   1.4989759e+00   1.4999238e+00   1.5001778e+00   1.5007750e+00   1.5004742e+00   1.5004835e+00   1.5000002e+00
   6.2300000e+02   1.4998931e+00   1.4997055e+00   1.4999238e+00   1.4994499e+00   1.5004027e+00   1.5004742e+00   1.5003705e+00   1.5000002e+00
   6.2400000e+02   1.4997811e+00   1.4997055e+00   1.5004073e+00   1.5001767e+00   1.5004027e+00   1.4997462e+00   1.5000000e+00   1.5000002e+00
   6.2500000e+02   1.4994110e+00   1.4997055e+00   1.5002945e+00   1.5001767e+00   1.5008835e+00   1.5004712e+00   1.5000000e+00   1.4992767e+00
   6.2600000e+02   1.4994110e+00   1.4989824e+00   1.4999243e+00   1.5001767e+00   1.5007701e+00   1.5004712e+00   1.5004805e+00   1.5000002e+00
   6.2700000e+02   1.4998938e+00   1.4997074e+00   1.4999243e+00   1.4994534e+00   1.5004002e+00   1.5004712e+00   1.5003682e+00   1.5000002e+00
   6.2800000e+02   1.4997825e+00   1.4997074e+00   1.5004047e+00   1.5001756e+00   1.5004002e+00   1.4997478e+00   1.5000000e+00   1.5000002e+00
   6.2900000e+02   1.4994147e+00   1.4997074e+00   1.5002926e+00   1.5001756e+00   1.5008779e+00   1.5004682e+00   1.5000000e+00   1.4992813e+00
   6.3000000e+02   1.4994147e+00   1.4989889e+00   1.4999248e+00   1.5001756e+00   1.5007652e+00   1.5004682e+00   1.5004774e+00   1.5000002e+00
   6.3100000e+02   1.4998944e+00   1.4997092e+00   1.4999248e+00   1.4994569e+00   1.5003977e+00   1.5004682e+00   1.5003659e+00   1.5000002e+00
   6.3200000e+02   1.4997838e+00   1.4997092e+00   1.5004022e+00   1.5001745e+00   1.5003977e+00   1.4997494e+00   1.5000000e+00   1.5000002e+00
   6.3300000e+02   1.4994184e+00   1.4997092e+00   1.5002908e+00   1.5001745e+00   1.5008724e+00   1.5004653e+00   1.5000000e+00   1.4992858e+00
   6.3400000e+02   1.4994184e+00   1.4989952e+00   1.4999253e+00   1.5001745e+00   1.5007604e+00   1.5004653e+00   1.5004744e+00   1.5000002e+00
   6.3500000e+02   1.4998951e+00   1.4997110e+00   1.4999253e+00   1.4994603e+00   1.5003952e+00   1.5004653e+00   1.5003636e+00   1.5000002e+00
   6.3600000e+02   1.4997852e+00   1.4997110e+00   1.5003997e+00   1.5001734e+00   1.5003952e+00   1.4997510e+00   1.5000000e+00   1.5000002e+00
   6.3700000e+02   1.4994220e+00   1.4997110e+00   1.5002890e+00   1.5001734e+00   1.5008669e+00   1.5004624e+00   1.5000000e+00   1.4992903e+00
   6.3800000e+02   1.4994220e+00   1.4990015e+00   1.4999257e+00   1.5001734e+00   1.5007557e+00   1.5004624e+00   1.5004715e+00   1.5000002e+00
   6.3900000e+02   1.4998957e+00   1.4997128e+00   1.4999257e+00   1.4994637e+00   1.5003927e+00   1.5004624e+00   1.5003613e+00   1.5000002e+00
   6.4000000e+02   1.4997865e+00   1.4997128e+00   1.5003972e+00   1.5001723e+00   1.5003927e+00   1.4997525e+00   1.5000000e+00   1.5000002e+00
   6.4100000e+02   1.4994256e+00   1.4997128e+00   1.5002872e+00   1.5001723e+00   1.5008616e+00   1.5004595e+00   1.5000000e+00   1.4992947e+00
   6.4200000e+02   1.4994256e+00   1.4990077e+00   1.4999262e+00   1.5001723e+00   1.5007510e+00   1.5004595e+00   1.5004686e+00   1.5000002e+00
   6.4300000e+02   1.4998964e+00   1.4997146e+00   1.4999262e+00   1.4994670e+00   1.5003903e+00   1.5004595e+00   1.5003591e+00   1.5000002e+00
   6.4400000e+02   1.4997878e+00   1.4997146e+00   1.5003947e+00   1.5001712e+00   1.5003903e+00   1.4997541e+00   1.5000000e+00   1.5000002e+00
   6.4500000e+02   1.4994292e+00   1.4997146e+00   1.5002854e+00   1.5001712e+00   1.5008562e+00   1.5004567e+00   1.5000000e+00   1.4992990e+00
   6.4600000e+02   1.4994292e+00   1.4990139e+00   1.4999266e+00   1.5001712e+00   1.5007464e+00   1.5004567e+00   1.5004657e+00   1.5000002e+00
   6.4700000e+02   1.4998970e+00   1.4997163e+00   1.4999266e+00   1.4994703e+00   1.5003879e+00   1.5004567e+00   1.5003569e+00   1.5000002e+00
   6.4800000e+02   1.4997891e+00   1.4997163e+00   1.5003923e+00   1.5001702e+00   1.5003879e+00   1.4997556e+00   1.5000000e+00   1.5000002e+00
   6.4900000e+02   1.4994327e+00   1.4997163e+00   1.5002837e+00   1.5001702e+00   1.5008510e+00   1.5004539e+00   1.5000000e+00   1.4993033e+00
   6.5000000e+02   1.4994327e+00   1.4990199e+00   1.4999271e+00   1.5001702e+00   1.5007418e+00   1.5004539e+00   1.5004628e+00   1.5000002e+00
   6.5100000e+02   1.4998977e+00   1.4997181e+00   1.4999271e+00   1.4994735e+00   1.5003855e+00   1.5004539e+00   1.5003547e+00   1.5000002e+00
   6.5200000e+02   1.4997904e+00   1.4997181e+00   1.5003899e+00   1.5001692e+00   1.5003855e+00   1.4997571e+00   1.5000000e+00   1.5000002e+00
   6.5300000e+02   1.4994361e+00   1.4997181e+00   1.5002819e+00   1.5001692e+00   1.5008458e+00   1.5004511e+00   1.5000000e+00   1.4993076e+00
   6.5400000e+02   1.4994361e+00   1.4990259e+00   1.4999275e+00   1.5001692e+00   1.5007373e+00   1.5004511e+00   1.5004600e+00   1.5000002e+00
   6.5500000e+02   1.4998983e+00   1.4997198e+00   1.4999275e+00   1.4994768e+00   1.5003831e+00   1.5004511e+00   1.5003525e+00   1.5000002e+00
   6.5600000e+02   1.4997917e+00   1.4997198e+00   1.5003875e+00   1.5001681e+00   1.5003831e+00   1.4997586e+00   1.5000000e+00   1.5000002e+00
   6.5700000e+02   1.4994396e+00   1.4997198e+00   1.5002802e+00   1.5001681e+00   1.5008407e+00   1.5004484e+00   1.5000000e+00   1.4993118e+00
   6.5800000e+02   1.4994396e+00   1.4990318e+00   1.4999280e+00   1.5001681e+00   1.5007328e+00   1.5004484e+00   1.5004573e+00   1.5000002e+00
   6.5900000e+02   1.4998989e+00   1.4997215e+00   1.4999280e+00   1.4994799e+00   1.5003808e+00   1.5004484e+00   1.5003504e+00   1.5000002e+00
   6.6000000e+02   1.4997930e+00   1.4997215e+00   1.5003852e+00   1.5001671e+00   1.5003808e+00   1.4997600e+00   1.5000000e+00   1.5000002e+00
   6.6100000e+02   1.4994429e+00   1.4997215e+00   1.5002785e+00   1.5001671e+00   1.5008356e+00   1.5004457e+00   1.5000000e+00   1.4993159e+00
   6.6200000e+02   1.4994429e+00   1.4990376e+00   1.4999284e+00   1.5001671e+00   1.5007284e+00   1.5004457e+00   1.5004545e+00   1.5000002e+00
   6.6300000e+02   1.4998995e+00   1.4997231e+00   1.4999284e+00   1.4994831e+00   1.5003785e+00   1.5004457e+00   1.5003483e+00   1.5000002e+00
   6.6400000e+02   1.4997942e+00   1.4997231e+00   1.5003829e+00   1.5001661e+00   1.5003785e+00   1.4997615e+00   1.5000000e+00   1.5000002e+00
   6.6500000e+02   1.4994463e+00   1.4997231e+00   1.5002769e+00   1.5001661e+00   1.5008306e+00   1.5004430e+00   1.5000000e+00   1.4993200e+00
   6.6600000e+02   1.4994463e+00   1.4990434e+00   1.4999288e+00   1.5001661e+00   1.5007240e+00   1.5004430e+00   1.5004518e+00   1.5000002e+00
   6.6700000e+02   1.4999001e+00   1.4997248e+00   1.4999288e+00   1.4994862e+00   1.5003763e+00   1.5004430e+00   1.5003462e+00   1.5000002e+00
   6.6800000e+02   1.4997954e+00   1.4997248e+00   1.5003806e+00   1.5001651e+00   1.5003763e+00   1.4997629e+00   1.5000000e+00   1.5000002e+00
   6.6900000e+02   1.4994496e+00   1.4997248e+00   1.5002752e+00   1.5001651e+00   1.5008256e+00   1.5004403e+00   1.5000000e+00   1.4993241e+00
   6.7000000e+02   1.4994496e+00   1.4990491e+00   1.4999293e+00   1.5001651e+00   1.5007197e+00   1.5004403e+00   1.5004491e+00   1.5000002e+00
   6.7100000e+02   1.4999007e+00   1.4997264e+00   1.4999293e+00   1.4994892e+00   1.5003740e+00   1.5004403e+00   1.5003442e+00   1.5000002e+00
   6.7200000e+02   1.4997966e+00   1.4997264e+00   1.5003783e+00   1.5001642e+00   1.5003740e+00   1.4997643e+00   1.5000000e+00   1.5000002e+00
   6.7300000e+02   1.4994528e+00   1.4997264e+00   1.5002736e+00   1.5001642e+00   1.5008208e+00   1.5004377e+00   1.5000000e+00   1.4993281e+00
   6.7400000e+02   1.4994528e+00   1.4990547e+00   1.4999297e+00   1.5001642e+00   1.5007155e+00   1.5004377e+00   1.5004465e+00   1.5000002e+00
   6.7500000e+02   1.4999013e+00   1.4997280e+00   1.4999297e+00   1.4994922e+00   1.5003718e+00   1.5004377e+00   1.5003422e+00   1.5000002e+00
   6.7600000e+02   1.4997978e+00   1.4997280e+00   1.5003761e+00   1.5001632e+00   1.5003718e+00   1.4997657e+00   1.5000000e+00   1.5000002e+00
   6.7700000e+02   1.4994560e+00   1.4997280e+00   1.5002720e+00   1.5001632e+00   1.5008159e+00   1.5004352e+00   1.5000000e+00   1.4993320e+00
   6.7800000e+02   1.4994560e+00   1.4990603e+00   1.4999301e+00   1.5001632e+00   1.5007113e+00   1.5004352e+00   1.5004438e+00   1.5000002e+00
   6.7900000e+02   1.4999019e+00   1.4997296e+00   1.4999301e+00   1.4994952e+00   1.5003696e+00   1.5004352e+00   1.5003402e+00   1.5000002e+00
   6.8000000e+02   1.4997990e+00   1.4997296e+00   1.5003739e+00   1.5001622e+00   1.5003696e+00   1.4997671e+00   1.5000000e+00   1.5000002e+00
   6.8100000e+02   1.4994592e+00   1.4997296e+00   1.5002704e+00   1.5001622e+00   1.5008112e+00   1.5004326e+00   1.5000000e+00   1.4993359e+00
   6.8200000e+02   1.4994592e+00   1.4990658e+00   1.4999305e+00   1.5001622e+00   1.5007071e+00   1.5004326e+00   1.5004413e+00   1.5000002e+00
   6.8300000e+02   1.4999024e+00   1.4997312e+00   1.4999305e+00   1.4994982e+00   1.5003675e+00   1.5004326e+00   1.5003382e+00   1.5000002e+00
   6.8400000e+02   1.4998002e+00   1.4997312e+00   1.5003717e+00   1.5001613e+00   1.5003675e+00   1.4997684e+00   1.5000000e+00   1.5000002e+00
   6.8500000e+02   1.4994624e+00   1.4997312e+00   1.5002688e+00   1.5001613e+00   1.5008064e+00   1.5004301e+00   1.5000000e+00   1.4993398e+00
   6.8600000e+02   1.4994624e+00   1.4990712e+00   1.4999309e+00   1.5001613e+00   1.5007030e+00   1.5004301e+00   1.5004387e+00   1.5000002e+00
   6.8700000e+02   1.4999030e+00   1.4997327e+00   1.4999309e+00   1.4995011e+00   1.5003653e+00   1.5004301e+00   1.5003362e+00   1.5000002e+00
   6.8800000e+02   1.4998013e+00   1.4997327e+00   1.5003696e+00   1.5001604e+00   1.5003653e+00   1.4997698e+00   1.5000000e+00   1.5000002e+00
   6.8900000e+02   1.4994655e+00   1.4997327e+00   1.5002673e+00   1.5001604e+00   1.5008018e+00   1.5004276e+00   1.5000000e+00   1.4993436e+00
   6.9000000e+02   1.4994655e+00   1.4990766e+00   1.4999313e+00   1.5001604e+00   1.5006990e+00   1.5004276e+00   1.5004362e+00   1.5000002e+00
   6.9100000e+02   1.4999036e+00   1.4997343e+00   1.4999313e+00   1.4995040e+00   1.5003632e+00   1.5004276e+00   1.5003343e+00   1.5000002e+00
   6.9200000e+02   1.4998025e+00   1.4997343e+00   1.5003674e+00   1.5001594e+00   1.5003632e+00   1.4997711e+00   1.5000000e+00   1.5000002e+00
   6.9300000e+02   1.4994686e+00   1.4997343e+00   1.5002657e+00   1.5001594e+00   1.5007972e+00   1.5004252e+00   1.5000000e+00   1.4993474e+00
   6.9400000e+02   1.4994686e+00   1.4990819e+00   1.4999317e+00   1.5001594e+00   1.5006949e+00   1.5004252e+00   1.5004337e+00   1.5000002e+00
   6.9500000e+02   1.4999041e+00   1.4997358e+00   1.4999317e+00   1.4995068e+00   1.5003612e+00   1.5004252e+00   1.5003324e+00   1.5000002e+00
   6.9600000e+02   1.4998036e+00   1.4997358e+00   1.5003653e+00   1.5001585e+00   1.5003612e+00   1.4997724e+00   1.5000000e+00   1.5000002e+00
   6.9700000e+02   1.4994716e+00   1.4997358e+00   1.5002642e+00   1.5001585e+00   1.5007926e+00   1.5004227e+00   1.5000000e+00   1.4993511e+00
   6.9800000e+02   1.4994716e+00   1.4990871e+00   1.4999321e+00   1.5001585e+00   1.5006910e+00   1.5004227e+00   1.5004312e+00   1.5000002e+00
   6.9900000e+02   1.4999047e+00   1.4997373e+00   1.4999321e+00   1.4995096e+00   1.5003591e+00   1.5004227e+00   1.5003305e+00   1.5000002e+00
   7.0000000e+02   1.4998047e+00   1.4997373e+00   1.5003632e+00   1.5001576e+00   1.5003591e+00   1.4997737e+00   1.5000000e+00   1.5000002e+00
   7.0100000e+02   1.4994746e+00   1.4997373e+00   1.5002627e+00   1.5001576e+00   1.5007881e+00   1.5004203e+00   1.5000000e+00   1.4993548e+00
   7.0200000e+02   1.4994746e+00   1.4990923e+00   1.4999325e+00   1.5001576e+00   1.5006871e+00   1.5004203e+00   1.5004288e+00   1.5000002e+00
   7.0300000e+02   1.4999052e+00   1.4997388e+00   1.4999325e+00   1.4995124e+00   1.5003571e+00   1.5004203e+00   1.5003286e+00   1.5000002e+00
   7.0400000e+02   1.4998058e+00   1.4997388e+00   1.5003612e+00   1.5001567e+00   1.5003571e+00   1.4997750e+00   1.5000000e+00   1.5000002e+00
   7.0500000e+02   1.4994776e+00   1.4997388e+00   1.5002612e+00   1.5001567e+00   1.5007836e+00   1.5004179e+00   1.5000000e+00   1.4993585e+00
   7.0600000e+02   1.4994776e+00   1.4990974e+00   1.4999329e+00   1.5001567e+00   1.5006832e+00   1.5004179e+00   1.5004263e+00   1.5000002e+00
   7.0700000e+02   1.4999057e+00   1.4997403e+00   1.4999329e+00   1.4995152e+00   1.5003550e+00   1.5004179e+00   1.5003268e+00   1.5000002e+00
   7.0800000e+02   1.4998069e+00   1.4997403e+00   1.5003592e+00   1.5001558e+00   1.5003550e+00   1.4997763e+00   1.5000000e+00   1.5000002e+00
   7.0900000e+02   1.4994805e+00   1.4997403e+00   1.5002597e+00   1.5001558e+00   1.5007792e+00   1.5004156e+00   1.5000000e+00   1.4993621e+00
   7.1000000e+02   1.4994805e+00   1.4991025e+00   1.4999332e+00   1.5001558e+00   1.5006793e+00   1.5004156e+00   1.5004240e+00   1.5000002e+00
   7.1100000e+02   1.4999063e+00   1.4997417e+00   1.4999332e+00   1.4995179e+00   1.5003531e+00   1.5004156e+00   1.5003249e+00   1.5000002e+00
   7.1200000e+02   1.4998080e+00   1.4997417e+00   1.5003571e+00   1.5001550e+00   1.5003531e+00   1.4997775e+00   1.5000000e+00   1.5000002e+00
   7.1300000e+02   1.4994834e+00   1.4997417e+00   1.5002583e+00   1.5001550e+00   1.5007749e+00   1.5004133e+00   1.5000000e+00   1.4993656e+00
   7.1400000e+02   1.4994834e+00   1.4991075e+00   1.4999336e+00   1.5001550e+00   1.5006756e+00   1.5004133e+00   1.5004216e+00   1.5000002e+00
   7.1500000e+02   1.4999068e+00   1.4997431e+00   1.4999336e+00   1.4995206e+00   1.5003511e+00   1.5004133e+00   1.5003231e+00   1.5000002e+00
   7.1600000e+02   1.4998091e+00   1.4997431e+00   1.5003552e+00   1.5001541e+00   1.5003511e+00   1.4997788e+00   1.5000000e+00   1.5000002e+00
   7.1700000e+02   1.4994863e+00   1.4997431e+00   1.5002569e+00   1.5001541e+00   1.5007706e+00   1.5004110e+00   1.5000000e+00   1.4993692e+00
   7.1800000e+02   1.4994863e+00   1.4991125e+00   1.4999340e+00   1.5001541e+00   1.5006718e+00   1.5004110e+00   1.5004193e+00   1.5000002e+00
   7.1900000e+02   1.4999073e+00   1.4997446e+00   1.4999340e+00   1.4995233e+00   1.5003491e+00   1.5004110e+00   1.5003213e+00   1.5000002e+00
   7.2000000e+02   1.4998101e+00   1.4997446e+00   1.5003532e+00   1.5001533e+00   1.5003491e+00   1.4997800e+00   1.5000000e+00   1.5000002e+00
   7.2100000e+02   1.4994891e+00   1.4997446e+00   1.5002554e+00   1.5001533e+00   1.5007663e+00   1.5004087e+00   1.5000000e+00   1.4993726e+00
   7.2200000e+02   1.4994891e+00   1.4991174e+00   1.4999343e+00   1.5001533e+00   1.5006681e+00   1.5004087e+00   1.5004170e+00   1.5000002e+00
   7.2300000e+02   1.4999078e+00   1.4997460e+00   1.4999343e+00   1.4995259e+00   1.5003472e+00   1.5004087e+00   1.5003196e+00   1.5000002e+00
   7.2400000e+02   1.4998112e+00   1.4997460e+00   1.5003513e+00   1.5001524e+00   1.5003472e+00   1.4997812e+00   1.5000000e+00   1.5000002e+00
   7.2500000e+02   1.4994919e+00   1.4997460e+00   1.5002540e+00   1.5001524e+00   1.5007621e+00   1.5004065e+00   1.5000000e+00   1.4993761e+00
   7.2600000e+02   1.4994919e+00   1.4991222e+00   1.4999347e+00   1.5001524e+00   1.5006644e+00   1.5004065e+00   1.5004147e+00   1.5000002e+00
   7.2700000e+02   1.4999083e+00   1.4997474e+00   1.4999347e+00   1.4995285e+00   1.5003453e+00   1.5004065e+00   1.5003178e+00   1.5000002e+00
   7.2800000e+02   1.4998122e+00   1.4997474e+00   1.5003493e+00   1.5001516e+00   1.5003453e+00   1.4997824e+00   1.5000000e+00   1.5000002e+00
   7.2900000e+02   1.4994947e+00   1.4997474e+00   1.5002526e+00   1.5001516e+00   1.5007579e+00   1.5004042e+00   1.5000000e+00   1.4993795e+00
   7.3000000e+02   1.4994947e+00   1.4991270e+00   1.4999351e+00   1.5001516e+00   1.5006608e+00   1.5004042e+00   1.5004124e+00   1.5000002e+00
   7.3100000e+02   1.4999088e+00   1.4997487e+00   1.4999351e+00   1.4995311e+00   1.5003434e+00   1.5004042e+00   1.5003161e+00   1.5000002e+00
   7.3200000e+02   1.4998132e+00   1.4997487e+00   1.5003474e+00   1.5001508e+00   1.5003434e+00   1.4997836e+00   1.5000000e+00   1.5000002e+00
   7.3300000e+02   1.4994975e+00   1.4997487e+00   1.5002513e+00   1.5001508e+00   1.5007538e+00   1.5004020e+00   1.5000000e+00   1.4993829e+00
   7.3400000e+02   1.4994975e+00   1.4991318e+00   1.4999354e+00   1.5001508e+00   1.5006572e+00   1.5004020e+00   1.5004102e+00   1.5000002e+00
   7.3500000e+02   1.4999093e+00   1.4997501e+00   1.4999354e+00   1.4995336e+00   1.5003416e+00   1.5004020e+00   1.5003144e+00   1.5000002e+00
   7.3600000e+02   1.4998142e+00   1.4997501e+00   1.5003455e+00   1.5001499e+00   1.5003416e+00   1.4997848e+00   1.5000000e+00   1.5000002e+00
   7.3700000e+02   1.4995002e+00   1.4997501e+00   1.5002499e+00   1.5001499e+00   1.5007497e+00   1.5003999e+00   1.5000000e+00   1.4993862e+00
   7.3800000e+02   1.4995002e+00   1.4991365e+00   1.4999358e+00   1.5001499e+00   1.5006537e+00   1.5003999e+00   1.5004080e+00   1.5000002e+00
   7.3900000e+02   1.4999098e+00   1.4997514e+00   1.4999358e+00   1.4995362e+00   1.5003397e+00   1.5003999e+00   1.5003127e+00   1.5000002e+00
   7.4000000e+02   1.4998152e+00   1.4997514e+00   1.5003437e+00   1.5001491e+00   1.5003397e+00   1.4997860e+00   1.5000000e+00   1.5000002e+00
   7.4100000e+02   1.4995029e+00   1.4997514e+00   1.5002486e+00   1.5001491e+00   1.5007457e+00   1.5003977e+00   1.5000000e+00   1.4993895e+00
   7.4200000e+02   1.4995029e+00   1.4991411e+00   1.4999361e+00   1.5001491e+00   1.5006502e+00   1.5003977e+00   1.5004058e+00   1.5000002e+00
   7.4300000e+02   1.4999103e+00   1.4997528e+00   1.4999361e+00   1.4995386e+00   1.5003379e+00   1.5003977e+00   1.5003110e+00   1.5000002e+00
   7.4400000e+02   1.4998162e+00   1.4997528e+00   1.5003418e+00   1.5001483e+00   1.5003379e+00   1.4997871e+00   1.5000000e+00   1.5000002e+00
   7.4500000e+02   1.4995055e+00   1.4997528e+00   1.5002472e+00   1.5001483e+00   1.5007417e+00   1.5003956e+00   1.5000000e+00   1.4993928e+00
   7.4600000e+02   1.4995055e+00   1.4991457e+00   1.4999364e+00   1.5001483e+00   1.5006467e+00   1.5003956e+00   1.5004036e+00   1.5000002e+00
   7.4700000e+02   1.4999108e+00   1.4997541e+00   1.4999364e+00   1.4995411e+00   1.5003361e+00   1.5003956e+00   1.5003094e+00   1.5000002e+00
   7.4800000e+02   1.4998172e+00   1.4997541e+00   1.5003400e+00   1.5001476e+00   1.5003361e+00   1.4997883e+00   1.5000000e+00   1.5000002e+00
   7.4900000e+02   1.4995081e+00   1.4997541e+00   1.5002459e+00   1.5001476e+00   1.5007378e+00   1.5003935e+00   1.5000000e+00   1.4993960e+00
   7.5000000e+02   1.4995081e+00   1.4991502e+00   1.4999368e+00   1.5001476e+00   1.5006432e+00   1.5003935e+00   1.5004015e+00   1.5000002e+00
   7.5100000e+02   1.4999112e+00   1.4997554e+00   1.4999368e+00   1.4995436e+00   1.5003343e+00   1.5003935e+00   1.5003077e+00   1.5000002e+00
   7.5200000e+02   1.4998182e+00   1.4997554e+00   1.5003382e+00   1.5001468e+00   1.5003343e+00   1.4997894e+00   1.5000000e+00   1.5000002e+00
   7.5300000e+02   1.4995108e+00   1.4997554e+00   1.5002446e+00   1.5001468e+00   1.5007339e+00   1.5003914e+00   1.5000000e+00   1.4993992e+00
   7.5400000e+02   1.4995108e+00   1.4991547e+00   1.4999371e+00   1.5001468e+00   1.5006398e+00   1.5003914e+00   1.5003994e+00   1.5000002e+00
   7.5500000e+02   1.4999117e+00   1.4997567e+00   1.4999371e+00   1.4995460e+00   1.5003325e+00   1.5003914e+00   1.5003061e+00   1.5000002e+00
   7.5600000e+02   1.4998191e+00   1.4997567e+00   1.5003364e+00   1.5001460e+00   1.5003325e+00   1.4997905e+00   1.5000000e+00   1.5000002e+00
   7.5700000e+02   1.4995133e+00   1.4997567e+00   1.5002433e+00   1.5001460e+00   1.5007300e+00   1.5003893e+00   1.5000000e+00   1.4994024e+00
   7.5800000e+02   1.4995133e+00   1.4991592e+00   1.4999375e+00   1.5001460e+00   1.5006365e+00   1.5003893e+00   1.5003973e+00   1.5000002e+00
   7.5900000e+02   1.4999122e+00   1.4997579e+00   1.4999375e+00   1.4995484e+00   1.5003308e+00   1.5003893e+00   1.5003045e+00   1.5000002e+00
   7.6000000e+02   1.4998201e+00   1.4997579e+00   1.5003347e+00   1.5001452e+00   1.5003308e+00   1.4997916e+00   1.5000000e+00   1.5000002e+00
   7.6100000e+02   1.4995159e+00   1.4997579e+00   1.5002421e+00   1.5001452e+00   1.5007262e+00   1.5003873e+00   1.5000000e+00   1.4994055e+00
   7.6200000e+02   1.4995159e+00   1.4991636e+00   1.4999378e+00   1.5001452e+00   1.5006332e+00   1.5003873e+00   1.5003952e+00   1.5000002e+00
   7.6300000e+02   1.4999126e+00   1.4997592e+00   1.4999378e+00   1.4995507e+00   1.5003291e+00   1.5003873e+00   1.5003029e+00   1.5000002e+00
   7.6400000e+02   1.4998210e+00   1.4997592e+00   1.5003329e+00   1.5001445e+00   1.5003291e+00   1.4997927e+00   1.5000000e+00   1.5000002e+00
   7.6500000e+02   1.4995184e+00   1.4997592e+00   1.5002408e+00   1.5001445e+00   1.5007224e+00   1.5003853e+00   1.5000000e+00   1.4994086e+00
   7.6600000e+02   1.4995184e+00   1.4991679e+00   1.4999381e+00   1.5001445e+00   1.5006299e+00   1.5003853e+00   1.5003931e+00   1.5000002e+00
   7.6700000e+02   1.4999131e+00   1.4997604e+00   1.4999381e+00   1.4995531e+00   1.5003273e+00   1.5003853e+00   1.5003013e+00   1.5000002e+00
   7.6800000e+02   1.4998220e+00   1.4997604e+00   1.5003312e+00   1.5001437e+00   1.5003273e+00   1.4997938e+00   1.5000000e+00   1.5000002e+00
   7.6900000e+02   1.4995209e+00   1.4997604e+00   1.5002396e+00   1.5001437e+00   1.5007187e+00   1.5003833e+00   1.5000000e+00   1.4994117e+00
   7.7000000e+02   1.4995209e+00   1.4991722e+00   1.4999384e+00   1.5001437e+00   1.5006266e+00   1.5003833e+00   1.5003911e+00   1.5000002e+00
   7.7100000e+02   1.4999135e+00   1.4997617e+00   1.4999384e+00   1.4995554e+00   1.5003257e+00   1.5003833e+00   1.5002998e+00   1.5000002e+00
   7.7200000e+02   1.4998229e+00   1.4997617e+00   1.5003295e+00   1.5001430e+00   1.5003257e+00   1.4997948e+00   1.5000000e+00   1.5000002e+00
   7.7300000e+02   1.4995234e+00   1.4997617e+00   1.5002383e+00   1.5001430e+00   1.5007149e+00   1.5003813e+00   1.5000000e+00   1.4994147e+00
   7.7400000e+02   1.4995234e+00   1.4991765e+00   1.4999387e+00   1.5001430e+00   1.5006234e+00   1.5003813e+00   1.5003891e+00   1.5000002e+00
   7.7500000e+02   1.4999140e+00   1.4997629e+00   1.4999387e+00   1.4995577e+00   1.5003240e+00   1.5003813e+00   1.5002983e+00   1.5000002e+00
   7.7600000e+02   1.4998238e+00   1.4997629e+00   1.5003278e+00   1.5001423e+00   1.5003240e+00   1.4997959e+00   1.5000000e+00   1.5000002e+00
   7.7700000e+02   1.4995258e+00   1.4997629e+00   1.5002371e+00   1.5001423e+00   1.5007113e+00   1.5003793e+00   1.5000000e+00   1.4994177e+00
   7.7800000e+02   1.4995258e+00   1.4991807e+00   1.4999391e+00   1.5001423e+00   1.5006202e+00   1.5003793e+00   1.5003871e+00   1.5000002e+00
   7.7900000e+02   1.4999144e+00   1.4997641e+00   1.4999391e+00   1.4995599e+00   1.5003223e+00   1.5003793e+00   1.5002967e+00   1.5000002e+00
   7.8000000e+02   1.4998247e+00   1.4997641e+00   1.5003261e+00   1.5001415e+00   1.5003223e+00   1.4997969e+00   1.5000000e+00   1.5000002e+00
   7.8100000e+02   1.4995282e+00   1.4997641e+00   1.5002359e+00   1.5001415e+00   1.5007077e+00   1.5003774e+00   1.5000000e+00   1.4994207e+00
   7.8200000e+02   1.4995282e+00   1.4991849e+00   1.4999394e+00   1.5001415e+00   1.5006170e+00   1.5003774e+00   1.5003851e+00   1.5000002e+00
   7.8300000e+02   1.4999148e+00   1.4997653e+00   1.4999394e+00   1.4995622e+00   1.5003207e+00   1.5003774e+00   1.5002952e+00   1.5000002e+00
   7.8400000e+02   1.4998256e+00   1.4997653e+00   1.5003245e+00   1.5001408e+00   1.5003207e+00   1.4997980e+00   1.5000000e+00   1.5000002e+00
   7.8500000e+02   1.4995306e+00   1.4997653e+00   1.5002347e+00   1.5001408e+00   1.5007041e+00   1.5003755e+00   1.5000000e+00   1.4994236e+00
   7.8600000e+02   1.4995306e+00   1.4991891e+00   1.4999397e+00   1.5001408e+00   1.5006139e+00   1.5003755e+00   1.5003832e+00   1.5000002e+00
   7.8700000e+02   1.4999153e+00   1.4997665e+00   1.4999397e+00   1.4995644e+00   1.5003191e+00   1.5003755e+00   1.5002937e+00   1.5000002e+00
   7.8800000e+02   1.4998265e+00   1.4997665e+00   1.5003228e+00   1.5001401e+00   1.5003191e+00   1.4997990e+00   1.5000000e+00   1.5000002e+00
   7.8900000e+02   1.4995330e+00   1.4997665e+00   1.5002335e+00   1.5001401e+00   1.5007005e+00   1.5003736e+00   1.5000000e+00   1.4994265e+00
   7.9000000e+02   1.4995330e+00   1.4991932e+00   1.4999400e+00   1.5001401e+00   1.5006108e+00   1.5003736e+00   1.5003813e+00   1.5000002e+00
   7.9100000e+02   1.4999157e+00   1.4997677e+00   1.4999400e+00   1.4995666e+00   1.5003174e+00   1.5003736e+00   1.5002923e+00   1.5000002e+00
   7.9200000e+02   1.4998273e+00   1.4997677e+00   1.5003212e+00   1.5001394e+00   1.5003174e+00   1.4998000e+00   1.5000000e+00   1.5000002e+00
   7.9300000e+02   1.4995353e+00   1.4997677e+00   1.5002323e+00   1.5001394e+00   1.5006970e+00   1.5003717e+00   1.5000000e+00   1.4994294e+00
   7.9400000e+02   1.4995353e+00   1.4991972e+00   1.4999403e+00   1.5001394e+00   1.5006077e+00   1.5003717e+00   1.5003793e+00   1.5000002e+00
   7.9500000e+02   1.4999161e+00   1.4997688e+00   1.4999403e+00   1.4995688e+00   1.5003159e+00   1.5003717e+00   1.5002908e+00   1.5000002e+00
   7.9600000e+02   1.4998282e+00   1.4997688e+00   1.5003196e+00   1.5001387e+00   1.5003159e+00   1.4998010e+00   1.5000000e+00   1.5000002e+00
   7.9700000e+02   1.4995377e+00   1.4997688e+00   1.5002312e+00   1.5001387e+00   1.5006935e+00   1.5003699e+00   1.5000000e+00   1.4994323e+00
   7.9800000e+02   1.4995377e+00   1.4992012e+00   1.4999406e+00   1.5001387e+00   1.5006047e+00   1.5003699e+00   1.5003774e+00   1.5000002e+00
   7.9900000e+02   1.4999165e+00   1.4997700e+00   1.4999406e+00   1.4995709e+00   1.5003143e+00   1.5003699e+00   1.5002893e+00   1.5000002e+00
   8.0000000e+02   1.4998290e+00   1.4997700e+00   1.5003180e+00   1.5001380e+00   1.5003143e+00   1.4998020e+00   1.5000000e+00   1.5000002e+00
   8.0100000e+02   1.4995400e+00   1.4997700e+00   1.5002300e+00   1.5001380e+00   1.5006900e+00   1.5003680e+00   1.5000000e+00   1.4994351e+00
   8.0200000e+02   1.4995400e+00   1.4992052e+00   1.4999409e+00   1.5001380e+00   1.5006017e+00   1.5003680e+00   1.5003756e+00   1.5000002e+00
   8.0300000e+02   1.4999170e+00   1.4997711e+00   1.4999409e+00   1.4995731e+00   1.5003127e+00   1.5003680e+00   1.5002879e+00   1.5000002e+00
   8.0400000e+02   1.4998299e+00   1.4997711e+00   1.5003164e+00   1.5001373e+00   1.5003127e+00   1.4998030e+00   1.5000000e+00   1.5000002e+00
   8.0500000e+02   1.4995423e+00   1.4997711e+00   1.5002289e+00   1.5001373e+00   1.5006866e+00   1.5003662e+00   1.5000000e+00   1.4994379e+00
   8.0600000e+02   1.4995423e+00   1.4992091e+00   1.4999412e+00   1.5001373e+00   1.5005987e+00   1.5003662e+00   1.5003737e+00   1.5000002e+00
   8.0700000e+02   1.4999174e+00   1.4997723e+00   1.4999412e+00   1.4995752e+00   1.5003112e+00   1.5003662e+00   1.5002865e+00   1.5000002e+00
   8.0800000e+02   1.4998307e+00   1.4997723e+00   1.5003149e+00   1.5001366e+00   1.5003112e+00   1.4998040e+00   1.5000000e+00   1.5000002e+00
   8.0900000e+02   1.4995445e+00   1.4997723e+00   1.5002277e+00   1.5001366e+00   1.5006832e+00   1.5003644e+00   1.5000000e+00   1.4994407e+00
   8.1000000e+02   1.4995445e+00   1.4992130e+00   1.4999415e+00   1.5001366e+00   1.5005958e+00   1.5003644e+00   1.5003719e+00   1.5000002e+00
   8.1100000e+02   1.4999178e+00   1.4997734e+00   1.4999415e+00   1.4995773e+00   1.5003096e+00   1.5003644e+00   1.5002851e+00   1.5000002e+00
   8.1200000e+02   1.4998316e+00   1.4997734e+00   1.5003133e+00   1.5001360e+00   1.5003096e+00   1.4998049e+00   1.5000000e+00   1.5000002e+00
   8.1300000e+02   1.4995467e+00   1.4997734e+00   1.5002266e+00   1.5001360e+00   1.5006799e+00   1.5003626e+00   1.5000000e+00   1.4994434e+00
   8.1400000e+02   1.4995467e+00   1.4992169e+00   1.4999417e+00   1.5001360e+00   1.5005928e+00   1.5003626e+00   1.5003701e+00   1.5000002e+00
   8.1500000e+02   1.4999182e+00   1.4997745e+00   1.4999417e+00   1.4995794e+00   1.5003081e+00   1.5003626e+00   1.5002837e+00   1.5000002e+00
   8.1600000e+02   1.4998324e+00   1.4997745e+00   1.5003118e+00   1.5001353e+00   1.5003081e+00   1.4998059e+00   1.5000000e+00   1.5000002e+00
   8.1700000e+02   1.4995490e+00   1.4997745e+00   1.5002255e+00   1.5001353e+00   1.5006766e+00   1.5003608e+00   1.5000000e+00   1.4994461e+00
   8.1800000e+02   1.4995490e+00   1.4992207e+00   1.4999420e+00   1.5001353e+00   1.5005900e+00   1.5003608e+00   1.5003683e+00   1.5000002e+00
   8.1900000e+02   1.4999186e+00   1.4997756e+00   1.4999420e+00   1.4995814e+00   1.5003066e+00   1.5003608e+00   1.5002823e+00   1.5000002e+00
   8.2000000e+02   1.4998332e+00   1.4997756e+00   1.5003103e+00   1.5001347e+00   1.5003066e+00   1.4998068e+00   1.5000000e+00   1.5000002e+00
   8.2100000e+02   1.4995511e+00   1.4997756e+00   1.5002244e+00   1.5001347e+00   1.5006733e+00   1.5003591e+00   1.5000000e+00   1.4994488e+00
   8.2200000e+02   1.4995511e+00   1.4992245e+00   1.4999423e+00   1.5001347e+00   1.5005871e+00   1.5003591e+00   1.5003665e+00   1.5000002e+00
   8.2300000e+02   1.4999190e+00   1.4997767e+00   1.4999423e+00   1.4995834e+00   1.5003051e+00   1.5003591e+00   1.5002809e+00   1.5000002e+00
   8.2400000e+02   1.4998340e+00   1.4997767e+00   1.5003088e+00   1.5001340e+00   1.5003051e+00   1.4998078e+00   1.5000000e+00   1.5000002e+00
   8.2500000e+02   1.4995533e+00   1.4997767e+00   1.5002233e+00   1.5001340e+00   1.5006700e+00   1.5003574e+00   1.5000000e+00   1.4994515e+00
   8.2600000e+02   1.4995533e+00   1.4992282e+00   1.4999426e+00   1.5001340e+00   1.5005843e+00   1.5003574e+00   1.5003647e+00   1.5000002e+00
   8.2700000e+02   1.4999194e+00   1.4997777e+00   1.4999426e+00   1.4995855e+00   1.5003037e+00   1.5003574e+00   1.5002796e+00   1.5000002e+00
   8.2800000e+02   1.4998348e+00   1.4997777e+00   1.5003073e+00   1.5001334e+00   1.5003037e+00   1.4998087e+00   1.5000000e+00   1.5000002e+00
   8.2900000e+02   1.4995555e+00   1.4997777e+00   1.5002223e+00   1.5001334e+00   1.5006668e+00   1.5003556e+00   1.5000000e+00   1.4994541e+00
   8.3000000e+02   1.4995555e+00   1.4992319e+00   1.4999429e+00   1.5001334e+00   1.5005815e+00   1.5003556e+00   1.5003630e+00   1.5000002e+00
   8.3100000e+02   1.4999197e+00   1.4997788e+00   1.4999429e+00   1.4995874e+00   1.5003022e+00   1.5003556e+00   1.5002783e+00   1.5000002e+00
   8.3200000e+02   1.4998356e+00   1.4997788e+00   1.5003058e+00   1.5001327e+00   1.5003022e+00   1.4998096e+00   1.5000000e+00   1.5000002e+00
   8.3300000e+02   1.4995576e+00   1.4997788e+00   1.5002212e+00   1.5001327e+00   1.5006636e+00   1.5003539e+00   1.5000000e+00   1.4994567e+00
   8.3400000e+02   1.4995576e+00   1.4992356e+00   1.4999431e+00   1.5001327e+00   1.5005787e+00   1.5003539e+00   1.5003612e+00   1.5000002e+00
   8.3500000e+02   1.4999201e+00   1.4997798e+00   1.4999431e+00   1.4995894e+00   1.5003008e+00   1.5003539e+00   1.5002769e+00   1.5000002e+00
   8.3600000e+02   1.4998364e+00   1.4997798e+00   1.5003043e+00   1.5001321e+00   1.5003008e+00   1.4998105e+00   1.5000000e+00   1.5000002e+00
   8.3700000e+02   1.4995597e+00   1.4997798e+00   1.5002202e+00   1.5001321e+00   1.5006605e+00   1.5003522e+00   1.5000000e+00   1.4994593e+00
   8.3800000e+02   1.4995597e+00   1.4992393e+00   1.4999434e+00   1.5001321e+00   1.5005759e+00   1.5003522e+00   1.5003595e+00   1.5000002e+00
   8.3900000e+02   1.4999205e+00   1.4997809e+00   1.4999434e+00   1.4995914e+00   1.5002993e+00   1.5003522e+00   1.5002756e+00   1.5000002e+00
   8.4000000e+02   1.4998372e+00   1.4997809e+00   1.5003029e+00   1.5001315e+00   1.5002993e+00   1.4998114e+00   1.5000000e+00   1.5000002e+00
   8.4100000e+02   1.4995618e+00   1.4997809e+00   1.5002191e+00   1.5001315e+00   1.5006573e+00   1.5003506e+00   1.5000000e+00   1.4994619e+00
   8.4200000e+02   1.4995618e+00   1.4992429e+00   1.4999437e+00   1.5001315e+00   1.5005732e+00   1.5003506e+00   1.5003578e+00   1.5000002e+00
   8.4300000e+02   1.4999209e+00   1.4997819e+00   1.4999437e+00   1.4995933e+00   1.5002979e+00   1.5003506e+00   1.5002743e+00   1.5000002e+00
   8.4400000e+02   1.4998379e+00   1.4997819e+00   1.5003015e+00   1.5001308e+00   1.5002979e+00   1.4998123e+00   1.5000000e+00   1.5000002e+00
   8.4500000e+02   1.4995639e+00   1.4997819e+00   1.5002181e+00   1.5001308e+00   1.5006542e+00   1.5003489e+00   1.5000000e+00   1.4994644e+00
   8.4600000e+02   1.4995639e+00   1.4992464e+00   1.4999439e+00   1.5001308e+00   1.5005705e+00   1.5003489e+00   1.5003561e+00   1.5000002e+00
   8.4700000e+02   1.4999213e+00   1.4997829e+00   1.4999439e+00   1.4995952e+00   1.5002965e+00   1.5003489e+00   1.5002730e+00   1.5000002e+00
   8.4800000e+02   1.4998387e+00   1.4997829e+00   1.5003000e+00   1.5001302e+00   1.5002965e+00   1.4998132e+00   1.5000000e+00   1.5000002e+00
   8.4900000e+02   1.4995659e+00   1.4997829e+00   1.5002171e+00   1.5001302e+00   1.5006512e+00   1.5003473e+00   1.5000000e+00   1.4994669e+00
   8.5000000e+02   1.4995659e+00   1.4992500e+00   1.4999442e+00   1.5001302e+00   1.5005678e+00   1.5003473e+00   1.5003545e+00   1.5000002e+00
   8.5100000e+02   1.4999216e+00   1.4997840e+00   1.4999442e+00   1.4995971e+00   1.5002951e+00   1.5003473e+00   1.5002717e+00   1.5000002e+00
   8.5200000e+02   1.4998394e+00   1.4997840e+00   1.5002986e+00   1.5001296e+00   1.5002951e+00   1.4998141e+00   1.5000000e+00   1.5000002e+00
   8.5300000e+02   1.4995679e+00   1.4997840e+00   1.5002160e+00   1.5001296e+00   1.5006481e+00   1.5003457e+00   1.5000000e+00   1.4994694e+00
   8.5400000e+02   1.4995679e+00   1.4992535e+00   1.4999445e+00   1.5001296e+00   1.5005652e+00   1.5003457e+00   1.5003528e+00   1.5000002e+00
   8.5500000e+02   1.4999220e+00   1.4997850e+00   1.4999445e+00   1.4995990e+00   1.5002937e+00   1.5003457e+00   1.5002705e+00   1.5000002e+00
   8.5600000e+02   1.4998402e+00   1.4997850e+00   1.5002973e+00   1.5001290e+00   1.5002937e+00   1.4998150e+00   1.5000000e+00   1.5000002e+00
   8.5700000e+02   1.4995699e+00   1.4997850e+00   1.5002150e+00   1.5001290e+00   1.5006451e+00   1.5003440e+00   1.5000000e+00   1.4994719e+00
   8.5800000e+02   1.4995699e+00   1.4992569e+00   1.4999447e+00   1.5001290e+00   1.5005625e+00   1.5003440e+00   1.5003512e+00   1.5000002e+00
   8.5900000e+02   1.4999224e+00   1.4997860e+00   1.4999447e+00   1.4996009e+00   1.5002924e+00   1.5003440e+00   1.5002692e+00   1.5000002e+00
   8.6000000e+02   1.4998409e+00   1.4997860e+00   1.5002959e+00   1.5001284e+00   1.5002924e+00   1.4998158e+00   1.5000000e+00   1.5000002e+00
   8.6100000e+02   1.4995719e+00   1.4997860e+00   1.5002140e+00   1.5001284e+00   1.5006421e+00   1.5003425e+00   1.5000000e+00   1.4994743e+00
   8.6200000e+02   1.4995719e+00   1.4992604e+00   1.4999450e+00   1.5001284e+00   1.5005599e+00   1.5003425e+00   1.5003496e+00   1.5000002e+00
   8.6300000e+02   1.4999227e+00   1.4997870e+00   1.4999450e+00   1.4996027e+00   1.5002910e+00   1.5003425e+00   1.5002680e+00   1.5000002e+00
   8.6400000e+02   1.4998417e+00   1.4997870e+00   1.5002945e+00   1.5001278e+00   1.5002910e+00   1.4998167e+00   1.5000000e+00   1.5000002e+00
   8.6500000e+02   1.4995739e+00   1.4997870e+00   1.5002130e+00   1.5001278e+00   1.5006391e+00   1.5003409e+00   1.5000000e+00   1.4994768e+00
   8.6600000e+02   1.4995739e+00   1.4992638e+00   1.4999452e+00   1.5001278e+00   1.5005574e+00   1.5003409e+00   1.5003480e+00   1.5000002e+00
   8.6700000e+02   1.4999231e+00   1.4997879e+00   1.4999452e+00   1.4996046e+00   1.5002897e+00   1.5003409e+00   1.5002668e+00   1.5000002e+00
   8.6800000e+02   1.4998424e+00   1.4997879e+00   1.5002932e+00   1.5001272e+00   1.5002897e+00   1.4998175e+00   1.5000000e+00   1.5000002e+00
   8.6900000e+02   1.4995759e+00   1.4997879e+00   1.5002121e+00   1.5001272e+00   1.5006362e+00   1.5003393e+00   1.5000000e+00   1.4994792e+00
   8.7000000e+02   1.4995759e+00   1.4992672e+00   1.4999455e+00   1.5001272e+00   1.5005548e+00   1.5003393e+00   1.5003464e+00   1.5000002e+00
   8.7100000e+02   1.4999234e+00   1.4997889e+00   1.4999455e+00   1.4996064e+00   1.5002884e+00   1.5003393e+00   1.5002655e+00   1.5000002e+00
   8.7200000e+02   1.4998431e+00   1.4997889e+00   1.5002918e+00   1.5001267e+00   1.5002884e+00   1.4998184e+00   1.5000000e+00   1.5000002e+00
   8.7300000e+02   1.4995778e+00   1.4997889e+00   1.5002111e+00   1.5001267e+00   1.5006333e+00   1.5003378e+00   1.5000000e+00   1.4994815e+00
   8.7400000e+02   1.4995778e+00   1.4992705e+00   1.4999457e+00   1.5001267e+00   1.5005523e+00   1.5003378e+00   1.5003448e+00   1.5000002e+00
   8.7500000e+02   1.4999238e+00   1.4997899e+00   1.4999457e+00   1.4996082e+00   1.5002870e+00   1.5003378e+00   1.5002643e+00   1.5000002e+00
   8.7600000e+02   1.4998438e+00   1.4997899e+00   1.5002905e+00   1.5001261e+00   1.5002870e+00   1.4998192e+00   1.5000000e+00   1.5000002e+00
   8.7700000e+02   1.4995797e+00   1.4997899e+00   1.5002101e+00   1.5001261e+00   1.5006304e+00   1.5003362e+00   1.5000000e+00   1.4994839e+00
   8.7800000e+02   1.4995797e+00   1.4992738e+00   1.4999460e+00   1.5001261e+00   1.5005498e+00   1.5003362e+00   1.5003432e+00   1.5000002e+00
   8.7900000e+02   1.4999241e+00   1.4997908e+00   1.4999460e+00   1.4996099e+00   1.5002857e+00   1.5003362e+00   1.5002631e+00   1.5000002e+00
   8.8000000e+02   1.4998445e+00   1.4997908e+00   1.5002892e+00   1.5001255e+00   1.5002857e+00   1.4998200e+00   1.5000000e+00   1.5000002e+00
   8.8100000e+02   1.4995816e+00   1.4997908e+00   1.5002092e+00   1.5001255e+00   1.5006276e+00   1.5003347e+00   1.5000000e+00   1.4994862e+00
   8.8200000e+02   1.4995816e+00   1.4992771e+00   1.4999462e+00   1.5001255e+00   1.5005473e+00   1.5003347e+00   1.5003417e+00   1.5000002e+00
   8.8300000e+02   1.4999245e+00   1.4997918e+00   1.4999462e+00   1.4996117e+00   1.5002845e+00   1.5003347e+00   1.5002619e+00   1.5000002e+00
   8.8400000e+02   1.4998452e+00   1.4997918e+00   1.5002879e+00   1.5001249e+00   1.5002845e+00   1.4998208e+00   1.5000000e+00   1.5000002e+00
   8.8500000e+02   1.4995835e+00   1.4997918e+00   1.5002082e+00   1.5001249e+00   1.5006247e+00   1.5003332e+00   1.5000000e+00   1.4994885e+00
   8.8600000e+02   1.4995835e+00   1.4992804e+00   1.4999465e+00   1.5001249e+00   1.5005448e+00   1.5003332e+00   1.5003401e+00   1.5000002e+00
   8.8700000e+02   1.4999248e+00   1.4997927e+00   1.4999465e+00   1.4996135e+00   1.5002832e+00   1.5003332e+00   1.5002608e+00   1.5000002e+00
   8.8800000e+02   1.4998459e+00   1.4997927e+00   1.5002866e+00   1.5001244e+00   1.5002832e+00   1.4998216e+00   1.5000000e+00   1.5000002e+00
   8.8900000e+02   1.4995854e+00   1.4997927e+00   1.5002073e+00   1.5001244e+00   1.5006219e+00   1.5003317e+00   1.5000000e+00   1.4994908e+00
   8.9000000e+02   1.4995854e+00   1.4992836e+00   1.4999467e+00   1.5001244e+00   1.5005424e+00   1.5003317e+00   1.5003386e+00   1.5000002e+00
   8.9100000e+02   1.4999251e+00   1.4997936e+00   1.4999467e+00   1.4996152e+00   1.5002819e+00   1.5003317e+00   1.5002596e+00   1.5000002e+00
   8.9200000e+02   1.4998466e+00   1.4997936e+00   1.5002853e+00   1.5001238e+00   1.5002819e+00   1.4998224e+00   1.5000000e+00   1.5000002e+00
   8.9300000e+02   1.4995872e+00   1.4997936e+00   1.5002064e+00   1.5001238e+00   1.5006192e+00   1.5003302e+00   1.5000000e+00   1.4994931e+00
   8.9400000e+02   1.4995872e+00   1.4992868e+00   1.4999469e+00   1.5001238e+00   1.5005400e+00   1.5003302e+00   1.5003371e+00   1.5000002e+00
   8.9500000e+02   1.4999255e+00   1.4997945e+00   1.4999469e+00   1.4996169e+00   1.5002806e+00   1.5003302e+00   1.5002585e+00   1.5000002e+00
   8.9600000e+02   1.4998473e+00   1.4997945e+00   1.5002840e+00   1.5001233e+00   1.5002806e+00   1.4998232e+00   1.5000000e+00   1.5000002e+00
   8.9700000e+02   1.4995891e+00   1.4997945e+00   1.5002055e+00   1.5001233e+00   1.5006164e+00   1.5003288e+00   1.5000000e+00   1.4994954e+00
   8.9800000e+02   1.4995891e+00   1.4992900e+00   1.4999472e+00   1.5001233e+00   1.5005376e+00   1.5003288e+00   1.5003356e+00   1.5000002e+00
   8.9900000e+02   1.4999258e+00   1.4997954e+00   1.4999472e+00   1.4996186e+00   1.5002794e+00   1.5003288e+00   1.5002573e+00   1.5000002e+00
   9.0000000e+02   1.4998480e+00   1.4997954e+00   1.5002828e+00   1.5001227e+00   1.5002794e+00   1.4998240e+00   1.5000000e+00   1.5000002e+00
   9.0100000e+02   1.4995909e+00   1.4997954e+00   1.5002046e+00   1.5001227e+00   1.5006137e+00   1.5003273e+00   1.5000000e+00   1.4994976e+00
   9.0200000e+02   1.4995909e+00   1.4992931e+00   1.4999474e+00   1.5001227e+00   1.5005352e+00   1.5003273e+00   1.5003341e+00   1.5000002e+00
   9.0300000e+02   1.4999261e+00   1.4997963e+00   1.4999474e+00   1.4996203e+00   1.5002782e+00   1.5003273e+00   1.5002562e+00   1.5000002e+00
   9.0400000e+02   1.4998486e+00   1.4997963e+00   1.5002815e+00   1.5001222e+00   1.5002782e+00   1.4998248e+00   1.5000000e+00   1.5000002e+00
   9.0500000e+02   1.4995927e+00   1.4997963e+00   1.5002037e+00   1.5001222e+00   1.5006110e+00   1.5003259e+00   1.5000000e+00   1.4994998e+00
   9.0600000e+02   1.4995927e+00   1.4992962e+00   1.4999476e+00   1.5001222e+00   1.5005328e+00   1.5003259e+00   1.5003327e+00   1.5000002e+00
   9.0700000e+02   1.4999264e+00   1.4997972e+00   1.4999476e+00   1.4996220e+00   1.5002769e+00   1.5003259e+00   1.5002550e+00   1.5000002e+00
   9.0800000e+02   1.4998493e+00   1.4997972e+00   1.5002803e+00   1.5001217e+00   1.5002769e+00   1.4998256e+00   1.5000000e+00   1.5000002e+00
   9.0900000e+02   1.4995945e+00   1.4997972e+00   1.5002028e+00   1.5001217e+00   1.5006083e+00   1.5003244e+00   1.5000000e+00   1.4995020e+00
   9.1000000e+02   1.4995945e+00   1.4992993e+00   1.4999479e+00   1.5001217e+00   1.5005305e+00   1.5003244e+00   1.5003312e+00   1.5000002e+00
   9.1100000e+02   1.4999268e+00   1.4997981e+00   1.4999479e+00   1.4996236e+00   1.5002757e+00   1.5003244e+00   1.5002539e+00   1.5000002e+00
   9.1200000e+02   1.4998500e+00   1.4997981e+00   1.5002791e+00   1.5001211e+00   1.5002757e+00   1.4998263e+00   1.5000000e+00   1.5000002e+00
   9.1300000e+02   1.4995962e+00   1.4997981e+00   1.5002019e+00   1.5001211e+00   1.5006056e+00   1.5003230e+00   1.5000000e+00   1.4995042e+00
   9.1400000e+02   1.4995962e+00   1.4993024e+00   1.4999481e+00   1.5001211e+00   1.5005282e+00   1.5003230e+00   1.5003298e+00   1.5000002e+00
   9.1500000e+02   1.4999271e+00   1.4997990e+00   1.4999481e+00   1.4996253e+00   1.5002745e+00   1.5003230e+00   1.5002528e+00   1.5000002e+00
   9.1600000e+02   1.4998506e+00   1.4997990e+00   1.5002778e+00   1.5001206e+00   1.5002745e+00   1.4998271e+00   1.5000000e+00   1.5000002e+00
   9.1700000e+02   1.4995980e+00   1.4997990e+00   1.5002010e+00   1.5001206e+00   1.5006030e+00   1.5003216e+00   1.5000000e+00   1.4995063e+00
   9.1800000e+02   1.4995980e+00   1.4993054e+00   1.4999483e+00   1.5001206e+00   1.5005259e+00   1.5003216e+00   1.5003283e+00   1.5000002e+00
   9.1900000e+02   1.4999274e+00   1.4997999e+00   1.4999483e+00   1.4996269e+00   1.5002733e+00   1.5003216e+00   1.5002517e+00   1.5000002e+00
   9.2000000e+02   1.4998513e+00   1.4997999e+00   1.5002766e+00   1.5001201e+00   1.5002733e+00   1.4998278e+00   1.5000000e+00   1.5000002e+00
   9.2100000e+02   1.4995997e+00   1.4997999e+00   1.5002001e+00   1.5001201e+00   1.5006004e+00   1.5003202e+00   1.5000000e+00   1.4995085e+00
   9.2200000e+02   1.4995997e+00   1.4993084e+00   1.4999486e+00   1.5001201e+00   1.5005236e+00   1.5003202e+00   1.5003269e+00   1.5000002e+00
   9.2300000e+02   1.4999277e+00   1.4998007e+00   1.4999486e+00   1.4996285e+00   1.5002722e+00   1.5003202e+00   1.5002506e+00   1.5000002e+00
   9.2400000e+02   1.4998519e+00   1.4998007e+00   1.5002754e+00   1.5001196e+00   1.5002722e+00   1.4998286e+00   1.5000000e+00   1.5000002e+00
   9.2500000e+02   1.4996015e+00   1.4998007e+00   1.5001993e+00   1.5001196e+00   1.5005978e+00   1.5003188e+00   1.5000000e+00   1.4995106e+00
   9.2600000e+02   1.4996015e+00   1.4993114e+00   1.4999488e+00   1.5001196e+00   1.5005214e+00   1.5003188e+00   1.5003255e+00   1.5000002e+00
   9.2700000e+02   1.4999280e+00   1.4998016e+00   1.4999488e+00   1.4996301e+00   1.5002710e+00   1.5003188e+00   1.5002496e+00   1.5000002e+00
   9.2800000e+02   1.4998525e+00   1.4998016e+00   1.5002743e+00   1.5001190e+00   1.5002710e+00   1.4998293e+00   1.5000000e+00   1.5000002e+00
   9.2900000e+02   1.4996032e+00   1.4998016e+00   1.5001984e+00   1.5001190e+00   1.5005952e+00   1.5003175e+00   1.5000000e+00   1.4995127e+00
   9.3000000e+02   1.4996032e+00   1.4993144e+00   1.4999490e+00   1.5001190e+00   1.5005191e+00   1.5003175e+00   1.5003241e+00   1.5000002e+00
   9.3100000e+02   1.4999283e+00   1.4998024e+00   1.4999490e+00   1.4996317e+00   1.5002698e+00   1.5003175e+00   1.5002485e+00   1.5000002e+00
   9.3200000e+02   1.4998532e+00   1.4998024e+00   1.5002731e+00   1.5001185e+00   1.5002698e+00   1.4998301e+00   1.5000000e+00   1.5000002e+00
   9.3300000e+02   1.4996049e+00   1.4998024e+00   1.5001976e+00   1.5001185e+00   1.5005927e+00   1.5003161e+00   1.5000000e+00   1.4995148e+00
   9.3400000e+02   1.4996049e+00   1.4993173e+00   1.4999492e+00   1.5001185e+00   1.5005169e+00   1.5003161e+00   1.5003227e+00   1.5000002e+00
   9.3500000e+02   1.4999286e+00   1.4998033e+00   1.4999492e+00   1.4996333e+00   1.5002687e+00   1.5003161e+00   1.5002474e+00   1.5000002e+00
   9.3600000e+02   1.4998538e+00   1.4998033e+00   1.5002719e+00   1.5001180e+00   1.5002687e+00   1.4998308e+00   1.5000000e+00   1.5000002e+00
   9.3700000e+02   1.4996066e+00   1.4998033e+00   1.5001967e+00   1.5001180e+00   1.5005902e+00   1.5003148e+00   1.5000000e+00   1.4995168e+00
   9.3800000e+02   1.4996066e+00   1.4993202e+00   1.4999494e+00   1.5001180e+00   1.5005147e+00   1.5003148e+00   1.5003214e+00   1.5000002e+00
   9.3900000e+02   1.4999289e+00   1.4998041e+00   1.4999494e+00   1.4996348e+00   1.5002675e+00   1.5003148e+00   1.5002464e+00   1.5000002e+00
   9.4000000e+02   1.4998544e+00   1.4998041e+00   1.5002708e+00   1.5001175e+00   1.5002675e+00   1.4998315e+00   1.5000000e+00   1.5000002e+00
   9.4100000e+02   1.4996082e+00   1.4998041e+00   1.5001959e+00   1.5001175e+00   1.5005877e+00   1.5003134e+00   1.5000000e+00   1.4995189e+00
   9.4200000e+02   1.4996082e+00   1.4993231e+00   1.4999496e+00   1.5001175e+00   1.5005125e+00   1.5003134e+00   1.5003200e+00   1.5000002e+00
   9.4300000e+02   1.4999292e+00   1.4998049e+00   1.4999496e+00   1.4996364e+00   1.5002664e+00   1.5003134e+00   1.5002454e+00   1.5000002e+00
   9.4400000e+02   1.4998550e+00   1.4998049e+00   1.5002696e+00   1.5001170e+00   1.5002664e+00   1.4998322e+00   1.5000000e+00   1.5000002e+00
   9.4500000e+02   1.4996099e+00   1.4998049e+00   1.5001951e+00   1.5001170e+00   1.5005852e+00   1.5003121e+00   1.5000000e+00   1.4995209e+00
   9.4600000e+02   1.4996099e+00   1.4993259e+00   1.4999499e+00   1.5001170e+00   1.5005104e+00   1.5003121e+00   1.5003187e+00   1.5000002e+00
   9.4700000e+02   1.4999295e+00   1.4998058e+00   1.4999499e+00   1.4996379e+00   1.5002653e+00   1.5003121e+00   1.5002443e+00   1.5000002e+00
   9.4800000e+02   1.4998556e+00   1.4998058e+00   1.5002685e+00   1.5001165e+00   1.5002653e+00   1.4998329e+00   1.5000000e+00   1.5000002e+00
   9.4900000e+02   1.4996115e+00   1.4998058e+00   1.5001942e+00   1.5001165e+00   1.5005827e+00   1.5003108e+00   1.5000000e+00   1.4995229e+00
   9.5000000e+02   1.4996115e+00   1.4993288e+00   1.4999501e+00   1.5001165e+00   1.5005082e+00   1.5003108e+00   1.5003173e+00   1.5000002e+00
   9.5100000e+02   1.4999298e+00   1.4998066e+00   1.4999501e+00   1.4996394e+00   1.5002642e+00   1.5003108e+00   1.5002433e+00   1.5000002e+00
   9.5200000e+02   1.4998563e+00   1.4998066e+00   1.5002674e+00   1.5001161e+00   1.5002642e+00   1.4998336e+00   1.5000000e+00   1.5000002e+00
   9.5300000e+02   1.4996131e+00   1.4998066e+00   1.5001934e+00   1.5001161e+00   1.5005803e+00   1.5003095e+00   1.5000000e+00   1.4995249e+00
   9.5400000e+02   1.4996131e+00   1.4993316e+00   1.4999503e+00   1.5001161e+00   1.5005061e+00   1.5003095e+00   1.5003160e+00   1.5000002e+00
   9.5500000e+02   1.4999301e+00   1.4998074e+00   1.4999503e+00   1.4996410e+00   1.5002631e+00   1.5003095e+00   1.5002423e+00   1.5000002e+00
   9.5600000e+02   1.4998568e+00   1.4998074e+00   1.5002662e+00   1.5001156e+00   1.5002631e+00   1.4998343e+00   1.5000000e+00   1.5000002e+00
   9.5700000e+02   1.4996148e+00   1.4998074e+00   1.5001926e+00   1.5001156e+00   1.5005779e+00   1.5003082e+00   1.5000000e+00   1.4995269e+00
   9.5800000e+02   1.4996148e+00   1.4993343e+00   1.4999505e+00   1.5001156e+00   1.5005040e+00   1.5003082e+00   1.5003147e+00   1.5000001e+00
   9.5900000e+02   1.4999304e+00   1.4998082e+00   1.4999505e+00   1.4996425e+00   1.5002620e+00   1.5003082e+00   1.5002413e+00   1.5000001e+00
   9.6000000e+02   1.4998574e+00   1.4998082e+00   1.5002651e+00   1.5001151e+00   1.5002620e+00   1.4998350e+00   1.5000000e+00   1.5000001e+00
   9.6100000e+02   1.4996164e+00   1.4998082e+00   1.5001918e+00   1.5001151e+00   1.5005755e+00   1.5003069e+00   1.5000000e+00   1.4995289e+00
   9.6200000e+02   1.4996164e+00   1.4993371e+00   1.4999507e+00   1.5001151e+00   1.5005019e+00   1.5003069e+00   1.5003134e+00   1.5000001e+00
   9.6300000e+02   1.4999307e+00   1.4998090e+00   1.4999507e+00   1.4996439e+00   1.5002609e+00   1.5003069e+00   1.5002403e+00   1.5000001e+00
   9.6400000e+02   1.4998580e+00   1.4998090e+00   1.5002640e+00   1.5001146e+00   1.5002609e+00   1.4998357e+00   1.5000000e+00   1.5000001e+00
   9.6500000e+02   1.4996179e+00   1.4998090e+00   1.5001910e+00   1.5001146e+00   1.5005731e+00   1.5003057e+00   1.5000000e+00   1.4995308e+00
   9.6600000e+02   1.4996179e+00   1.4993399e+00   1.4999509e+00   1.5001146e+00   1.5004998e+00   1.5003057e+00   1.5003121e+00   1.5000001e+00
   9.6700000e+02   1.4999310e+00   1.4998098e+00   1.4999509e+00   1.4996454e+00   1.5002598e+00   1.5003057e+00   1.5002393e+00   1.5000001e+00
   9.6800000e+02   1.4998586e+00   1.4998098e+00   1.5002630e+00   1.5001141e+00   1.5002598e+00   1.4998364e+00   1.5000000e+00   1.5000001e+00
   9.6900000e+02   1.4996195e+00   1.4998098e+00   1.5001902e+00   1.5001141e+00   1.5005707e+00   1.5003044e+00   1.5000000e+00   1.4995328e+00
   9.7000000e+02   1.4996195e+00   1.4993426e+00   1.4999511e+00   1.5001141e+00   1.5004978e+00   1.5003044e+00   1.5003108e+00   1.5000001e+00
   9.7100000e+02   1.4999313e+00   1.4998105e+00   1.4999511e+00   1.4996469e+00   1.5002587e+00   1.5003044e+00   1.5002383e+00   1.5000001e+00
   9.7200000e+02   1.4998592e+00   1.4998105e+00   1.5002619e+00   1.5001137e+00   1.5002587e+00   1.4998371e+00   1.5000000e+00   1.5000001e+00
   9.7300000e+02   1.4996211e+00   1.4998105e+00   1.5001895e+00   1.5001137e+00   1.5005684e+00   1.5003031e+00   1.5000000e+00   1.4995347e+00
   9.7400000e+02   1.4996211e+00   1.4993453e+00   1.4999513e+00   1.5001137e+00   1.5004957e+00   1.5003031e+00   1.5003095e+00   1.5000001e+00
   9.7500000e+02   1.4999316e+00   1.4998113e+00   1.4999513e+00   1.4996483e+00   1.5002577e+00   1.5003031e+00   1.5002373e+00   1.5000001e+00
   9.7600000e+02   1.4998598e+00   1.4998113e+00   1.5002608e+00   1.5001132e+00   1.5002577e+00   1.4998377e+00   1.5000000e+00   1.5000001e+00
   9.7700000e+02   1.4996226e+00   1.4998113e+00   1.5001887e+00   1.5001132e+00   1.5005661e+00   1.5003019e+00   1.5000000e+00   1.4995366e+00
   9.7800000e+02   1.4996226e+00   1.4993479e+00   1.4999515e+00   1.5001132e+00   1.5004937e+00   1.5003019e+00   1.5003083e+00   1.5000001e+00
   9.7900000e+02   1.4999318e+00   1.4998121e+00   1.4999515e+00   1.4996497e+00   1.5002566e+00   1.5003019e+00   1.5002364e+00   1.5000001e+00
   9.8000000e+02   1.4998603e+00   1.4998121e+00   1.5002597e+00   1.5001128e+00   1.5002566e+00   1.4998384e+00   1.5000000e+00   1.5000001e+00
   9.8100000e+02   1.4996242e+00   1.4998121e+00   1.5001879e+00   1.5001128e+00   1.5005638e+00   1.5003007e+00   1.5000000e+00   1.4995385e+00
   9.8200000e+02   1.4996242e+00   1.4993506e+00   1.4999517e+00   1.5001128e+00   1.5004917e+00   1.5003007e+00   1.5003070e+00   1.5000001e+00
   9.8300000e+02   1.4999321e+00   1.4998128e+00   1.4999517e+00   1.4996512e+00   1.5002556e+00   1.5003007e+00   1.5002354e+00   1.5000001e+00
   9.8400000e+02   1.4998609e+00   1.4998128e+00   1.5002587e+00   1.5001123e+00   1.5002556e+00   1.4998390e+00   1.5000000e+00   1.5000001e+00
   9.8500000e+02   1.4996257e+00   1.4998128e+00   1.5001872e+00   1.5001123e+00   1.5005615e+00   1.5002995e+00   1.5000000e+00   1.4995403e+00
   9.8600000e+02   1.4996257e+00   1.4993532e+00   1.4999519e+00   1.5001123e+00   1.5004897e+00   1.5002995e+00   1.5003058e+00   1.5000001e+00
   9.8700000e+02   1.4999324e+00   1.4998136e+00   1.4999519e+00   1.4996526e+00   1.5002545e+00   1.5002995e+00   1.5002345e+00   1.5000001e+00
   9.8800000e+02   1.4998615e+00   1.4998136e+00   1.5002576e+00   1.5001118e+00   1.5002545e+00   1.4998397e+00   1.5000000e+00   1.5000001e+00
   9.8900000e+02   1.4996272e+00   1.4998136e+00   1.5001864e+00   1.5001118e+00   1.5005592e+00   1.5002983e+00   1.5000000e+00   1.4995422e+00
   9.9000000e+02   1.4996272e+00   1.4993558e+00   1.4999521e+00   1.5001118e+00   1.5004877e+00   1.5002983e+00   1.5003046e+00   1.5000001e+00
   9.9100000e+02   1.4999327e+00   1.4998143e+00   1.4999521e+00   1.4996540e+00   1.5002535e+00   1.5002983e+00   1.5002335e+00   1.5000001e+00
   9.9200000e+02   1.4998620e+00   1.4998143e+00   1.5002566e+00   1.5001114e+00   1.5002535e+00   1.4998403e+00   1.5000000e+00   1.5000001e+00
   9.9300000e+02   1.4996287e+00   1.4998143e+00   1.5001857e+00   1.5001114e+00   1.5005570e+00   1.5002971e+00   1.5000000e+00   1.4995440e+00
   9.9400000e+02   1.4996287e+00   1.4993584e+00   1.4999523e+00   1.5001114e+00   1.5004858e+00   1.5002971e+00   1.5003033e+00   1.5000001e+00
   9.9500000e+02   1.4999329e+00   1.4998151e+00   1.4999523e+00   1.4996554e+00   1.5002525e+00   1.5002971e+00   1.5002326e+00   1.5000001e+00
   9.9600000e+02   1.4998626e+00   1.4998151e+00   1.5002556e+00   1.5001110e+00   1.5002525e+00   1.4998410e+00   1.5000000e+00   1.5000001e+00
   9.9700000e+02   1.4996302e+00   1.4998151e+00   1.5001849e+00   1.5001110e+00   1.5005548e+00   1.5002959e+00   1.5000000e+00   1.4995458e+00
   9.9800000e+02   1.4996302e+00   1.4993610e+00   1.4999525e+00   1.5001110e+00   1.5004838e+00   1.5002959e+00   1.5003021e+00   1.5000001e+00
   9.9900000e+02   1.4999332e+00   1.4998158e+00   1.4999525e+00   1.4996568e+00   1.5002515e+00   1.5002959e+00   1.5002317e+00   1.5000001e+00
   1.0000000e+03   1.4998631e+00   1.4998158e+00   1.5002546e+00   1.5001105e+00   1.5002515e+00   1.4998416e+00   1.5000000e+00   1.5000001e+00
