1.2,-0.5
1.2,-0.29167
1.3385,-0.29167
1.3385,-0.12798
1.3385,0.013889
1.3385,0.13802
1.3385,0.24755
1.3385,0.34491
1.3385,0.43202
1.3385,0.51042
1.3385,0.58135
1.3385,0.64583
1.3385,0.70471
1.4077,0.70471
1.4077,0.75652
1.4077,0.80435
1.4077,0.84863
1.4077,0.88975
1.4077,0.92804
1.4077,0.96377
1.4591,0.96377
1.5072,0.96377
1.5072,0.99517
1.5072,1.0247
1.5072,1.0526
1.5072,1.0789
1.5072,1.1038
1.5072,1.1274
1.5455,1.1274
1.5455,1.1492
1.5455,1.17
1.5455,1.1897
1.5455,1.2086
1.5455,1.2265
1.5455,1.2437
1.5455,1.2602
1.5455,1.2759
1.5455,1.291
1.5455,1.3055
1.5455,1.3194
1.574,1.3194
1.574,1.3324
1.574,1.345
1.574,1.3572
1.574,1.3689
1.574,1.3801
1.574,1.391
1.574,1.4015
1.574,1.4116
1.5978,1.4116
1.5978,1.4213
1.5978,1.4306
1.5978,1.4397
1.5978,1.4484
1.5978,1.4569
1.5978,1.4651
1.5978,1.4731
1.5978,1.4809
1.5978,1.4884
1.5978,1.4957
1.6175,1.4957
1.6175,1.5027
1.6175,1.5095
1.6175,1.5161
1.6175,1.5226
1.6175,1.5289
1.6175,1.535
1.6175,1.541
1.6175,1.5468
1.6175,1.5524
1.6175,1.558
1.6344,1.558
1.6508,1.558
1.6508,1.5632
1.6508,1.5684
1.6508,1.5734
1.6508,1.5783
1.6508,1.5831
1.6508,1.5878
1.6508,1.5923
1.6508,1.5968
1.6508,1.6012
1.6653,1.6012
1.6653,1.6054
1.6653,1.6096
1.6653,1.6137
1.6653,1.6176
1.6653,1.6215
1.6653,1.6254
1.6653,1.6291
1.6786,1.6291
1.6786,1.6328
1.6786,1.6363
1.6786,1.6398
1.6786,1.6432
1.691,1.6432
1.691,1.6466
1.691,1.6499
1.691,1.6531
1.691,1.6562
1.691,1.6593
1.691,1.6624
1.691,1.6653
1.691,1.6683
1.691,1.6712
1.691,1.674
1.691,1.6768
1.691,1.6795
1.691,1.6822
1.691,1.6849
1.691,1.6875
1.691,1.69
1.691,1.6926
1.6855,1.6926
1.68,1.6926
1.6746,1.6926
1.6693,1.6926
1.664,1.6926
1.6589,1.6926
1.6538,1.6926
1.6488,1.6926
1.6439,1.6926
1.6391,1.6926
1.6391,1.6799
1.6343,1.6799
1.6297,1.6799
1.6251,1.6799
1.6205,1.6799
1.6161,1.6799
1.6117,1.6799
1.6073,1.6799
1.6031,1.6799
1.5988,1.6799
1.5947,1.6799
1.5906,1.6799
1.5865,1.6799
1.5826,1.6799
1.5786,1.6799
1.5786,1.6686
1.5748,1.6686
1.571,1.6686
1.5672,1.6686
1.5672,1.6577
1.5672,1.647
1.5635,1.647
1.5599,1.647
1.5564,1.647
1.5528,1.647
1.5494,1.647
1.5459,1.647
1.5425,1.647
1.5392,1.647
1.5359,1.647
1.5326,1.647
1.5294,1.647
1.5262,1.647
1.523,1.647
1.523,1.6372
1.523,1.6275
1.52,1.6275
1.5169,1.6275
1.5139,1.6275
1.5109,1.6275
1.508,1.6275
1.5051,1.6275
1.5022,1.6275
1.4994,1.6275
1.4994,1.6183
1.4966,1.6183
1.4939,1.6183
1.4911,1.6183
1.4884,1.6183
1.4858,1.6183
1.4831,1.6183
1.4805,1.6183
1.4779,1.6183
1.4754,1.6183
1.4728,1.6183
1.4703,1.6183
1.4679,1.6183
1.4654,1.6183
1.463,1.6183
1.4606,1.6183
1.4582,1.6183
1.4559,1.6183
1.4535,1.6183
1.4512,1.6183
1.449,1.6183
1.4467,1.6183
1.4445,1.6183
1.4423,1.6183
1.4401,1.6183
1.4379,1.6183
1.4358,1.6183
1.4336,1.6183
1.4315,1.6183
1.4294,1.6183
1.4274,1.6183
1.4253,1.6183
1.4233,1.6183
1.4213,1.6183
1.4213,1.6107
1.4193,1.6107
1.4174,1.6107
1.4154,1.6107
1.4135,1.6107
1.4116,1.6107
1.4097,1.6107
1.4078,1.6107
1.406,1.6107
1.4041,1.6107
1.4023,1.6107
1.4005,1.6107
1.3987,1.6107
1.397,1.6107
1.3952,1.6107
1.3935,1.6107
1.3917,1.6107
1.39,1.6107
1.3883,1.6107
1.3866,1.6107
1.385,1.6107
1.3833,1.6107
1.3817,1.6107
1.3801,1.6107
1.3785,1.6107
1.3769,1.6107
1.3769,1.6039
1.3753,1.6039
1.3737,1.6039
1.3722,1.6039
1.3706,1.6039
1.3691,1.6039
1.3676,1.6039
1.3676,1.5974
1.3661,1.5974
1.3646,1.5974
1.3631,1.5974
1.3617,1.5974
1.3602,1.5974
1.3588,1.5974
1.3574,1.5974
1.356,1.5974
1.3546,1.5974
1.3532,1.5974
1.3518,1.5974
1.3504,1.5974
1.3491,1.5974
1.3477,1.5974
1.3464,1.5974
1.3451,1.5974
1.3437,1.5974
1.3424,1.5974
1.3411,1.5974
1.3398,1.5974
1.3386,1.5974
1.3373,1.5974
1.336,1.5974
1.3348,1.5974
1.3336,1.5974
1.3323,1.5974
1.3311,1.5974
1.3299,1.5974
1.3299,1.5916
1.3287,1.5916
1.3275,1.5916
1.3263,1.5916
1.3251,1.5916
1.324,1.5916
1.3228,1.5916
1.3217,1.5916
1.3205,1.5916
1.3194,1.5916
1.3183,1.5916
1.3172,1.5916
1.3172,1.586
1.3172,1.5805
1.3161,1.5805
1.315,1.5805
1.3139,1.5805
1.3128,1.5805
1.3117,1.5805
1.3107,1.5805
1.3107,1.5751
1.3107,1.5698
1.3096,1.5698
1.3086,1.5698
1.3075,1.5698
1.3065,1.5698
1.3055,1.5698
1.3045,1.5698
1.3035,1.5698
1.3025,1.5698
1.3015,1.5698
1.3005,1.5698
1.2995,1.5698
1.2995,1.5646
1.2985,1.5646
1.2976,1.5646
1.2966,1.5646
1.2956,1.5646
1.2947,1.5646
1.2947,1.5596
1.2938,1.5596
1.2928,1.5596
1.2919,1.5596
1.291,1.5596
1.2901,1.5596
1.2892,1.5596
1.2882,1.5596
1.2873,1.5596
1.2873,1.5548
1.2865,1.5548
1.2856,1.5548
1.2847,1.5548
1.2838,1.5548
1.2838,1.55
1.283,1.55
1.2821,1.55
1.2812,1.55
1.2804,1.55
1.2795,1.55
1.2787,1.55
1.2779,1.55
1.277,1.55
1.2762,1.55
1.2754,1.55
1.2746,1.55
1.2738,1.55
1.273,1.55
1.2722,1.55
1.2714,1.55
1.2706,1.55
1.2698,1.55
1.269,1.55
1.2682,1.55
1.2675,1.55
1.2667,1.55
1.2659,1.55
1.2652,1.55
1.2644,1.55
1.2637,1.55
1.2629,1.55
1.2622,1.55
1.2614,1.55
1.2607,1.55
1.26,1.55
1.2592,1.55
1.2585,1.55
1.2578,1.55
1.2571,1.55
1.2564,1.55
1.2557,1.55
1.2557,1.5458
1.255,1.5458
1.2543,1.5458
1.2536,1.5458
1.2536,1.5416
1.2529,1.5416
1.2522,1.5416
1.2515,1.5416
1.2509,1.5416
1.2502,1.5416
1.2502,1.5375
1.2495,1.5375
1.2489,1.5375
1.2482,1.5375
1.2475,1.5375
1.2475,1.5334
1.2469,1.5334
1.2462,1.5334
1.2462,1.5294
1.2456,1.5294
1.245,1.5294
1.2443,1.5294
1.2443,1.5254
1.2443,1.5215
1.2437,1.5215
1.2437,1.5176
1.2431,1.5176
1.2431,1.5137
1.2424,1.5137
1.2418,1.5137
1.2412,1.5137
1.2406,1.5137
1.2406,1.5099
1.24,1.5099
1.2394,1.5099
1.2388,1.5099
1.2382,1.5099
1.2376,1.5099
1.237,1.5099
1.2364,1.5099
1.2358,1.5099
1.2353,1.5099
1.2347,1.5099
1.2341,1.5099
1.2335,1.5099
1.233,1.5099
1.2324,1.5099
1.2318,1.5099
1.2313,1.5099
1.2307,1.5099
1.2301,1.5099
1.2296,1.5099
1.229,1.5099
1.2285,1.5099
1.2279,1.5099
1.2274,1.5099
1.2269,1.5099
1.2263,1.5099
1.2258,1.5099
1.2252,1.5099
1.2247,1.5099
1.2242,1.5099
1.2237,1.5099
1.2231,1.5099
1.2226,1.5099
1.2221,1.5099
1.2216,1.5099
1.2211,1.5099
1.2206,1.5099
1.22,1.5099
1.2195,1.5099
1.219,1.5099
1.2185,1.5099
1.218,1.5099
1.2175,1.5099
1.217,1.5099
1.2165,1.5099
1.2161,1.5099
1.2156,1.5099
1.2156,1.5065
1.2151,1.5065
1.2146,1.5065
1.2141,1.5065
1.2136,1.5065
1.2132,1.5065
1.2127,1.5065
1.2122,1.5065
1.2117,1.5065
1.2113,1.5065
1.2108,1.5065
1.2103,1.5065
1.2099,1.5065
1.2094,1.5065
1.209,1.5065
1.2085,1.5065
1.2081,1.5065
1.2076,1.5065
1.2071,1.5065
1.2067,1.5065
1.2067,1.5032
1.2063,1.5032
1.2058,1.5032
1.2054,1.5032
1.2049,1.5032
1.2045,1.5032
1.2045,1.5
1.2045,1.4968
1.2041,1.4968
1.2036,1.4968
1.2032,1.4968
1.2028,1.4968
1.2023,1.4968
1.2019,1.4968
1.2015,1.4968
1.2015,1.4937
1.2015,1.4906
1.2011,1.4906
1.2007,1.4906
1.2002,1.4906
1.1998,1.4906
1.1994,1.4906
1.199,1.4906
1.1986,1.4906
1.1982,1.4906
1.1978,1.4906
1.1974,1.4906
1.197,1.4906
1.1966,1.4906
1.1962,1.4906
1.1958,1.4906
1.1954,1.4906
1.195,1.4906
1.1946,1.4906
1.1942,1.4906
1.1938,1.4906
1.1934,1.4906
1.193,1.4906
1.1926,1.4906
1.1923,1.4906
1.1919,1.4906
1.1915,1.4906
1.1911,1.4906
1.1907,1.4906
1.1904,1.4906
1.19,1.4906
1.1896,1.4906
1.1892,1.4906
1.1889,1.4906
1.1885,1.4906
1.1881,1.4906
1.1878,1.4906
1.1874,1.4906
1.187,1.4906
1.1867,1.4906
1.1863,1.4906
1.186,1.4906
1.1856,1.4906
1.1852,1.4906
1.1849,1.4906
1.1849,1.4877
1.1845,1.4877
1.1842,1.4877
1.1842,1.4849
1.1838,1.4849
1.1835,1.4849
1.1831,1.4849
1.1828,1.4849
1.1825,1.4849
1.1821,1.4849
1.1818,1.4849
1.1814,1.4849
1.1811,1.4849
1.1808,1.4849
1.1804,1.4849
1.1801,1.4849
1.1797,1.4849
1.1794,1.4849
1.1794,1.4821
1.1791,1.4821
1.1788,1.4821
1.1784,1.4821
1.1781,1.4821
1.1778,1.4821
1.1774,1.4821
1.1771,1.4821
1.1768,1.4821
1.1765,1.4821
1.1765,1.4795
1.1762,1.4795
1.1758,1.4795
1.1755,1.4795
1.1752,1.4795
1.1749,1.4795
1.1746,1.4795
1.1743,1.4795
1.1743,1.4768
1.1743,1.4742
1.174,1.4742
1.1736,1.4742
1.1733,1.4742
1.173,1.4742
1.1727,1.4742
1.1724,1.4742
1.1724,1.4716
1.1721,1.4716
1.1718,1.4716
1.1715,1.4716
1.1715,1.469
1.1715,1.4664
1.1712,1.4664
1.1709,1.4664
1.1706,1.4664
1.1703,1.4664
1.17,1.4664
1.1697,1.4664
1.1694,1.4664
1.1691,1.4664
1.1689,1.4664
1.1686,1.4664
1.1683,1.4664
1.168,1.4664
1.1677,1.4664
1.1674,1.4664
1.1671,1.4664
1.1668,1.4664
1.1668,1.4639
1.1666,1.4639
1.1663,1.4639
1.166,1.4639
1.166,1.4615
1.1657,1.4615
1.1654,1.4615
1.1654,1.459
1.1652,1.459
1.1649,1.459
1.1646,1.459
1.1643,1.459
1.1641,1.459
1.1641,1.4566
1.1638,1.4566
1.1635,1.4566
1.1632,1.4566
1.163,1.4566
1.1627,1.4566
1.1624,1.4566
1.1622,1.4566
1.1622,1.4542
1.1622,1.4518
1.1619,1.4518
1.1616,1.4518
1.1616,1.4495
1.1614,1.4495
1.1611,1.4495
1.1609,1.4495
1.1606,1.4495
1.1603,1.4495
1.1601,1.4495
1.1598,1.4495
1.1596,1.4495
1.1593,1.4495
1.1591,1.4495
1.1588,1.4495
1.1585,1.4495
1.1583,1.4495
1.158,1.4495
1.1578,1.4495
1.1575,1.4495
1.1573,1.4495
1.157,1.4495
1.157,1.4472
1.1568,1.4472
1.1565,1.4472
1.1565,1.4449
1.1563,1.4449
1.1561,1.4449
1.1558,1.4449
1.1556,1.4449
1.1553,1.4449
1.1551,1.4449
1.1548,1.4449
1.1546,1.4449
1.1544,1.4449
1.1544,1.4427
1.1541,1.4427
1.1539,1.4427
1.1537,1.4427
1.1534,1.4427
1.1534,1.4404
1.1532,1.4404
1.1529,1.4404
1.1527,1.4404
1.1527,1.4382
1.1525,1.4382
1.1522,1.4382
1.152,1.4382
1.1518,1.4382
1.1516,1.4382
1.1513,1.4382
1.1511,1.4382
1.1509,1.4382
1.1506,1.4382
1.1506,1.4361
1.1506,1.4339
1.1504,1.4339
1.1504,1.4318
1.1502,1.4318
1.15,1.4318
1.1497,1.4318
1.1495,1.4318
1.1493,1.4318
1.1491,1.4318
1.1489,1.4318
1.1486,1.4318
1.1484,1.4318
1.1482,1.4318
1.148,1.4318
1.1478,1.4318
1.1478,1.4297
1.1475,1.4297
1.1473,1.4297
1.1471,1.4297
1.1471,1.4276
1.1469,1.4276
1.1467,1.4276
1.1467,1.4255
1.1465,1.4255
1.1463,1.4255
1.146,1.4255
1.1458,1.4255
1.1456,1.4255
1.1454,1.4255
1.1452,1.4255
1.145,1.4255
1.1448,1.4255
1.1446,1.4255
1.1444,1.4255
1.1444,1.4235
1.1442,1.4235
1.144,1.4235
1.1438,1.4235
1.1436,1.4235
1.1434,1.4235
1.1434,1.4215
1.1434,1.4195
1.1431,1.4195
1.1429,1.4195
1.1427,1.4195
1.1425,1.4195
1.1423,1.4195
1.1421,1.4195
1.1419,1.4195
1.1419,1.4175
1.1419,1.4155
1.1419,1.4135
1.1417,1.4135
1.1416,1.4135
1.1416,1.4115
1.1414,1.4115
1.1412,1.4115
1.141,1.4115
1.1408,1.4115
1.1406,1.4115
1.1404,1.4115
1.1402,1.4115
1.14,1.4115
1.1398,1.4115
1.1398,1.4096
1.1396,1.4096
1.1394,1.4096
1.1392,1.4096
1.139,1.4096
1.1389,1.4096
1.1387,1.4096
1.1385,1.4096
1.1383,1.4096
1.1381,1.4096
1.1379,1.4096
1.1377,1.4096
1.1375,1.4096
1.1374,1.4096
1.1372,1.4096
1.137,1.4096
1.1368,1.4096
1.1366,1.4096
1.1364,1.4096
1.1363,1.4096
1.1363,1.4077
1.1361,1.4077
1.1359,1.4077
1.1357,1.4077
1.1355,1.4077
1.1355,1.4059
1.1354,1.4059
1.1352,1.4059
1.135,1.4059
1.1348,1.4059
1.1346,1.4059
1.1345,1.4059
1.1343,1.4059
1.1341,1.4059
1.1339,1.4059
1.1338,1.4059
1.1336,1.4059
1.1334,1.4059
1.1332,1.4059
1.1331,1.4059
1.1329,1.4059
1.1327,1.4059
1.1325,1.4059
1.1324,1.4059
1.1322,1.4059
1.132,1.4059
1.132,1.4041
1.1319,1.4041
1.1317,1.4041
1.1315,1.4041
1.1314,1.4041
1.1314,1.4023
1.1312,1.4023
1.131,1.4023
1.1309,1.4023
1.1307,1.4023
1.1305,1.4023
1.1304,1.4023
1.1304,1.4005
1.1304,1.3987
1.1302,1.3987
1.13,1.3987
1.1299,1.3987
1.1299,1.3969
1.1299,1.3952
1.1297,1.3952
1.1295,1.3952
1.1294,1.3952
1.1292,1.3952
1.1291,1.3952
1.1289,1.3952
1.1287,1.3952
1.1286,1.3952
1.1284,1.3952
1.1282,1.3952
1.1281,1.3952
1.1279,1.3952
1.1278,1.3952
1.1276,1.3952
1.1275,1.3952
1.1273,1.3952
1.1271,1.3952
1.127,1.3952
1.127,1.3935
1.1268,1.3935
1.1267,1.3935
1.1265,1.3935
1.1264,1.3935
1.1262,1.3935
1.1261,1.3935
1.1261,1.3918
1.1259,1.3918
1.1257,1.3918
1.1256,1.3918
1.1254,1.3918
1.1253,1.3918
1.1251,1.3918
1.125,1.3918
1.125,1.3901
1.1248,1.3901
1.1247,1.3901
1.1245,1.3901
1.1244,1.3901
1.1242,1.3901
1.1241,1.3901
1.1239,1.3901
1.1238,1.3901
1.1236,1.3901
1.1235,1.3901
1.1233,1.3901
1.1232,1.3901
1.1231,1.3901
1.1229,1.3901
1.1228,1.3901
1.1226,1.3901
1.1225,1.3901
1.1223,1.3901
1.1222,1.3901
1.1222,1.3884
1.122,1.3884
1.1219,1.3884
1.1218,1.3884
1.1216,1.3884
1.1215,1.3884
1.1213,1.3884
1.1212,1.3884
1.121,1.3884
1.121,1.3868
1.1209,1.3868
1.1208,1.3868
1.1206,1.3868
1.1205,1.3868
1.1205,1.3852
1.1205,1.3836
1.1203,1.3836
1.1202,1.3836
1.1201,1.3836
1.1199,1.3836
1.1198,1.3836
1.1196,1.3836
1.1195,1.3836
1.1194,1.3836
1.1192,1.3836
1.1191,1.3836
1.119,1.3836
1.1188,1.3836
1.1187,1.3836
1.1186,1.3836
1.1184,1.3836
1.1183,1.3836
1.1182,1.3836
1.1182,1.382
1.118,1.382
1.118,1.3805
1.1179,1.3805
1.1178,1.3805
1.1176,1.3805
1.1175,1.3805
1.1175,1.3789
1.1174,1.3789
1.1172,1.3789
1.1172,1.3774
1.1172,1.3758
1.1171,1.3758
1.117,1.3758
1.1168,1.3758
1.1167,1.3758
1.1167,1.3743
1.1166,1.3743
1.1164,1.3743
1.1163,1.3743
1.1162,1.3743
1.1161,1.3743
1.1161,1.3728
1.1159,1.3728
1.1158,1.3728
1.1157,1.3728
1.1155,1.3728
1.1154,1.3728
1.1153,1.3728
1.1152,1.3728
1.115,1.3728
1.1149,1.3728
1.1148,1.3728
1.1148,1.3713
1.1147,1.3713
1.1145,1.3713
1.1144,1.3713
1.1143,1.3713
1.1143,1.3698
1.1142,1.3698
1.114,1.3698
1.1139,1.3698
1.1138,1.3698
1.1137,1.3698
1.1135,1.3698
1.1134,1.3698
1.1133,1.3698
1.1132,1.3698
1.1131,1.3698
1.1129,1.3698
1.1128,1.3698
1.1127,1.3698
1.1126,1.3698
1.1126,1.3683
1.1124,1.3683
1.1123,1.3683
1.1122,1.3683
1.1121,1.3683
1.112,1.3683
1.1118,1.3683
1.1118,1.3669
1.1117,1.3669
1.1116,1.3669
1.1115,1.3669
1.1114,1.3669
1.1113,1.3669
1.1111,1.3669
1.111,1.3669
1.1109,1.3669
1.1108,1.3669
1.1107,1.3669
1.1106,1.3669
1.1104,1.3669
1.1104,1.3654
1.1103,1.3654
1.1102,1.3654
1.1101,1.3654
1.11,1.3654
1.1099,1.3654
1.1097,1.3654
1.1096,1.3654
1.1096,1.364
1.1095,1.364
1.1094,1.364
1.1093,1.364
1.1092,1.364
1.1091,1.364
1.109,1.364
1.1088,1.364
1.1087,1.364
1.1086,1.364
1.1085,1.364
1.1084,1.364
1.1083,1.364
1.1082,1.364
1.1081,1.364
1.108,1.364
1.108,1.3626
1.108,1.3612
1.108,1.3598
1.1078,1.3598
1.1077,1.3598
1.1076,1.3598
1.1075,1.3598
1.1074,1.3598
1.1073,1.3598
1.1072,1.3598
1.1071,1.3598
1.107,1.3598
1.1069,1.3598
1.1068,1.3598
1.1066,1.3598
1.1065,1.3598
1.1064,1.3598
1.1063,1.3598
1.1062,1.3598
1.1061,1.3598
1.106,1.3598
1.1059,1.3598
1.1058,1.3598
1.1057,1.3598
1.1056,1.3598
1.1055,1.3598
1.1054,1.3598
1.1053,1.3598
1.1052,1.3598
1.1051,1.3598
1.1051,1.3585
1.105,1.3585
1.1048,1.3585
1.1047,1.3585
1.1046,1.3585
1.1046,1.3571
1.1045,1.3571
1.1045,1.3558
1.1044,1.3558
1.1043,1.3558
1.1042,1.3558
1.1041,1.3558
1.104,1.3558
1.104,1.3545
1.1039,1.3545
1.1038,1.3545
1.1037,1.3545
1.1036,1.3545
1.1035,1.3545
1.1034,1.3545
1.1033,1.3545
1.1032,1.3545
1.1031,1.3545
1.103,1.3545
1.1029,1.3545
1.1028,1.3545
1.1027,1.3545
1.1026,1.3545
1.1025,1.3545
1.1024,1.3545
1.1023,1.3545
1.1022,1.3545
1.1021,1.3545
1.102,1.3545
1.1019,1.3545
1.1019,1.3532
1.1018,1.3532
1.1017,1.3532
1.1016,1.3532
1.1015,1.3532
1.1014,1.3532
1.1013,1.3532
1.1013,1.3532
1.1012,1.3532
1.1011,1.3532
1.1011,1.3519
1.101,1.3519
1.101,1.3506
1.101,1.3493
1.101,1.3481
1.101,1.3468
1.1009,1.3468
1.1008,1.3468
1.1007,1.3468
1.1006,1.3468
1.1006,1.3455
1.1005,1.3455
1.1004,1.3455
1.1003,1.3455
1.1003,1.3443
1.1002,1.3443
1.1001,1.3443
1.1,1.3443
1.0999,1.3443
1.0998,1.3443
1.0998,1.343
1.0997,1.343
1.0996,1.343
1.0996,1.343
1.0995,1.343
1.0994,1.343
1.0993,1.343
1.0992,1.343
1.0991,1.343
1.099,1.343
1.0989,1.343
1.0988,1.343
1.0987,1.343
1.0986,1.343
1.0986,1.3418
1.0985,1.3418
1.0985,1.3418
1.0984,1.3418
1.0983,1.3418
1.0982,1.3418
1.0981,1.3418
1.098,1.3418
1.0979,1.3418
1.0978,1.3418
1.0977,1.3418
1.0976,1.3418
1.0976,1.3418
1.0976,1.3405
1.0975,1.3405
1.0974,1.3405
1.0973,1.3405
1.0972,1.3405
1.0971,1.3405
1.0971,1.3393
1.097,1.3393
1.0969,1.3393
1.0969,1.3393
1.0968,1.3393
1.0967,1.3393
1.0966,1.3393
1.0965,1.3393
1.0964,1.3393
1.0964,1.3381
1.0963,1.3381
1.0962,1.3381
1.0962,1.3369
1.0962,1.3369
1.0961,1.3369
1.096,1.3369
1.0959,1.3369
1.0958,1.3369
1.0957,1.3369
1.0957,1.3357
1.0956,1.3357
1.0956,1.3357
1.0955,1.3357
1.0955,1.3346
1.0954,1.3346
1.0954,1.3334
1.0953,1.3334
1.0952,1.3334
1.0951,1.3334
1.0951,1.3334
1.095,1.3334
1.0949,1.3334
1.0948,1.3334
1.0947,1.3334
1.0947,1.3322
1.0946,1.3322
1.0946,1.3322
1.0945,1.3322
1.0944,1.3322
1.0943,1.3322
1.0942,1.3322
1.0941,1.3322
1.0941,1.3311
1.0941,1.3311
1.0941,1.3299
1.094,1.3299
1.0939,1.3299
1.0938,1.3299
1.0937,1.3299
1.0937,1.3299
1.0936,1.3299
1.0935,1.3299
1.0934,1.3299
1.0933,1.3299
1.0933,1.3299
1.0932,1.3299
1.0931,1.3299
1.093,1.3299
1.0929,1.3299
1.0929,1.3299
1.0928,1.3299
1.0927,1.3299
1.0926,1.3299
1.0925,1.3299
1.0925,1.3299
1.0924,1.3299
1.0923,1.3299
1.0922,1.3299
1.0921,1.3299
1.0921,1.3288
1.0921,1.3288
1.092,1.3288
1.0919,1.3288
1.0918,1.3288
1.0918,1.3288
1.0917,1.3288
1.0916,1.3288
1.0915,1.3288
1.0914,1.3288
1.0914,1.3288
1.0913,1.3288
1.0912,1.3288
1.0911,1.3288
1.0911,1.3276
1.0911,1.3276
1.091,1.3276
1.0909,1.3276
1.0908,1.3276
1.0908,1.3276
1.0907,1.3276
1.0906,1.3276
1.0905,1.3276
1.0905,1.3265
1.0904,1.3265
1.0904,1.3265
1.0903,1.3265
1.0902,1.3265
1.0901,1.3265
1.0901,1.3265
1.0901,1.3254
1.0901,1.3243
1.09,1.3243
1.0899,1.3243
1.0898,1.3243
1.0898,1.3243
1.0897,1.3243
1.0896,1.3243
1.0896,1.3232
1.0896,1.3222
1.0896,1.3222
1.0896,1.3211
1.0895,1.3211
1.0894,1.3211
1.0893,1.3211
1.0893,1.3211
1.0892,1.3211
1.0891,1.3211
1.089,1.3211
1.089,1.32
1.089,1.32
1.0889,1.32
1.0888,1.32
1.0888,1.32
1.0887,1.32
1.0886,1.32
1.0886,1.3189
1.0885,1.3189
1.0885,1.3189
1.0884,1.3189
1.0883,1.3189
1.0882,1.3189
1.0882,1.3189
1.0881,1.3189
1.088,1.3189
1.088,1.3189
1.0879,1.3189
1.0878,1.3189
1.0878,1.3179
1.0878,1.3179
1.0877,1.3179
1.0876,1.3179
1.0875,1.3179
1.0875,1.3168
1.0875,1.3168
1.0874,1.3168
1.0873,1.3168
1.0873,1.3168
1.0872,1.3168
1.0872,1.3158
1.0871,1.3158
1.0871,1.3158
1.087,1.3158
1.0869,1.3158
1.0868,1.3158
1.0868,1.3158
1.0868,1.3147
1.0867,1.3147
1.0866,1.3147
1.0866,1.3147
1.0865,1.3147
1.0864,1.3147
1.0864,1.3147
1.0863,1.3147
1.0863,1.3137
1.0863,1.3126
1.0862,1.3126
1.0862,1.3126
1.0862,1.3116
1.0861,1.3116
1.086,1.3116
1.086,1.3116
1.086,1.3106
1.0859,1.3106
1.0858,1.3106
1.0858,1.3106
1.0857,1.3106
1.0856,1.3106
1.0856,1.3096
1.0856,1.3096
1.0855,1.3096
1.0854,1.3096
1.0854,1.3096
1.0853,1.3096
1.0852,1.3096
1.0852,1.3096
1.0852,1.3085
1.0851,1.3085
1.085,1.3085
1.085,1.3085
1.085,1.3075
1.0849,1.3075
1.0848,1.3075
1.0848,1.3065
1.0848,1.3065
1.0847,1.3065
1.0846,1.3065
1.0846,1.3065
1.0845,1.3065
1.0844,1.3065
1.0844,1.3065
1.0843,1.3065
1.0842,1.3065
1.0842,1.3065
1.0842,1.3055
1.0841,1.3055
1.0841,1.3055
1.084,1.3055
1.0839,1.3055
1.0839,1.3055
1.0838,1.3055
1.0838,1.3045
1.0837,1.3045
1.0837,1.3045
1.0836,1.3045
1.0835,1.3045
1.0835,1.3045
1.0834,1.3045
1.0834,1.3045
1.0833,1.3045
1.0832,1.3045
1.0832,1.3045
1.0831,1.3045
1.083,1.3045
1.083,1.3045
1.0829,1.3045
1.0829,1.3045
1.0828,1.3045
1.0827,1.3045
1.0827,1.3045
1.0826,1.3045
1.0825,1.3045
1.0825,1.3036
1.0825,1.3036
1.0824,1.3036
1.0824,1.3036
1.0823,1.3036
1.0822,1.3036
1.0822,1.3036
1.0821,1.3036
1.0821,1.3036
1.082,1.3036
1.0819,1.3036
1.0819,1.3036
1.0818,1.3036
1.0817,1.3036
1.0817,1.3026
1.0817,1.3026
1.0816,1.3026
1.0816,1.3026
1.0815,1.3026
1.0814,1.3026
1.0814,1.3026
1.0813,1.3026
1.0813,1.3026
1.0812,1.3026
1.0811,1.3026
1.0811,1.3026
1.081,1.3026
1.081,1.3026
1.0809,1.3026
1.0809,1.3026
1.0808,1.3026
1.0807,1.3026
1.0807,1.3026
1.0806,1.3026
1.0806,1.3026
1.0805,1.3026
1.0804,1.3026
1.0804,1.3026
1.0803,1.3026
1.0803,1.3026
1.0802,1.3026
1.0801,1.3026
1.0801,1.3026
1.08,1.3026
1.08,1.3026
1.0799,1.3026
1.0799,1.3026
1.0798,1.3026
1.0797,1.3026
1.0797,1.3026
1.0796,1.3026
1.0796,1.3026
1.0795,1.3026
1.0795,1.3026
1.0794,1.3026
1.0793,1.3026
1.0793,1.3026
1.0792,1.3026
1.0792,1.3026
1.0791,1.3026
1.0791,1.3026
1.079,1.3026
1.0789,1.3026
1.0789,1.3026
1.0788,1.3026
1.0788,1.3026
1.0787,1.3026
1.0787,1.3026
1.0786,1.3026
1.0785,1.3026
1.0785,1.3026
1.0784,1.3026
1.0784,1.3026
1.0784,1.3017
1.0783,1.3017
1.0783,1.3008
1.0783,1.3008
1.0782,1.3008
1.0782,1.3008
1.0781,1.3008
1.0781,1.3008
1.078,1.3008
1.0779,1.3008
1.0779,1.3008
1.0778,1.3008
1.0778,1.3008
1.0777,1.3008
1.0777,1.2998
1.0777,1.2998
1.0776,1.2998
1.0776,1.2998
1.0775,1.2998
1.0774,1.2998
1.0774,1.2989
1.0774,1.2989
1.0773,1.2989
1.0773,1.2989
1.0773,1.298
1.0772,1.298
1.0772,1.298
1.0771,1.298
1.0771,1.298
1.077,1.298
1.077,1.298
1.0769,1.298
1.0769,1.298
1.0769,1.2971
1.0768,1.2971
1.0768,1.2971
1.0767,1.2971
1.0766,1.2971
1.0766,1.2971
1.0766,1.2962
1.0765,1.2962
1.0765,1.2962
1.0764,1.2962
1.0764,1.2962
1.0763,1.2962
1.0763,1.2953
1.0763,1.2953
1.0763,1.2944
1.0762,1.2944
1.0762,1.2944
1.0761,1.2944
1.0761,1.2944
1.076,1.2944
1.076,1.2944
1.0759,1.2944
1.0759,1.2944
1.0758,1.2944
1.0758,1.2936
1.0758,1.2936
1.0757,1.2936
1.0757,1.2927
1.0757,1.2927
1.0756,1.2927
1.0756,1.2927
1.0755,1.2927
1.0754,1.2927
1.0754,1.2927
1.0754,1.2918
1.0753,1.2918
1.0753,1.2918
1.0752,1.2918
1.0752,1.2918
1.0751,1.2918
1.0751,1.2909
1.0751,1.2909
1.075,1.2909
1.075,1.2901
1.075,1.2901
1.0749,1.2901
1.0749,1.2892
1.0749,1.2892
1.0748,1.2892
1.0748,1.2892
1.0747,1.2892
1.0747,1.2892
1.0746,1.2892
1.0746,1.2883
1.0746,1.2875
1.0746,1.2875
1.0746,1.2866
1.0745,1.2866
1.0745,1.2858
1.0745,1.2849
1.0745,1.2849
1.0744,1.2849
1.0744,1.2841
1.0744,1.2841
1.0744,1.2832
1.0743,1.2832
1.0743,1.2832
1.0742,1.2832
1.0742,1.2824
1.0742,1.2824
1.0742,1.2815
1.0741,1.2815
1.0741,1.2815
1.074,1.2815
1.074,1.2815
1.074,1.2807
1.074,1.2807
1.0739,1.2807
1.0739,1.2807
1.0738,1.2807
1.0738,1.2807
1.0737,1.2807
1.0737,1.2807
1.0736,1.2807
1.0736,1.2807
1.0735,1.2807
1.0735,1.2807
1.0734,1.2807
1.0734,1.2807
1.0733,1.2807
1.0733,1.2807
1.0733,1.2798
1.0732,1.2798
1.0732,1.2798
1.0732,1.279
1.0731,1.279
1.0731,1.279
1.073,1.279
1.073,1.279
1.0729,1.279
1.0729,1.279
1.0728,1.279
1.0728,1.279
1.0728,1.2782
1.0728,1.2782
1.0727,1.2782
1.0727,1.2782
1.0726,1.2782
1.0726,1.2782
1.0725,1.2782
1.0725,1.2782
1.0724,1.2782
1.0724,1.2782
1.0723,1.2782
1.0723,1.2782
1.0722,1.2782
1.0722,1.2782
1.0721,1.2782
1.0721,1.2782
1.0721,1.2782
1.072,1.2782
1.072,1.2782
1.0719,1.2782
1.0719,1.2782
1.0718,1.2782
1.0718,1.2782
1.0717,1.2782
1.0717,1.2782
1.0716,1.2782
1.0716,1.2782
1.0716,1.2782
1.0715,1.2782
1.0715,1.2782
1.0714,1.2782
1.0714,1.2782
1.0713,1.2782
1.0713,1.2782
1.0712,1.2782
1.0712,1.2782
1.0711,1.2782
1.0711,1.2782
1.0711,1.2782
1.071,1.2782
1.071,1.2782
1.0709,1.2782
1.0709,1.2782
1.0708,1.2782
1.0708,1.2782
1.0707,1.2782
1.0707,1.2782
1.0707,1.2782
1.0706,1.2782
1.0706,1.2782
1.0705,1.2782
1.0705,1.2782
1.0705,1.2774
1.0704,1.2774
1.0704,1.2774
1.0703,1.2774
1.0703,1.2774
1.0703,1.2774
1.0702,1.2774
1.0702,1.2766
1.0702,1.2758
1.0702,1.275
1.0702,1.275
1.0701,1.275
1.0701,1.275
1.07,1.275
1.07,1.275
1.07,1.275
1.07,1.2742
1.0699,1.2742
1.0699,1.2742
1.0698,1.2742
1.0698,1.2742
1.0697,1.2742
1.0697,1.2742
1.0697,1.2742
1.0696,1.2742
1.0696,1.2742
1.0695,1.2742
1.0695,1.2742
1.0694,1.2742
1.0694,1.2742
1.0694,1.2742
1.0693,1.2742
1.0693,1.2742
1.0693,1.2734
1.0692,1.2734
1.0692,1.2734
1.0691,1.2734
1.0691,1.2734
1.0691,1.2734
1.069,1.2734
1.069,1.2734
1.0689,1.2734
1.0689,1.2734
1.0688,1.2734
1.0688,1.2734
1.0688,1.2734
1.0687,1.2734
1.0687,1.2734
1.0686,1.2734
1.0686,1.2734
1.0686,1.2734
1.0685,1.2734
1.0685,1.2726
1.0685,1.2726
1.0684,1.2726
1.0684,1.2726
1.0683,1.2726
1.0683,1.2726
1.0683,1.2726
1.0682,1.2726
1.0682,1.2726
1.0681,1.2726
1.0681,1.2726
1.0681,1.2726
1.068,1.2726
1.068,1.2726
1.068,1.2719
1.0679,1.2719
1.0679,1.2719
1.0679,1.2719
1.0678,1.2719
1.0678,1.2719
1.0677,1.2719
1.0677,1.2719
1.0676,1.2719
1.0676,1.2719
1.0676,1.2719
1.0675,1.2719
1.0675,1.2719
1.0674,1.2719
1.0674,1.2719
1.0674,1.2719
1.0673,1.2719
1.0673,1.2719
1.0672,1.2719
1.0672,1.2719
1.0672,1.2719
1.0671,1.2719
1.0671,1.2719
1.067,1.2719
1.067,1.2719
1.067,1.2719
1.0669,1.2719
1.0669,1.2719
1.0668,1.2719
1.0668,1.2719
1.0668,1.2719
1.0667,1.2719
1.0667,1.2719
1.0667,1.2719
1.0666,1.2719
1.0666,1.2719
1.0665,1.2719
1.0665,1.2719
1.0665,1.2719
1.0664,1.2719
1.0664,1.2719
1.0663,1.2719
1.0663,1.2719
1.0663,1.2719
1.0662,1.2719
1.0662,1.2719
1.0662,1.2711
1.0661,1.2711
1.0661,1.2711
1.0661,1.2711
1.066,1.2711
1.066,1.2704
1.066,1.2704
1.066,1.2704
1.0659,1.2704
1.0659,1.2704
1.0658,1.2704
1.0658,1.2704
1.0658,1.2704
1.0658,1.2697
1.0657,1.2697
1.0657,1.2697
1.0656,1.2697
1.0656,1.2697
1.0656,1.2689
1.0656,1.2689
1.0655,1.2689
1.0655,1.2689
1.0655,1.2689
1.0654,1.2689
1.0654,1.2689
1.0653,1.2689
1.0653,1.2689
1.0653,1.2689
1.0652,1.2689
1.0652,1.2689
1.0652,1.2689
1.0651,1.2689
1.0651,1.2689
1.065,1.2689
1.065,1.2689
1.065,1.2689
1.0649,1.2689
1.0649,1.2689
1.0649,1.2689
1.0648,1.2689
1.0648,1.2689
1.0647,1.2689
1.0647,1.2689
1.0647,1.2689
1.0647,1.2682
1.0646,1.2682
1.0646,1.2682
1.0646,1.2682
1.0645,1.2682
1.0645,1.2682
1.0645,1.2682
1.0644,1.2682
1.0644,1.2682
1.0643,1.2682
1.0643,1.2682
1.0643,1.2682
1.0643,1.2675
1.0642,1.2675
1.0642,1.2675
1.0642,1.2668
1.0642,1.2668
1.0642,1.266
1.0642,1.2653
1.0641,1.2653
1.0641,1.2653
1.0641,1.2653
1.064,1.2653
1.064,1.2653
1.064,1.2646
1.0639,1.2646
1.0639,1.2646
1.0639,1.2646
1.0638,1.2646
1.0638,1.2646
1.0638,1.2646
1.0637,1.2646
1.0637,1.2646
1.0637,1.2639
1.0637,1.2639
1.0636,1.2639
1.0636,1.2639
1.0636,1.2639
1.0635,1.2639
1.0635,1.2639
1.0635,1.2632
1.0634,1.2632
1.0634,1.2632
1.0634,1.2632
1.0633,1.2632
1.0633,1.2632
1.0633,1.2632
1.0632,1.2632
1.0632,1.2625
1.0632,1.2625
1.0632,1.2625
1.0631,1.2625
1.0631,1.2625
1.0631,1.2625
1.063,1.2625
1.063,1.2618
1.063,1.2618
1.063,1.2618
1.063,1.2611
1.0629,1.2611
1.0629,1.2611
1.0629,1.2611
1.0628,1.2611
1.0628,1.2611
1.0627,1.2611
1.0627,1.2611
1.0627,1.2611
1.0626,1.2611
1.0626,1.2611
1.0626,1.2611
1.0625,1.2611
1.0625,1.2611
1.0625,1.2611
1.0624,1.2611
1.0624,1.2611
1.0624,1.2611
1.0623,1.2611
1.0623,1.2604
1.0623,1.2597
1.0623,1.2597
1.0623,1.2597
1.0622,1.2597
1.0622,1.2597
1.0622,1.2597
1.0621,1.2597
1.0621,1.2597
1.0621,1.2597
1.0621,1.2591
1.062,1.2591
1.062,1.2591
1.062,1.2591
1.0619,1.2591
1.0619,1.2591
1.0619,1.2584
1.0619,1.2584
1.0618,1.2584
1.0618,1.2584
1.0618,1.2584
1.0617,1.2584
1.0617,1.2584
1.0617,1.2584
1.0617,1.2577
1.0616,1.2577
1.0616,1.2577
1.0616,1.2577
1.0615,1.2577
1.0615,1.2577
1.0615,1.2577
1.0614,1.2577
1.0614,1.2577
1.0614,1.2577
1.0613,1.2577
1.0613,1.2577
1.0613,1.2577
1.0612,1.2577
1.0612,1.2577
1.0612,1.2577
1.0612,1.257
1.0612,1.2563
1.0611,1.2563
1.0611,1.2563
1.0611,1.2563
1.061,1.2563
1.061,1.2563
1.061,1.2563
1.0609,1.2563
1.0609,1.2563
1.0609,1.2563
1.0608,1.2563
1.0608,1.2563
1.0608,1.2557
1.0608,1.2557
1.0607,1.2557
1.0607,1.2557
1.0607,1.2557
1.0606,1.2557
1.0606,1.2557
1.0606,1.2557
1.0606,1.2557
1.0605,1.2557
1.0605,1.2557
1.0605,1.2557
1.0604,1.2557
1.0604,1.2557
1.0604,1.2557
1.0603,1.2557
1.0603,1.2557
1.0603,1.2557
1.0602,1.2557
1.0602,1.2557
1.0602,1.2557
1.0601,1.2557
1.0601,1.2557
1.0601,1.2557
1.06,1.2557
1.06,1.2557
1.06,1.2557
1.06,1.255
1.06,1.255
1.0599,1.255
1.0599,1.255
1.0599,1.255
1.0598,1.255
1.0598,1.255
1.0598,1.2544
1.0598,1.2544
1.0597,1.2544
1.0597,1.2544
1.0597,1.2544
1.0596,1.2544
1.0596,1.2544
1.0596,1.2544
1.0595,1.2544
1.0595,1.2537
1.0595,1.2537
1.0595,1.2537
1.0595,1.2537
1.0594,1.2537
1.0594,1.2531
1.0594,1.2531
1.0594,1.2531
1.0593,1.2531
1.0593,1.2531
1.0593,1.2531
1.0592,1.2531
1.0592,1.2531
1.0592,1.2531
1.0591,1.2531
1.0591,1.2531
1.0591,1.2531
1.0591,1.2531
1.059,1.2531
1.059,1.2531
1.059,1.2531
1.0589,1.2531
1.0589,1.2531
1.0589,1.2531
1.0588,1.2531
1.0588,1.2531
1.0588,1.2531
1.0588,1.2531
1.0588,1.2524
1.0587,1.2524
1.0587,1.2518
1.0587,1.2518
1.0587,1.2511
1.0587,1.2511
1.0586,1.2511
1.0586,1.2511
1.0586,1.2511
1.0585,1.2511
1.0585,1.2505
1.0585,1.2505
1.0585,1.2505
1.0585,1.2505
1.0584,1.2505
1.0584,1.2505
1.0584,1.2505
1.0583,1.2505
1.0583,1.2505
1.0583,1.2505
1.0583,1.2499
1.0583,1.2492
1.0582,1.2492
1.0582,1.2492
1.0582,1.2492
1.0582,1.2492
1.0582,1.2486
1.0581,1.2486
1.0581,1.248
1.0581,1.248
1.0581,1.248
1.0581,1.2474
1.058,1.2474
1.058,1.2474
1.058,1.2474
1.058,1.2474
1.0579,1.2474
1.0579,1.2474
1.0579,1.2467
1.0579,1.2461
1.0579,1.2461
1.0578,1.2461
1.0578,1.2461
1.0578,1.2461
1.0578,1.2455
1.0578,1.2455
1.0577,1.2455
1.0577,1.2455
1.0577,1.2455
1.0576,1.2455
1.0576,1.2455
1.0576,1.2455
1.0576,1.2455
1.0575,1.2455
1.0575,1.2449
1.0575,1.2449
1.0575,1.2442
1.0575,1.2442
1.0574,1.2442
1.0574,1.2436
1.0574,1.243
1.0574,1.243
1.0574,1.243
1.0574,1.243
1.0573,1.243
1.0573,1.243
1.0573,1.243
1.0572,1.243
1.0572,1.243
1.0572,1.243
1.0572,1.243
1.0571,1.243
1.0571,1.243
1.0571,1.243
1.057,1.243
1.057,1.243
1.057,1.243
1.057,1.243
1.0569,1.243
1.0569,1.243
1.0569,1.243
1.0568,1.243
1.0568,1.243
1.0568,1.243
1.0568,1.2424
1.0568,1.2424
1.0567,1.2424
1.0567,1.2424
1.0567,1.2424
1.0566,1.2424
1.0566,1.2418
1.0566,1.2418
1.0566,1.2418
1.0566,1.2418
1.0565,1.2418
1.0565,1.2418
1.0565,1.2418
1.0565,1.2418
1.0564,1.2418
1.0564,1.2418
1.0564,1.2412
1.0564,1.2412
1.0563,1.2412
1.0563,1.2412
1.0563,1.2412
1.0563,1.2412
1.0562,1.2412
1.0562,1.2412
1.0562,1.2412
1.0562,1.2406
1.0562,1.2406
1.0561,1.2406
1.0561,1.2406
1.0561,1.2406
1.056,1.2406
1.056,1.2406
1.056,1.2406
1.056,1.24
1.056,1.24
1.0559,1.24
1.0559,1.24
1.0559,1.24
1.0559,1.24
1.0559,1.2394
1.0558,1.2394
1.0558,1.2394
1.0558,1.2388
1.0558,1.2388
1.0558,1.2388
1.0557,1.2388
1.0557,1.2382
1.0557,1.2382
1.0557,1.2382
1.0556,1.2382
1.0556,1.2382
1.0556,1.2382
1.0556,1.2382
1.0555,1.2382
1.0555,1.2382
1.0555,1.2376
1.0555,1.2376
1.0555,1.237
1.0555,1.237
1.0554,1.237
1.0554,1.237
1.0554,1.237
1.0554,1.237
1.0553,1.237
1.0553,1.237
1.0553,1.237
1.0552,1.237
1.0552,1.237
1.0552,1.237
1.0552,1.237
1.0551,1.237
1.0551,1.237
1.0551,1.237
1.0551,1.237
1.055,1.237
1.055,1.237
1.055,1.237
1.055,1.237
1.055,1.2364
1.0549,1.2364
1.0549,1.2364
1.0549,1.2364
1.0549,1.2364
1.0548,1.2364
1.0548,1.2364
1.0548,1.2359
1.0548,1.2359
1.0548,1.2359
1.0547,1.2359
1.0547,1.2359
1.0547,1.2353
1.0547,1.2353
1.0547,1.2353
1.0546,1.2353
1.0546,1.2353
1.0546,1.2353
1.0545,1.2353
1.0545,1.2353
1.0545,1.2353
1.0545,1.2353
1.0544,1.2353
1.0544,1.2353
1.0544,1.2353
1.0544,1.2347
1.0544,1.2347
1.0544,1.2341
1.0543,1.2341
1.0543,1.2341
1.0543,1.2341
1.0543,1.2341
1.0542,1.2341
1.0542,1.2335
1.0542,1.2335
1.0542,1.2335
1.0542,1.2335
1.0541,1.2335
1.0541,1.2335
1.0541,1.2335
1.0541,1.2335
1.0541,1.233
1.0541,1.2324
1.054,1.2324
1.054,1.2324
1.054,1.2324
1.054,1.2324
1.0539,1.2324
1.0539,1.2324
1.0539,1.2324
1.0539,1.2318
1.0539,1.2318
1.0538,1.2318
1.0538,1.2318
1.0538,1.2318
1.0538,1.2318
1.0537,1.2318
1.0537,1.2318
1.0537,1.2318
1.0537,1.2313
1.0537,1.2313
1.0536,1.2313
1.0536,1.2307
1.0536,1.2301
1.0536,1.2301
1.0536,1.2301
1.0536,1.2301
1.0535,1.2301
1.0535,1.2301
1.0535,1.2301
1.0535,1.2301
1.0534,1.2301
1.0534,1.2301
1.0534,1.2301
1.0534,1.2301
1.0534,1.2296
1.0534,1.2296
1.0534,1.229
1.0533,1.229
1.0533,1.229
1.0533,1.229
1.0533,1.229
1.0532,1.229
1.0532,1.2285
1.0532,1.2285
1.0532,1.2285
1.0532,1.2285
1.0531,1.2285
1.0531,1.2285
1.0531,1.2285
1.0531,1.2279
1.0531,1.2279
1.053,1.2279
1.053,1.2273
1.053,1.2273
1.053,1.2273
1.053,1.2273
1.0529,1.2273
1.0529,1.2273
1.0529,1.2273
1.0529,1.2273
1.0528,1.2273
1.0528,1.2273
1.0528,1.2273
1.0528,1.2273
1.0528,1.2273
1.0527,1.2273
1.0527,1.2273
1.0527,1.2273
1.0527,1.2273
1.0526,1.2273
1.0526,1.2273
1.0526,1.2273
1.0526,1.2273
1.0525,1.2273
1.0525,1.2273
1.0525,1.2268
1.0525,1.2268
1.0525,1.2268
1.0524,1.2268
1.0524,1.2268
1.0524,1.2268
1.0524,1.2268
1.0524,1.2268
1.0523,1.2268
1.0523,1.2262
1.0523,1.2257
1.0523,1.2257
1.0523,1.2252
1.0523,1.2252
1.0523,1.2252
1.0522,1.2252
1.0522,1.2252
1.0522,1.2252
1.0522,1.2252
1.0521,1.2252
1.0521,1.2246
1.0521,1.2246
1.0521,1.2246
1.0521,1.2246
1.052,1.2246
1.052,1.2246
1.052,1.2246
1.052,1.2246
1.052,1.2246
1.0519,1.2246
1.0519,1.2246
1.0519,1.2246
1.0519,1.2246
1.0518,1.2246
1.0518,1.2246
1.0518,1.2246
1.0518,1.2246
1.0518,1.2246
1.0517,1.2246
1.0517,1.2246
1.0517,1.2246
1.0517,1.2246
1.0516,1.2246
1.0516,1.2246
1.0516,1.2246
1.0516,1.2246
1.0516,1.2241
1.0515,1.2241
1.0515,1.2241
1.0515,1.2241
1.0515,1.2241
1.0515,1.2241
1.0514,1.2241
1.0514,1.2241
1.0514,1.2235
1.0514,1.2235
1.0514,1.2235
1.0513,1.2235
1.0513,1.2235
1.0513,1.2235
1.0513,1.223
1.0513,1.223
1.0513,1.223
1.0512,1.223
1.0512,1.223
1.0512,1.223
1.0512,1.223
1.0511,1.223
1.0511,1.223
1.0511,1.223
1.0511,1.223
1.0511,1.223
1.051,1.223
1.051,1.2225
1.051,1.2225
1.051,1.2219
1.051,1.2219
1.051,1.2219
1.0509,1.2219
1.0509,1.2214
1.0509,1.2214
1.0509,1.2214
1.0509,1.2214
1.0509,1.2214
1.0508,1.2214
1.0508,1.2214
1.0508,1.2209
1.0508,1.2209
1.0508,1.2209
1.0507,1.2209
1.0507,1.2209
1.0507,1.2209
1.0507,1.2209
1.0507,1.2209
1.0506,1.2209
1.0506,1.2209
1.0506,1.2209
1.0506,1.2204
1.0506,1.2204
1.0506,1.2204
1.0505,1.2204
1.0505,1.2204
1.0505,1.2204
1.0505,1.2204
1.0504,1.2204
1.0504,1.2204
1.0504,1.2204
1.0504,1.2204
1.0504,1.2204
1.0503,1.2204
1.0503,1.2204
1.0503,1.2204
1.0503,1.2198
1.0503,1.2198
1.0502,1.2198
1.0502,1.2198
1.0502,1.2198
1.0502,1.2193
1.0502,1.2193
1.0502,1.2193
1.0501,1.2193
1.0501,1.2193
1.0501,1.2193
1.0501,1.2193
1.0501,1.2193
1.05,1.2193
1.05,1.2193
1.05,1.2193
1.05,1.2193
1.05,1.2193
1.0499,1.2193
1.0499,1.2193
1.0499,1.2193
1.0499,1.2193
1.0498,1.2193
1.0498,1.2193
1.0498,1.2193
1.0498,1.2193
1.0498,1.2193
1.0497,1.2193
1.0497,1.2193
1.0497,1.2193
1.0497,1.2193
1.0497,1.2193
1.0496,1.2193
1.0496,1.2193
1.0496,1.2193
1.0496,1.2193
1.0496,1.2193
1.0495,1.2193
1.0495,1.2193
1.0495,1.2188
1.0495,1.2188
1.0495,1.2188
1.0494,1.2188
1.0494,1.2188
1.0494,1.2188
1.0494,1.2188
1.0494,1.2188
1.0493,1.2188
1.0493,1.2188
1.0493,1.2188
1.0493,1.2188
1.0493,1.2188
1.0492,1.2188
1.0492,1.2188
1.0492,1.2188
1.0492,1.2188
1.0492,1.2183
1.0492,1.2183
1.0491,1.2183
1.0491,1.2183
1.0491,1.2183
1.0491,1.2183
1.0491,1.2183
1.049,1.2183
1.049,1.2178
1.049,1.2178
1.049,1.2178
1.049,1.2178
1.049,1.2178
1.0489,1.2178
1.0489,1.2178
1.0489,1.2178
1.0489,1.2178
1.0489,1.2178
1.0488,1.2178
1.0488,1.2178
1.0488,1.2178
1.0488,1.2178
1.0488,1.2178
1.0488,1.2173
1.0488,1.2168
1.0487,1.2168
1.0487,1.2168
1.0487,1.2168
1.0487,1.2168
1.0487,1.2168
1.0486,1.2168
1.0486,1.2168
1.0486,1.2168
1.0486,1.2168
1.0486,1.2168
1.0486,1.2163
1.0485,1.2163
1.0485,1.2163
1.0485,1.2163
1.0485,1.2163
1.0485,1.2163
1.0484,1.2163
1.0484,1.2163
1.0484,1.2163
1.0484,1.2163
1.0484,1.2163
1.0483,1.2163
1.0483,1.2163
1.0483,1.2163
1.0483,1.2163
1.0483,1.2163
1.0482,1.2163
1.0482,1.2163
1.0482,1.2163
1.0482,1.2163
1.0482,1.2163
1.0482,1.2158
1.0481,1.2158
1.0481,1.2158
1.0481,1.2158
1.0481,1.2158
1.0481,1.2158
1.048,1.2158
1.048,1.2158
1.048,1.2158
1.048,1.2158
1.048,1.2158
1.0479,1.2158
1.0479,1.2158
1.0479,1.2158
1.0479,1.2158
1.0479,1.2158
1.0478,1.2158
1.0478,1.2153
1.0478,1.2153
1.0478,1.2153
1.0478,1.2153
1.0478,1.2153
1.0478,1.2153
1.0477,1.2153
1.0477,1.2153
1.0477,1.2153
1.0477,1.2153
1.0477,1.2153
1.0476,1.2153
1.0476,1.2153
1.0476,1.2153
1.0476,1.2153
1.0476,1.2153
1.0475,1.2153
1.0475,1.2153
1.0475,1.2153
1.0475,1.2153
1.0475,1.2153
1.0474,1.2153
1.0474,1.2153
1.0474,1.2153
1.0474,1.2153
1.0474,1.2153
1.0473,1.2153
1.0473,1.2153
1.0473,1.2153
1.0473,1.2153
1.0473,1.2153
1.0473,1.2153
1.0472,1.2153
1.0472,1.2153
1.0472,1.2153
1.0472,1.2153
1.0472,1.2153
1.0471,1.2153
1.0471,1.2153
1.0471,1.2153
1.0471,1.2153
1.0471,1.2153
1.047,1.2153
1.047,1.2153
1.047,1.2148
1.047,1.2148
1.047,1.2143
1.047,1.2143
1.047,1.2143
1.047,1.2143
1.0469,1.2143
1.0469,1.2143
1.0469,1.2143
1.0469,1.2143
1.0469,1.2143
1.0468,1.2143
1.0468,1.2143
1.0468,1.2143
1.0468,1.2143
1.0468,1.2143
1.0468,1.2143
1.0467,1.2143
1.0467,1.2143
1.0467,1.2139
1.0467,1.2139
1.0467,1.2134
1.0467,1.2134
1.0467,1.2134
1.0466,1.2134
1.0466,1.2134
1.0466,1.2134
1.0466,1.2129
1.0466,1.2129
1.0466,1.2129
1.0465,1.2129
1.0465,1.2124
1.0465,1.2124
1.0465,1.2124
1.0465,1.2124
1.0465,1.2124
1.0465,1.2124
1.0464,1.2124
1.0464,1.2124
1.0464,1.2124
1.0464,1.2124
1.0464,1.2124
1.0463,1.2124
1.0463,1.2124
1.0463,1.2124
1.0463,1.2124
1.0463,1.2124
1.0463,1.2124
1.0462,1.2124
1.0462,1.2124
1.0462,1.212
1.0462,1.2115
1.0462,1.2115
1.0462,1.2115
1.0462,1.2115
1.0462,1.2115
1.0461,1.2115
1.0461,1.2115
1.0461,1.2115
1.0461,1.2115
1.0461,1.211
1.0461,1.211
1.046,1.211
1.046,1.211
1.046,1.211
1.046,1.211
1.046,1.211
1.046,1.211
1.046,1.2106
1.0459,1.2106
1.0459,1.2106
1.0459,1.2106
1.0459,1.2106
1.0459,1.2106
1.0458,1.2106
1.0458,1.2101
1.0458,1.2096
1.0458,1.2096
1.0458,1.2096
1.0458,1.2096
1.0458,1.2096
1.0458,1.2096
1.0457,1.2096
1.0457,1.2096
1.0457,1.2096
1.0457,1.2096
1.0457,1.2092
1.0457,1.2092
1.0457,1.2092
1.0456,1.2092
1.0456,1.2087
1.0456,1.2082
1.0456,1.2082
1.0456,1.2078
1.0456,1.2078
1.0456,1.2078
1.0456,1.2078
1.0456,1.2073
1.0455,1.2073
1.0455,1.2073
1.0455,1.2073
1.0455,1.2073
1.0455,1.2073
1.0455,1.2073
1.0454,1.2073
1.0454,1.2073
1.0454,1.2073
1.0454,1.2073
1.0454,1.2073
1.0454,1.2073
1.0453,1.2073
1.0453,1.2073
1.0453,1.2073
1.0453,1.2073
1.0453,1.2073
1.0453,1.2073
1.0452,1.2073
1.0452,1.2073
1.0452,1.2073
1.0452,1.2073
1.0452,1.2073
1.0452,1.2073
1.0451,1.2073
1.0451,1.2073
1.0451,1.2073
1.0451,1.2073
1.0451,1.2073
1.0451,1.2073
1.045,1.2073
1.045,1.2073
1.045,1.2073
1.045,1.2073
1.045,1.2073
1.0449,1.2073
1.0449,1.2073
1.0449,1.2073
1.0449,1.2073
1.0449,1.2073
1.0449,1.2069
1.0449,1.2069
1.0448,1.2069
1.0448,1.2069
1.0448,1.2069
1.0448,1.2069
1.0448,1.2069
1.0448,1.2069
1.0447,1.2069
1.0447,1.2069
1.0447,1.2069
1.0447,1.2069
1.0447,1.2064
1.0447,1.2064
1.0447,1.2064
1.0446,1.2064
1.0446,1.2064
1.0446,1.2064
1.0446,1.2059
1.0446,1.2059
1.0446,1.2059
1.0446,1.2059
1.0445,1.2059
1.0445,1.2059
1.0445,1.2059
1.0445,1.2059
1.0445,1.2059
1.0445,1.2059
1.0444,1.2059
1.0444,1.2059
1.0444,1.2059
1.0444,1.2059
1.0444,1.2059
1.0444,1.2059
1.0443,1.2059
1.0443,1.2059
1.0443,1.2059
1.0443,1.2059
1.0443,1.2059
1.0443,1.2059
1.0442,1.2059
1.0442,1.2055
1.0442,1.2051
1.0442,1.2051
1.0442,1.2051
1.0442,1.2051
1.0442,1.2051
1.0442,1.2051
1.0441,1.2051
1.0441,1.2051
1.0441,1.2051
1.0441,1.2046
1.0441,1.2046
1.0441,1.2046
1.0441,1.2046
1.0441,1.2046
1.0441,1.2042
1.0441,1.2037
1.044,1.2037
1.044,1.2037
1.044,1.2037
1.044,1.2037
1.044,1.2037
1.044,1.2037
1.0439,1.2037
1.0439,1.2037
1.0439,1.2037
1.0439,1.2037
1.0439,1.2037
1.0439,1.2037
1.0438,1.2037
1.0438,1.2037
1.0438,1.2037
1.0438,1.2037
1.0438,1.2037
1.0438,1.2037
1.0437,1.2037
1.0437,1.2037
1.0437,1.2037
1.0437,1.2037
1.0437,1.2037
1.0437,1.2037
1.0436,1.2037
1.0436,1.2033
1.0436,1.2033
1.0436,1.2033
1.0436,1.2033
1.0436,1.2033
1.0436,1.2033
1.0436,1.2033
1.0435,1.2033
1.0435,1.2033
1.0435,1.2033
1.0435,1.2033
1.0435,1.2033
1.0435,1.2028
1.0435,1.2028
1.0434,1.2028
1.0434,1.2028
1.0434,1.2028
1.0434,1.2024
1.0434,1.2024
1.0434,1.202
1.0434,1.202
1.0434,1.202
1.0433,1.202
1.0433,1.202
1.0433,1.202
1.0433,1.202
1.0433,1.202
1.0433,1.2015
1.0433,1.2015
1.0433,1.2015
1.0432,1.2015
1.0432,1.2015
1.0432,1.2015
1.0432,1.2015
1.0432,1.2015
1.0432,1.2015
1.0431,1.2015
1.0431,1.2015
1.0431,1.2015
1.0431,1.2015
1.0431,1.2015
1.0431,1.2015
1.0431,1.2015
1.043,1.2015
1.043,1.2015
1.043,1.2015
1.043,1.2015
1.043,1.2015
1.043,1.2015
1.0429,1.2015
1.0429,1.2015
1.0429,1.2015
1.0429,1.2015
1.0429,1.2015
1.0429,1.2015
1.0429,1.2011
1.0429,1.2011
1.0429,1.2007
1.0428,1.2007
1.0428,1.2007
1.0428,1.2007
1.0428,1.2007
1.0428,1.2007
1.0428,1.2003
1.0428,1.2003
1.0427,1.2003
1.0427,1.2003
1.0427,1.2003
1.0427,1.2003
1.0427,1.2003
1.0427,1.2003
1.0427,1.2003
1.0426,1.2003
1.0426,1.2003
1.0426,1.2003
1.0426,1.2003
1.0426,1.2003
1.0426,1.2003
1.0425,1.2003
1.0425,1.2003
1.0425,1.2003
1.0425,1.2003
1.0425,1.2003
1.0425,1.2003
1.0425,1.2003
1.0424,1.2003
1.0424,1.2003
1.0424,1.2003
1.0424,1.2003
1.0424,1.2003
1.0424,1.2003
1.0424,1.2003
1.0423,1.2003
1.0423,1.2003
1.0423,1.1998
1.0423,1.1998
1.0423,1.1998
1.0423,1.1998
1.0423,1.1998
1.0422,1.1998
1.0422,1.1998
1.0422,1.1998
1.0422,1.1998
1.0422,1.1998
1.0422,1.1998
1.0422,1.1994
1.0422,1.1994
1.0421,1.1994
1.0421,1.1994
1.0421,1.1994
1.0421,1.1994
1.0421,1.1994
1.0421,1.1994
1.0421,1.1994
1.042,1.1994
1.042,1.1994
1.042,1.1994
1.042,1.1994
1.042,1.1994
1.042,1.1994
1.042,1.1994
1.0419,1.1994
1.0419,1.1994
1.0419,1.1994
1.0419,1.1994
1.0419,1.199
1.0419,1.199
1.0419,1.199
1.0419,1.1986
1.0419,1.1986
1.0418,1.1986
1.0418,1.1986
1.0418,1.1986
1.0418,1.1986
1.0418,1.1982
1.0418,1.1982
1.0418,1.1982
1.0417,1.1982
1.0417,1.1982
1.0417,1.1982
1.0417,1.1982
1.0417,1.1982
1.0417,1.1982
1.0417,1.1982
1.0416,1.1982
1.0416,1.1982
1.0416,1.1982
1.0416,1.1982
1.0416,1.1982
1.0416,1.1982
1.0416,1.1977
1.0416,1.1977
1.0415,1.1977
1.0415,1.1977
1.0415,1.1977
1.0415,1.1977
1.0415,1.1977
1.0415,1.1977
1.0415,1.1977
1.0414,1.1977
1.0414,1.1977
1.0414,1.1977
1.0414,1.1973
1.0414,1.1973
1.0414,1.1969
1.0414,1.1969
1.0414,1.1969
1.0414,1.1969
1.0413,1.1969
1.0413,1.1969
1.0413,1.1969
1.0413,1.1969
1.0413,1.1965
1.0413,1.1965
1.0413,1.1961
1.0413,1.1961
1.0413,1.1961
1.0412,1.1961
1.0412,1.1961
1.0412,1.1961
1.0412,1.1961
1.0412,1.1961
1.0412,1.1961
1.0412,1.1961
1.0412,1.1957
1.0412,1.1953
1.0411,1.1953
1.0411,1.1953
1.0411,1.1949
1.0411,1.1949
1.0411,1.1949
1.0411,1.1949
1.0411,1.1949
1.0411,1.1949
1.041,1.1949
1.041,1.1949
1.041,1.1945
1.041,1.1945
1.041,1.1945
1.041,1.1945
1.041,1.1945
1.041,1.1945
1.041,1.1945
1.0409,1.1945
1.0409,1.1945
1.0409,1.1945
1.0409,1.1945
1.0409,1.1945
1.0409,1.1945
1.0409,1.1945
1.0409,1.1941
1.0408,1.1941
1.0408,1.1941
1.0408,1.1941
1.0408,1.1941
1.0408,1.1941
1.0408,1.1941
1.0408,1.1941
1.0407,1.1941
1.0407,1.1941
1.0407,1.1941
1.0407,1.1941
1.0407,1.1941
1.0407,1.1941
1.0407,1.1941
1.0406,1.1941
1.0406,1.1941
1.0406,1.1941
1.0406,1.1936
1.0406,1.1936
1.0406,1.1936
1.0406,1.1936
1.0406,1.1936
1.0406,1.1936
1.0405,1.1936
1.0405,1.1936
1.0405,1.1936
1.0405,1.1936
1.0405,1.1936
1.0405,1.1936
1.0405,1.1936
1.0404,1.1936
1.0404,1.1936
1.0404,1.1936
1.0404,1.1936
1.0404,1.1936
1.0404,1.1936
1.0404,1.1936
1.0403,1.1936
1.0403,1.1936
1.0403,1.1936
1.0403,1.1936
1.0403,1.1936
1.0403,1.1936
1.0403,1.1936
1.0403,1.1936
1.0402,1.1936
1.0402,1.1936
1.0402,1.1932
1.0402,1.1932
1.0402,1.1932
1.0402,1.1932
1.0402,1.1932
1.0402,1.1932
1.0401,1.1932
1.0401,1.1932
1.0401,1.1932
1.0401,1.1932
1.0401,1.1932
1.0401,1.1929
1.0401,1.1929
1.0401,1.1929
1.0401,1.1925
1.0401,1.1925
1.0401,1.1921
1.04,1.1921
1.04,1.1921
1.04,1.1921
1.04,1.1921
1.04,1.1921
1.04,1.1921
1.04,1.1921
1.0399,1.1921
1.0399,1.1921
1.0399,1.1921
1.0399,1.1921
1.0399,1.1921
1.0399,1.1921
1.0399,1.1921
1.0399,1.1921
1.0398,1.1921
1.0398,1.1921
1.0398,1.1921
1.0398,1.1921
1.0398,1.1921
1.0398,1.1921
1.0398,1.1921
1.0398,1.1921
1.0397,1.1921
1.0397,1.1921
1.0397,1.1921
1.0397,1.1921
1.0397,1.1921
1.0397,1.1921
1.0397,1.1921
1.0396,1.1921
1.0396,1.1921
1.0396,1.1921
1.0396,1.1921
1.0396,1.1917
1.0396,1.1917
1.0396,1.1917
1.0396,1.1917
1.0396,1.1917
1.0396,1.1913
1.0395,1.1913
1.0395,1.1913
1.0395,1.1913
1.0395,1.1913
1.0395,1.1913
1.0395,1.1913
1.0395,1.1913
1.0395,1.1913
1.0394,1.1913
1.0394,1.1913
1.0394,1.1909
1.0394,1.1909
1.0394,1.1909
1.0394,1.1909
1.0394,1.1909
1.0394,1.1909
1.0393,1.1909
1.0393,1.1909
1.0393,1.1909
1.0393,1.1909
1.0393,1.1909
1.0393,1.1909
1.0393,1.1909
1.0393,1.1909
1.0392,1.1909
1.0392,1.1909
1.0392,1.1909
1.0392,1.1909
1.0392,1.1909
1.0392,1.1909
1.0392,1.1909
1.0392,1.1909
1.0392,1.1905
1.0391,1.1905
1.0391,1.1905
1.0391,1.1905
1.0391,1.1905
1.0391,1.1901
1.0391,1.1901
1.0391,1.1901
1.0391,1.1901
1.0391,1.1901
1.039,1.1901
1.039,1.1901
1.039,1.1897
1.039,1.1897
1.039,1.1897
1.039,1.1897
1.039,1.1897
1.039,1.1897
1.039,1.1894
1.039,1.1894
1.0389,1.1894
1.0389,1.1894
1.0389,1.1894
1.0389,1.1894
1.0389,1.1894
1.0389,1.1894
1.0389,1.1894
1.0389,1.1894
1.0388,1.1894
1.0388,1.1894
1.0388,1.1894
1.0388,1.1894
1.0388,1.1894
1.0388,1.1894
1.0388,1.1894
1.0388,1.1894
1.0387,1.1894
1.0387,1.1894
1.0387,1.1894
1.0387,1.1894
1.0387,1.1894
1.0387,1.1894
1.0387,1.1894
1.0387,1.1894
1.0386,1.1894
1.0386,1.1894
1.0386,1.1894
1.0386,1.1894
1.0386,1.189
1.0386,1.189
1.0386,1.189
1.0386,1.189
1.0386,1.189
1.0386,1.1886
1.0385,1.1886
1.0385,1.1886
1.0385,1.1886
1.0385,1.1886
1.0385,1.1882
1.0385,1.1882
1.0385,1.1882
1.0385,1.1882
1.0385,1.1882
1.0385,1.1878
1.0384,1.1878
1.0384,1.1878
1.0384,1.1878
1.0384,1.1878
1.0384,1.1878
1.0384,1.1878
1.0384,1.1878
1.0384,1.1878
1.0384,1.1878
1.0383,1.1878
1.0383,1.1878
1.0383,1.1878
1.0383,1.1875
1.0383,1.1875
1.0383,1.1875
1.0383,1.1875
1.0383,1.1875
1.0383,1.1875
1.0382,1.1875
1.0382,1.1875
1.0382,1.1875
1.0382,1.1875
1.0382,1.1875
1.0382,1.1875
1.0382,1.1871
1.0382,1.1871
1.0382,1.1871
1.0381,1.1871
1.0381,1.1871
1.0381,1.1871
1.0381,1.1871
1.0381,1.1871
1.0381,1.1871
1.0381,1.1871
1.0381,1.1871
1.038,1.1871
1.038,1.1867
1.038,1.1867
1.038,1.1867
1.038,1.1867
1.038,1.1867
1.038,1.1867
1.038,1.1867
1.038,1.1867
1.038,1.1867
1.0379,1.1867
1.0379,1.1867
1.0379,1.1867
1.0379,1.1867
1.0379,1.1867
1.0379,1.1867
1.0379,1.1867
1.0379,1.1867
1.0378,1.1867
1.0378,1.1867
1.0378,1.1863
1.0378,1.1863
1.0378,1.1863
1.0378,1.1863
1.0378,1.1863
1.0378,1.1863
1.0378,1.1863
1.0378,1.1863
1.0377,1.1863
1.0377,1.1863
1.0377,1.1863
1.0377,1.1863
1.0377,1.1863
1.0377,1.1863
1.0377,1.1863
1.0377,1.1863
1.0376,1.1863
1.0376,1.186
1.0376,1.186
1.0376,1.186
1.0376,1.186
1.0376,1.186
1.0376,1.186
1.0376,1.186
1.0376,1.186
1.0376,1.186
1.0375,1.186
1.0375,1.186
1.0375,1.186
1.0375,1.1856
1.0375,1.1852
1.0375,1.1852
1.0375,1.1852
1.0375,1.1852
1.0375,1.1852
1.0375,1.1852
1.0375,1.1852
1.0374,1.1852
1.0374,1.1852
1.0374,1.1852
1.0374,1.1852
1.0374,1.1852
1.0374,1.1852
1.0374,1.1852
1.0374,1.1852
1.0373,1.1852
1.0373,1.1852
1.0373,1.1849
1.0373,1.1849
1.0373,1.1849
1.0373,1.1849
1.0373,1.1849
1.0373,1.1849
1.0373,1.1849
1.0373,1.1849
1.0372,1.1849
1.0372,1.1849
1.0372,1.1849
1.0372,1.1849
1.0372,1.1849
1.0372,1.1849
1.0372,1.1849
1.0372,1.1849
1.0372,1.1849
1.0371,1.1849
1.0371,1.1849
1.0371,1.1849
1.0371,1.1849
1.0371,1.1845
1.0371,1.1845
1.0371,1.1845
1.0371,1.1845
1.0371,1.1845
1.0371,1.1845
1.037,1.1845
1.037,1.1845
1.037,1.1845
1.037,1.1845
1.037,1.1845
1.037,1.1845
1.037,1.1845
1.037,1.1845
1.0369,1.1845
1.0369,1.1845
1.0369,1.1845
1.0369,1.1845
1.0369,1.1845
1.0369,1.1845
1.0369,1.1845
1.0369,1.1845
1.0369,1.1842
1.0369,1.1842
1.0368,1.1842
1.0368,1.1842
1.0368,1.1842
1.0368,1.1842
1.0368,1.1842
1.0368,1.1842
1.0368,1.1842
1.0368,1.1842
1.0368,1.1842
1.0367,1.1842
1.0367,1.1842
1.0367,1.1842
1.0367,1.1838
1.0367,1.1834
1.0367,1.1834
1.0367,1.1834
1.0367,1.1834
1.0367,1.1834
1.0367,1.1834
1.0367,1.1834
1.0367,1.1831
1.0366,1.1831
1.0366,1.1827
1.0366,1.1824
1.0366,1.182
1.0366,1.182
1.0366,1.182
1.0366,1.182
1.0366,1.182
1.0366,1.182
1.0366,1.182
1.0366,1.1817
1.0366,1.1817
1.0366,1.1813
1.0366,1.1813
1.0365,1.1813
1.0365,1.1813
1.0365,1.1813
1.0365,1.1813
1.0365,1.1813
1.0365,1.1813
1.0365,1.1813
1.0365,1.181
1.0365,1.181
1.0365,1.1806
1.0365,1.1806
1.0365,1.1806
1.0364,1.1806
1.0364,1.1806
1.0364,1.1806
1.0364,1.1806
1.0364,1.1806
1.0364,1.1806
1.0364,1.1806
1.0364,1.1806
1.0364,1.1806
1.0363,1.1806
1.0363,1.1806
1.0363,1.1802
1.0363,1.1802
1.0363,1.1799
1.0363,1.1799
1.0363,1.1799
1.0363,1.1799
1.0363,1.1795
1.0363,1.1795
1.0363,1.1795
1.0363,1.1795
1.0363,1.1792
1.0362,1.1792
1.0362,1.1792
1.0362,1.1792
1.0362,1.1792
1.0362,1.1792
1.0362,1.1792
1.0362,1.1792
1.0362,1.1792
1.0362,1.1792
1.0361,1.1792
1.0361,1.1788
1.0361,1.1788
1.0361,1.1788
1.0361,1.1788
1.0361,1.1788
1.0361,1.1788
1.0361,1.1788
1.0361,1.1788
1.0361,1.1788
1.0361,1.1788
1.0361,1.1785
1.036,1.1785
1.036,1.1785
1.036,1.1785
1.036,1.1785
1.036,1.1785
1.036,1.1782
1.036,1.1782
1.036,1.1782
1.036,1.1782
1.036,1.1782
1.0359,1.1782
1.0359,1.1782
1.0359,1.1782
1.0359,1.1782
1.0359,1.1782
1.0359,1.1782
1.0359,1.1782
1.0359,1.1782
1.0359,1.1778
1.0359,1.1778
1.0359,1.1775
1.0359,1.1775
1.0358,1.1775
1.0358,1.1775
1.0358,1.1775
1.0358,1.1775
1.0358,1.1775
1.0358,1.1775
1.0358,1.1771
1.0358,1.1771
1.0358,1.1771
1.0358,1.1768
1.0358,1.1764
1.0358,1.1764
1.0357,1.1764
1.0357,1.1764
1.0357,1.1764
1.0357,1.1764
1.0357,1.1764
1.0357,1.1764
1.0357,1.1764
1.0357,1.1764
1.0357,1.1764
1.0357,1.1764
1.0356,1.1764
1.0356,1.1764
1.0356,1.1764
1.0356,1.1764
1.0356,1.1764
1.0356,1.1764
1.0356,1.1764
1.0356,1.1764
1.0356,1.1764
1.0355,1.1764
1.0355,1.1764
1.0355,1.1764
1.0355,1.1764
1.0355,1.1764
1.0355,1.1764
1.0355,1.1764
1.0355,1.1764
1.0355,1.1764
1.0355,1.1764
1.0354,1.1764
1.0354,1.1764
1.0354,1.1764
1.0354,1.1764
1.0354,1.1764
1.0354,1.1764
1.0354,1.1761
1.0354,1.1761
1.0354,1.1757
1.0354,1.1757
1.0354,1.1757
1.0354,1.1757
1.0353,1.1757
1.0353,1.1757
1.0353,1.1754
1.0353,1.1754
1.0353,1.1754
1.0353,1.1754
1.0353,1.1754
1.0353,1.1754
1.0353,1.1754
1.0353,1.1754
1.0353,1.1751
1.0353,1.1751
1.0352,1.1751
1.0352,1.1751
1.0352,1.1751
1.0352,1.1751
1.0352,1.1751
1.0352,1.1747
1.0352,1.1747
1.0352,1.1747
1.0352,1.1747
1.0352,1.1747
1.0352,1.1744
1.0352,1.1744
1.0351,1.1744
1.0351,1.1744
1.0351,1.1744
1.0351,1.1744
1.0351,1.1744
1.0351,1.1744
1.0351,1.1744
1.0351,1.1744
1.0351,1.1744
1.035,1.1744
1.035,1.1741
1.035,1.1741
1.035,1.1741
1.035,1.1741
1.035,1.1741
1.035,1.1737
1.035,1.1734
1.035,1.1734
1.035,1.1734
1.035,1.1734
1.035,1.1734
1.035,1.1734
1.0349,1.1734
1.0349,1.1734
1.0349,1.1734
1.0349,1.1734
1.0349,1.1734
1.0349,1.1734
1.0349,1.1731
1.0349,1.1731
1.0349,1.1731
1.0349,1.1731
1.0349,1.1731
1.0349,1.1731
1.0348,1.1731
1.0348,1.1731
1.0348,1.1731
1.0348,1.1731
1.0348,1.1731
1.0348,1.1731
1.0348,1.1727
1.0348,1.1727
1.0348,1.1727
1.0348,1.1724
1.0348,1.1724
1.0348,1.1724
1.0347,1.1724
1.0347,1.1724
1.0347,1.1724
1.0347,1.1724
1.0347,1.1721
1.0347,1.1721
1.0347,1.1717
1.0347,1.1717
1.0347,1.1714
1.0347,1.1714
1.0347,1.1714
1.0347,1.1714
1.0347,1.1711
1.0347,1.1711
1.0346,1.1711
1.0346,1.1711
1.0346,1.1711
1.0346,1.1707
1.0346,1.1707
1.0346,1.1707
1.0346,1.1707
1.0346,1.1707
1.0346,1.1707
1.0346,1.1707
1.0346,1.1707
1.0346,1.1704
1.0345,1.1704
1.0345,1.1701
1.0345,1.1701
1.0345,1.1701
1.0345,1.1697
1.0345,1.1697
1.0345,1.1697
1.0345,1.1697
1.0345,1.1697
1.0345,1.1697
1.0345,1.1697
1.0345,1.1697
1.0344,1.1697
1.0344,1.1697
1.0344,1.1697
1.0344,1.1697
1.0344,1.1697
1.0344,1.1697
1.0344,1.1697
1.0344,1.1697
1.0344,1.1697
1.0344,1.1697
1.0344,1.1694
1.0344,1.1694
1.0343,1.1694
1.0343,1.1694
1.0343,1.1694
1.0343,1.1694
1.0343,1.1694
1.0343,1.1694
1.0343,1.1691
1.0343,1.1691
1.0343,1.1691
1.0343,1.1691
1.0343,1.1691
1.0342,1.1691
1.0342,1.1691
1.0342,1.1691
1.0342,1.1691
1.0342,1.1691
1.0342,1.1691
1.0342,1.1688
1.0342,1.1688
1.0342,1.1688
1.0342,1.1688
1.0342,1.1688
1.0342,1.1688
1.0341,1.1688
1.0341,1.1688
1.0341,1.1688
1.0341,1.1688
1.0341,1.1688
1.0341,1.1684
1.0341,1.1681
1.0341,1.1681
1.0341,1.1681
1.0341,1.1681
1.0341,1.1681
1.0341,1.1681
1.034,1.1681
1.034,1.1681
1.034,1.1681
1.034,1.1681
1.034,1.1681
1.034,1.1681
1.034,1.1681
1.034,1.1681
1.034,1.1681
1.034,1.1681
1.034,1.1681
1.0339,1.1681
1.0339,1.1681
1.0339,1.1681
1.0339,1.1678
1.0339,1.1678
1.0339,1.1675
1.0339,1.1675
1.0339,1.1675
1.0339,1.1675
1.0339,1.1672
1.0339,1.1672
1.0339,1.1672
1.0339,1.1668
1.0339,1.1668
1.0339,1.1668
1.0339,1.1665
1.0338,1.1665
1.0338,1.1662
1.0338,1.1662
1.0338,1.1662
1.0338,1.1662
1.0338,1.1662
1.0338,1.1662
1.0338,1.1662
1.0338,1.1662
1.0338,1.1662
1.0338,1.1662
1.0338,1.1662
1.0337,1.1662
1.0337,1.1662
1.0337,1.1662
1.0337,1.1662
1.0337,1.1662
1.0337,1.1662
1.0337,1.1662
1.0337,1.1662
1.0337,1.1662
1.0337,1.1662
1.0336,1.1662
1.0336,1.1662
1.0336,1.1662
1.0336,1.1659
1.0336,1.1659
1.0336,1.1659
1.0336,1.1659
1.0336,1.1659
1.0336,1.1659
1.0336,1.1659
1.0336,1.1659
1.0336,1.1659
1.0335,1.1659
1.0335,1.1659
1.0335,1.1659
1.0335,1.1659
1.0335,1.1659
1.0335,1.1659
1.0335,1.1656
1.0335,1.1656
1.0335,1.1656
1.0335,1.1652
1.0335,1.1652
1.0335,1.1652
1.0335,1.1652
1.0335,1.1649
1.0334,1.1649
1.0334,1.1649
1.0334,1.1649
1.0334,1.1646
1.0334,1.1646
1.0334,1.1646
1.0334,1.1646
1.0334,1.1646
1.0334,1.1646
1.0334,1.1646
1.0334,1.1646
1.0334,1.1646
1.0334,1.1643
1.0333,1.1643
1.0333,1.1643
1.0333,1.1643
1.0333,1.1643
1.0333,1.1643
1.0333,1.1643
1.0333,1.1643
1.0333,1.1643
1.0333,1.1643
1.0333,1.1643
1.0333,1.1643
1.0333,1.1643
1.0332,1.1643
1.0332,1.1643
1.0332,1.1643
1.0332,1.164
1.0332,1.164
1.0332,1.164
1.0332,1.164
1.0332,1.1637
1.0332,1.1634
1.0332,1.1634
1.0332,1.1634
1.0332,1.1634
1.0332,1.1634
1.0332,1.1634
1.0331,1.1634
1.0331,1.1634
1.0331,1.1634
1.0331,1.1634
1.0331,1.1634
1.0331,1.1634
1.0331,1.1634
1.0331,1.1634
1.0331,1.1634
1.0331,1.1634
1.0331,1.1634
1.033,1.1634
1.033,1.1634
1.033,1.1634
1.033,1.1634
1.033,1.1631
1.033,1.1631
1.033,1.1631
1.033,1.1631
1.033,1.1631
1.033,1.1631
1.033,1.1631
1.033,1.1631
1.0329,1.1631
1.0329,1.1631
1.0329,1.1631
1.0329,1.1631
1.0329,1.1627
1.0329,1.1627
1.0329,1.1627
1.0329,1.1627
1.0329,1.1627
1.0329,1.1627
1.0329,1.1627
1.0329,1.1627
1.0329,1.1627
1.0328,1.1627
1.0328,1.1627
1.0328,1.1627
1.0328,1.1624
1.0328,1.1624
1.0328,1.1624
1.0328,1.1624
1.0328,1.1621
1.0328,1.1621
1.0328,1.1621
1.0328,1.1621
1.0328,1.1621
1.0328,1.1621
1.0328,1.1618
1.0327,1.1618
1.0327,1.1618
1.0327,1.1618
1.0327,1.1618
1.0327,1.1618
1.0327,1.1618
1.0327,1.1618
1.0327,1.1618
1.0327,1.1618
1.0327,1.1618
1.0327,1.1615
1.0327,1.1615
1.0327,1.1615
1.0326,1.1615
1.0326,1.1615
1.0326,1.1615
1.0326,1.1612
1.0326,1.1612
1.0326,1.1609
1.0326,1.1609
1.0326,1.1609
1.0326,1.1609
1.0326,1.1609
1.0326,1.1609
1.0326,1.1609
1.0326,1.1609
1.0326,1.1609
1.0325,1.1609
1.0325,1.1606
1.0325,1.1606
1.0325,1.1603
1.0325,1.1603
1.0325,1.1603
1.0325,1.1603
1.0325,1.1603
1.0325,1.1603
1.0325,1.1603
1.0325,1.1603
1.0325,1.1603
1.0325,1.1603
1.0325,1.16
1.0324,1.16
1.0324,1.16
1.0324,1.16
1.0324,1.16
1.0324,1.1597
1.0324,1.1597
1.0324,1.1597
1.0324,1.1597
1.0324,1.1597
1.0324,1.1597
1.0324,1.1594
1.0324,1.1594
1.0324,1.1591
1.0324,1.1591
1.0324,1.1591
1.0323,1.1591
1.0323,1.1591
1.0323,1.1591
1.0323,1.1591
1.0323,1.1591
1.0323,1.1591
1.0323,1.1591
1.0323,1.1591
1.0323,1.1591
1.0323,1.1591
1.0323,1.1591
1.0323,1.1591
1.0322,1.1591
1.0322,1.1588
1.0322,1.1588
1.0322,1.1585
1.0322,1.1585
1.0322,1.1585
1.0322,1.1585
1.0322,1.1582
1.0322,1.1582
1.0322,1.1582
1.0322,1.1582
1.0322,1.1582
1.0322,1.1582
1.0322,1.1582
1.0322,1.1582
1.0321,1.1582
1.0321,1.1582
1.0321,1.1582
1.0321,1.1582
1.0321,1.1579
1.0321,1.1579
1.0321,1.1579
1.0321,1.1576
1.0321,1.1576
1.0321,1.1576
1.0321,1.1576
1.0321,1.1576
1.0321,1.1576
1.0321,1.1576
1.032,1.1576
1.032,1.1576
1.032,1.1576
1.032,1.1576
1.032,1.1576
1.032,1.1576
1.032,1.1576
1.032,1.1576
1.032,1.1573
1.032,1.1573
1.032,1.1573
1.032,1.1573
1.032,1.1573
1.0319,1.1573
1.0319,1.157
1.0319,1.157
1.0319,1.157
1.0319,1.157
1.0319,1.157
1.0319,1.157
1.0319,1.157
1.0319,1.157
1.0319,1.157
1.0319,1.157
1.0319,1.157
1.0319,1.157
1.0319,1.1567
1.0318,1.1567
1.0318,1.1567
1.0318,1.1567
1.0318,1.1567
1.0318,1.1564
1.0318,1.1564
1.0318,1.1564
1.0318,1.1564
1.0318,1.1564
1.0318,1.1561
1.0318,1.1561
1.0318,1.1561
1.0318,1.1558
1.0318,1.1558
1.0318,1.1558
1.0318,1.1555
1.0318,1.1555
1.0317,1.1555
1.0317,1.1555
1.0317,1.1555
1.0317,1.1555
1.0317,1.1555
1.0317,1.1555
1.0317,1.1555
1.0317,1.1555
1.0317,1.1555
1.0317,1.1555
1.0317,1.1555
1.0317,1.1555
1.0316,1.1555
1.0316,1.1552
1.0316,1.1552
1.0316,1.1549
1.0316,1.1549
1.0316,1.1549
1.0316,1.1549
1.0316,1.1549
1.0316,1.1549
1.0316,1.1549
1.0316,1.1549
1.0316,1.1549
1.0316,1.1549
1.0316,1.1549
1.0316,1.1549
1.0315,1.1549
1.0315,1.1549
1.0315,1.1549
1.0315,1.1549
1.0315,1.1549
1.0315,1.1549
1.0315,1.1549
1.0315,1.1549
1.0315,1.1549
1.0315,1.1549
1.0315,1.1549
1.0315,1.1546
1.0315,1.1546
1.0315,1.1543
1.0314,1.1543
1.0314,1.1543
1.0314,1.154
1.0314,1.154
1.0314,1.1538
1.0314,1.1538
1.0314,1.1538
1.0314,1.1538
1.0314,1.1538
1.0314,1.1538
1.0314,1.1538
1.0314,1.1538
1.0314,1.1538
1.0314,1.1535
1.0314,1.1535
1.0314,1.1535
1.0313,1.1535
1.0313,1.1535
1.0313,1.1535
1.0313,1.1535
1.0313,1.1535
1.0313,1.1535
1.0313,1.1535
1.0313,1.1535
1.0313,1.1535
1.0313,1.1535
1.0313,1.1535
1.0313,1.1535
1.0313,1.1535
1.0312,1.1535
1.0312,1.1535
1.0312,1.1535
1.0312,1.1535
1.0312,1.1535
1.0312,1.1535
1.0312,1.1532
1.0312,1.1532
1.0312,1.1532
1.0312,1.1529
1.0312,1.1529
1.0312,1.1529
1.0312,1.1529
1.0312,1.1529
1.0311,1.1529
1.0311,1.1529
1.0311,1.1529
1.0311,1.1529
1.0311,1.1529
1.0311,1.1526
1.0311,1.1526
1.0311,1.1523
1.0311,1.1523
1.0311,1.1523
1.0311,1.152
1.0311,1.152
1.0311,1.152
1.0311,1.152
1.0311,1.152
1.0311,1.152
1.031,1.152
1.031,1.152
1.031,1.152
1.031,1.152
1.031,1.152
1.031,1.152
1.031,1.152
1.031,1.152
1.031,1.152
1.031,1.152
1.031,1.152
1.031,1.152
1.031,1.152
1.0309,1.152
1.0309,1.152
1.0309,1.152
1.0309,1.152
1.0309,1.1517
1.0309,1.1517
1.0309,1.1517
1.0309,1.1517
1.0309,1.1517
1.0309,1.1517
1.0309,1.1517
1.0309,1.1517
1.0309,1.1517
1.0309,1.1517
1.0308,1.1517
1.0308,1.1517
1.0308,1.1517
1.0308,1.1517
1.0308,1.1517
1.0308,1.1517
1.0308,1.1517
1.0308,1.1517
1.0308,1.1517
1.0308,1.1515
1.0308,1.1515
1.0308,1.1515
1.0308,1.1515
1.0308,1.1515
1.0308,1.1515
1.0307,1.1515
1.0307,1.1515
1.0307,1.1512
1.0307,1.1512
1.0307,1.1512
1.0307,1.1512
1.0307,1.1512
1.0307,1.1512
1.0307,1.1512
1.0307,1.1512
1.0307,1.1512
1.0307,1.1512
1.0307,1.1512
1.0307,1.1509
1.0307,1.1509
1.0306,1.1509
1.0306,1.1509
1.0306,1.1509
1.0306,1.1509
1.0306,1.1509
1.0306,1.1506
1.0306,1.1506
1.0306,1.1506
1.0306,1.1506
1.0306,1.1506
1.0306,1.1506
1.0306,1.1506
1.0306,1.1506
1.0306,1.1506
1.0305,1.1506
1.0305,1.1506
1.0305,1.1506
1.0305,1.1506
1.0305,1.1506
1.0305,1.1506
1.0305,1.1506
1.0305,1.1506
1.0305,1.1506
1.0305,1.1506
1.0305,1.1506
1.0305,1.1506
1.0305,1.1506
1.0305,1.1506
1.0304,1.1506
1.0304,1.1506
1.0304,1.1506
1.0304,1.1506
1.0304,1.1506
1.0304,1.1503
1.0304,1.1503
1.0304,1.1503
1.0304,1.1503
1.0304,1.1503
1.0304,1.1503
1.0304,1.1503
1.0304,1.1503
1.0304,1.1503
1.0303,1.1503
1.0303,1.1503
1.0303,1.1503
1.0303,1.1503
1.0303,1.1503
1.0303,1.1503
1.0303,1.1503
1.0303,1.15
1.0303,1.15
1.0303,1.15
1.0303,1.15
1.0303,1.15
1.0303,1.15
1.0303,1.15
1.0303,1.15
1.0302,1.15
1.0302,1.15
1.0302,1.15
1.0302,1.15
1.0302,1.15
1.0302,1.15
1.0302,1.15
1.0302,1.15
1.0302,1.15
1.0302,1.15
1.0302,1.1498
1.0302,1.1498
1.0302,1.1498
1.0302,1.1498
1.0301,1.1498
1.0301,1.1498
1.0301,1.1498
1.0301,1.1498
1.0301,1.1498
1.0301,1.1498
1.0301,1.1498
1.0301,1.1495
1.0301,1.1495
1.0301,1.1495
1.0301,1.1495
1.0301,1.1495
1.0301,1.1495
1.0301,1.1495
1.0301,1.1495
1.03,1.1495
1.03,1.1492
1.03,1.1492
1.03,1.1492
1.03,1.1492
1.03,1.1492
1.03,1.1492
1.03,1.1492
1.03,1.1492
1.03,1.1492
1.03,1.1492
1.03,1.1492
1.03,1.1489
1.03,1.1489
1.03,1.1487
1.03,1.1487
1.03,1.1487
1.0299,1.1487
1.0299,1.1487
1.0299,1.1487
1.0299,1.1487
1.0299,1.1487
1.0299,1.1487
1.0299,1.1487
1.0299,1.1487
1.0299,1.1487
1.0299,1.1487
1.0299,1.1487
1.0299,1.1487
1.0299,1.1487
1.0299,1.1487
1.0298,1.1487
1.0298,1.1487
1.0298,1.1487
1.0298,1.1487
1.0298,1.1487
1.0298,1.1487
1.0298,1.1487
1.0298,1.1487
1.0298,1.1487
1.0298,1.1487
1.0298,1.1487
1.0298,1.1487
1.0298,1.1487
1.0298,1.1487
1.0297,1.1487
1.0297,1.1487
1.0297,1.1487
1.0297,1.1487
1.0297,1.1487
1.0297,1.1487
1.0297,1.1487
1.0297,1.1487
1.0297,1.1487
1.0297,1.1487
1.0297,1.1487
1.0297,1.1487
1.0297,1.1487
1.0297,1.1487
1.0296,1.1487
1.0296,1.1487
1.0296,1.1484
1.0296,1.1484
1.0296,1.1481
1.0296,1.1479
1.0296,1.1479
1.0296,1.1479
1.0296,1.1479
1.0296,1.1479
1.0296,1.1479
1.0296,1.1479
1.0296,1.1479
1.0296,1.1479
1.0296,1.1476
1.0296,1.1476
1.0296,1.1476
1.0296,1.1476
1.0296,1.1476
1.0295,1.1476
1.0295,1.1476
1.0295,1.1476
1.0295,1.1476
1.0295,1.1476
1.0295,1.1476
1.0295,1.1476
1.0295,1.1476
1.0295,1.1476
1.0295,1.1476
1.0295,1.1476
1.0295,1.1476
1.0295,1.1476
1.0295,1.1476
1.0294,1.1476
1.0294,1.1476
1.0294,1.1476
1.0294,1.1476
1.0294,1.1476
1.0294,1.1476
1.0294,1.1476
1.0294,1.1473
1.0294,1.1473
1.0294,1.1473
1.0294,1.147
1.0294,1.147
1.0294,1.147
1.0294,1.147
1.0294,1.147
1.0294,1.147
1.0294,1.147
1.0293,1.147
1.0293,1.147
1.0293,1.147
1.0293,1.147
1.0293,1.147
1.0293,1.147
1.0293,1.147
1.0293,1.147
1.0293,1.147
1.0293,1.147
1.0293,1.147
1.0293,1.147
1.0293,1.1468
1.0293,1.1468
1.0293,1.1468
1.0293,1.1465
1.0292,1.1465
1.0292,1.1462
1.0292,1.1462
1.0292,1.1462
1.0292,1.1462
1.0292,1.1462
1.0292,1.1462
1.0292,1.1462
1.0292,1.1462
1.0292,1.1462
1.0292,1.1462
1.0292,1.146
1.0292,1.1457
1.0292,1.1457
1.0292,1.1457
1.0292,1.1457
1.0292,1.1457
1.0292,1.1457
1.0292,1.1454
1.0291,1.1454
1.0291,1.1454
1.0291,1.1454
1.0291,1.1454
1.0291,1.1454
1.0291,1.1454
1.0291,1.1454
1.0291,1.1452
1.0291,1.1452
1.0291,1.1452
1.0291,1.1452
1.0291,1.1452
1.0291,1.1452
1.0291,1.1452
1.0291,1.1449
1.0291,1.1449
1.0291,1.1449
1.029,1.1449
1.029,1.1449
1.029,1.1449
1.029,1.1449
1.029,1.1449
1.029,1.1449
1.029,1.1446
1.029,1.1446
1.029,1.1446
1.029,1.1446
1.029,1.1446
1.029,1.1446
1.029,1.1446
1.029,1.1446
1.029,1.1446
1.029,1.1444
1.029,1.1444
1.0289,1.1444
1.0289,1.1444
1.0289,1.1444
1.0289,1.1444
1.0289,1.1444
1.0289,1.1441
1.0289,1.1441
1.0289,1.1441
1.0289,1.1441
1.0289,1.1441
1.0289,1.1441
1.0289,1.1441
1.0289,1.1441
1.0289,1.1441
1.0289,1.1441
1.0289,1.1441
1.0288,1.1441
1.0288,1.1441
1.0288,1.1441
1.0288,1.1441
1.0288,1.1441
1.0288,1.1441
1.0288,1.1441
1.0288,1.1441
1.0288,1.1441
1.0288,1.1441
1.0288,1.1441
1.0288,1.1441
1.0288,1.1441
1.0288,1.1439
1.0288,1.1436
1.0288,1.1436
1.0288,1.1436
1.0287,1.1436
1.0287,1.1436
1.0287,1.1436
1.0287,1.1436
1.0287,1.1436
1.0287,1.1436
1.0287,1.1436
1.0287,1.1436
1.0287,1.1433
1.0287,1.1433
1.0287,1.1433
1.0287,1.1433
1.0287,1.1433
1.0287,1.1433
1.0287,1.1433
1.0287,1.1433
1.0286,1.1433
1.0286,1.1433
1.0286,1.1433
1.0286,1.1433
1.0286,1.1433
1.0286,1.1431
1.0286,1.1431
1.0286,1.1431
1.0286,1.1431
1.0286,1.1431
1.0286,1.1431
1.0286,1.1431
1.0286,1.1431
1.0286,1.1431
1.0286,1.1431
1.0286,1.1431
1.0286,1.1431
1.0285,1.1431
1.0285,1.1431
1.0285,1.1428
1.0285,1.1428
1.0285,1.1428
1.0285,1.1428
1.0285,1.1428
1.0285,1.1428
1.0285,1.1428
1.0285,1.1428
1.0285,1.1426
1.0285,1.1426
1.0285,1.1426
1.0285,1.1426
1.0285,1.1426
1.0285,1.1426
1.0285,1.1426
1.0284,1.1426
1.0284,1.1426
1.0284,1.1426
1.0284,1.1426
1.0284,1.1426
1.0284,1.1426
1.0284,1.1426
1.0284,1.1426
1.0284,1.1426
1.0284,1.1426
1.0284,1.1426
1.0284,1.1426
1.0284,1.1426
1.0284,1.1426
1.0284,1.1426
1.0284,1.1426
1.0283,1.1426
1.0283,1.1426
1.0283,1.1426
1.0283,1.1426
1.0283,1.1426
1.0283,1.1426
1.0283,1.1426
1.0283,1.1426
1.0283,1.1426
1.0283,1.1426
1.0283,1.1423
1.0283,1.1423
1.0283,1.1423
1.0283,1.1423
1.0283,1.1423
1.0283,1.1423
1.0283,1.1423
1.0282,1.1423
1.0282,1.142
1.0282,1.142
1.0282,1.1418
1.0282,1.1418
1.0282,1.1415
1.0282,1.1415
1.0282,1.1415
1.0282,1.1415
1.0282,1.1415
1.0282,1.1413
1.0282,1.1413
1.0282,1.1413
1.0282,1.1413
1.0282,1.1413
1.0282,1.1413
1.0282,1.1413
1.0282,1.1413
1.0282,1.1413
1.0282,1.141
1.0281,1.141
1.0281,1.141
1.0281,1.141
1.0281,1.1408
1.0281,1.1408
1.0281,1.1408
1.0281,1.1408
1.0281,1.1408
1.0281,1.1408
1.0281,1.1408
1.0281,1.1408
1.0281,1.1408
1.0281,1.1408
1.0281,1.1408
1.0281,1.1408
1.0281,1.1408
1.0281,1.1408
1.028,1.1408
1.028,1.1408
1.028,1.1408
1.028,1.1408
1.028,1.1408
1.028,1.1408
1.028,1.1408
1.028,1.1408
1.028,1.1408
1.028,1.1408
1.028,1.1408
1.028,1.1408
1.028,1.1408
1.028,1.1408
1.028,1.1408
1.028,1.1408
1.0279,1.1408
1.0279,1.1408
1.0279,1.1408
1.0279,1.1408
1.0279,1.1408
1.0279,1.1408
1.0279,1.1408
1.0279,1.1408
1.0279,1.1408
1.0279,1.1408
1.0279,1.1408
1.0279,1.1408
1.0279,1.1408
1.0279,1.1408
1.0279,1.1408
1.0279,1.1405
1.0279,1.1405
1.0279,1.1405
1.0278,1.1405
1.0278,1.1405
1.0278,1.1405
1.0278,1.1405
1.0278,1.1405
1.0278,1.1405
1.0278,1.1405
1.0278,1.1405
1.0278,1.1405
1.0278,1.1403
1.0278,1.14
1.0278,1.14
1.0278,1.14
1.0278,1.14
1.0278,1.14
1.0278,1.14
1.0278,1.14
1.0278,1.14
1.0277,1.14
1.0277,1.14
1.0277,1.14
1.0277,1.14
1.0277,1.14
1.0277,1.14
1.0277,1.14
1.0277,1.14
1.0277,1.14
1.0277,1.14
1.0277,1.14
1.0277,1.14
1.0277,1.14
1.0277,1.14
1.0277,1.14
1.0277,1.14
1.0276,1.14
1.0276,1.14
1.0276,1.14
1.0276,1.14
1.0276,1.14
1.0276,1.14
1.0276,1.14
1.0276,1.14
1.0276,1.1398
1.0276,1.1398
1.0276,1.1398
1.0276,1.1398
1.0276,1.1398
1.0276,1.1398
1.0276,1.1398
1.0276,1.1398
1.0276,1.1398
1.0276,1.1398
1.0275,1.1398
1.0275,1.1398
1.0275,1.1398
1.0275,1.1398
1.0275,1.1398
1.0275,1.1398
1.0275,1.1398
1.0275,1.1398
1.0275,1.1398
1.0275,1.1398
1.0275,1.1395
1.0275,1.1395
1.0275,1.1395
1.0275,1.1395
1.0275,1.1393
1.0275,1.1393
1.0275,1.1393
1.0275,1.1393
1.0275,1.1393
1.0274,1.1393
1.0274,1.1393
1.0274,1.1393
1.0274,1.1393
1.0274,1.1393
1.0274,1.1393
1.0274,1.1393
1.0274,1.139
1.0274,1.139
1.0274,1.139
1.0274,1.139
1.0274,1.139
1.0274,1.139
1.0274,1.139
1.0274,1.139
1.0274,1.139
1.0274,1.139
1.0273,1.139
1.0273,1.139
1.0273,1.139
1.0273,1.139
1.0273,1.139
1.0273,1.139
1.0273,1.139
1.0273,1.139
1.0273,1.139
1.0273,1.139
1.0273,1.139
1.0273,1.139
1.0273,1.139
1.0273,1.139
1.0273,1.139
1.0273,1.139
1.0273,1.139
1.0273,1.1388
1.0272,1.1388
1.0272,1.1388
1.0272,1.1388
1.0272,1.1385
1.0272,1.1385
1.0272,1.1385
1.0272,1.1385
1.0272,1.1385
1.0272,1.1385
1.0272,1.1385
1.0272,1.1385
1.0272,1.1385
1.0272,1.1385
1.0272,1.1385
1.0272,1.1385
1.0272,1.1385
1.0272,1.1385
1.0272,1.1385
1.0271,1.1385
1.0271,1.1385
1.0271,1.1385
1.0271,1.1385
1.0271,1.1385
1.0271,1.1385
1.0271,1.1385
1.0271,1.1385
1.0271,1.1385
1.0271,1.1385
1.0271,1.1385
1.0271,1.1385
1.0271,1.1385
1.0271,1.1385
1.0271,1.1385
1.0271,1.1385
1.0271,1.1385
1.0271,1.1385
1.027,1.1385
1.027,1.1385
1.027,1.1385
1.027,1.1385
1.027,1.1385
1.027,1.1383
1.027,1.138
1.027,1.1378
1.027,1.1378
1.027,1.1378
1.027,1.1378
1.027,1.1378
1.027,1.1378
1.027,1.1378
1.027,1.1378
1.027,1.1378
1.027,1.1378
1.027,1.1376
1.027,1.1376
1.027,1.1376
1.027,1.1376
1.0269,1.1376
1.0269,1.1373
1.0269,1.1373
1.0269,1.1373
1.0269,1.1373
1.0269,1.1373
1.0269,1.1373
1.0269,1.1373
1.0269,1.1373
1.0269,1.1373
1.0269,1.1373
1.0269,1.1373
1.0269,1.1373
1.0269,1.1373
1.0269,1.1373
1.0269,1.1373
1.0269,1.1373
1.0269,1.1373
1.0269,1.1373
1.0268,1.1373
1.0268,1.1373
1.0268,1.1373
1.0268,1.1373
1.0268,1.1373
1.0268,1.1373
1.0268,1.1373
1.0268,1.1373
1.0268,1.1373
1.0268,1.1373
1.0268,1.1373
1.0268,1.1373
1.0268,1.1373
1.0268,1.1373
1.0268,1.1373
1.0268,1.1373
1.0268,1.1373
1.0267,1.1373
1.0267,1.1373
1.0267,1.1373
1.0267,1.1373
1.0267,1.1371
1.0267,1.1371
1.0267,1.1371
1.0267,1.1371
1.0267,1.1371
1.0267,1.1371
1.0267,1.1368
1.0267,1.1368
1.0267,1.1368
1.0267,1.1368
1.0267,1.1368
1.0267,1.1368
1.0267,1.1368
1.0267,1.1368
1.0267,1.1368
1.0267,1.1368
1.0266,1.1368
1.0266,1.1368
1.0266,1.1368
1.0266,1.1368
1.0266,1.1368
1.0266,1.1368
1.0266,1.1366
1.0266,1.1366
1.0266,1.1364
1.0266,1.1364
1.0266,1.1364
1.0266,1.1364
1.0266,1.1364
1.0266,1.1364
1.0266,1.1364
1.0266,1.1364
1.0266,1.1364
1.0266,1.1364
1.0266,1.1361
1.0266,1.1361
1.0266,1.1361
1.0265,1.1361
1.0265,1.1361
1.0265,1.1359
1.0265,1.1359
1.0265,1.1359
1.0265,1.1359
1.0265,1.1359
1.0265,1.1359
1.0265,1.1359
1.0265,1.1359
1.0265,1.1359
1.0265,1.1359
1.0265,1.1359
1.0265,1.1359
1.0265,1.1356
1.0265,1.1356
1.0265,1.1356
1.0265,1.1356
1.0265,1.1356
1.0265,1.1356
1.0264,1.1356
1.0264,1.1356
1.0264,1.1356
1.0264,1.1356
1.0264,1.1354
1.0264,1.1352
1.0264,1.1349
1.0264,1.1349
1.0264,1.1349
1.0264,1.1349
1.0264,1.1349
1.0264,1.1349
1.0264,1.1349
1.0264,1.1349
1.0264,1.1349
1.0264,1.1349
1.0264,1.1349
1.0264,1.1349
1.0264,1.1349
1.0264,1.1349
1.0264,1.1349
1.0263,1.1349
1.0263,1.1349
1.0263,1.1349
1.0263,1.1349
1.0263,1.1349
1.0263,1.1349
1.0263,1.1349
1.0263,1.1349
1.0263,1.1349
1.0263,1.1349
1.0263,1.1349
1.0263,1.1347
1.0263,1.1347
1.0263,1.1347
1.0263,1.1347
1.0263,1.1347
1.0263,1.1347
1.0263,1.1347
1.0263,1.1347
1.0263,1.1345
1.0262,1.1345
1.0262,1.1345
1.0262,1.1345
1.0262,1.1345
1.0262,1.1345
1.0262,1.1345
1.0262,1.1345
1.0262,1.1345
1.0262,1.1345
1.0262,1.1345
1.0262,1.1345
1.0262,1.1345
1.0262,1.1345
1.0262,1.1345
1.0262,1.1342
1.0262,1.1342
1.0262,1.1342
1.0262,1.1342
1.0262,1.1342
1.0262,1.1342
1.0262,1.134
1.0261,1.134
1.0261,1.134
1.0261,1.134
1.0261,1.134
1.0261,1.1338
1.0261,1.1338
1.0261,1.1338
1.0261,1.1338
1.0261,1.1338
1.0261,1.1338
1.0261,1.1338
1.0261,1.1338
1.0261,1.1338
1.0261,1.1338
1.0261,1.1338
1.0261,1.1338
1.0261,1.1338
1.0261,1.1338
1.0261,1.1338
1.026,1.1338
1.026,1.1335
1.026,1.1333
1.026,1.1333
1.026,1.1333
1.026,1.1333
1.026,1.1333
1.026,1.1333
1.026,1.1333
1.026,1.1331
1.026,1.1331
1.026,1.1331
1.026,1.1331
1.026,1.1331
1.026,1.1328
1.026,1.1328
1.026,1.1328
1.026,1.1328
1.026,1.1328
1.026,1.1328
1.026,1.1328
1.026,1.1326
1.026,1.1326
1.026,1.1324
1.026,1.1324
1.0259,1.1324
1.0259,1.1324
1.0259,1.1324
1.0259,1.1324
1.0259,1.1324
1.0259,1.1324
1.0259,1.1324
1.0259,1.1324
1.0259,1.1324
1.0259,1.1324
1.0259,1.1324
1.0259,1.1324
1.0259,1.1324
1.0259,1.1321
1.0259,1.1319
1.0259,1.1317
1.0259,1.1317
1.0259,1.1317
1.0259,1.1317
1.0259,1.1317
1.0259,1.1317
1.0259,1.1317
1.0258,1.1317
1.0258,1.1314
1.0258,1.1314
1.0258,1.1314
1.0258,1.1314
1.0258,1.1314
1.0258,1.1314
1.0258,1.1314
1.0258,1.1314
1.0258,1.1314
1.0258,1.1314
1.0258,1.1314
1.0258,1.1312
1.0258,1.1312
1.0258,1.131
1.0258,1.131
1.0258,1.131
1.0258,1.131
1.0258,1.131
1.0258,1.131
1.0258,1.131
1.0258,1.131
1.0257,1.131
1.0257,1.131
1.0257,1.131
1.0257,1.131
1.0257,1.131
1.0257,1.131
1.0257,1.131
1.0257,1.131
1.0257,1.131
1.0257,1.131
1.0257,1.131
1.0257,1.131
1.0257,1.131
1.0257,1.131
1.0257,1.131
1.0257,1.131
1.0257,1.131
1.0257,1.131
1.0257,1.131
1.0257,1.131
1.0256,1.131
1.0256,1.131
1.0256,1.131
1.0256,1.131
1.0256,1.131
1.0256,1.131
1.0256,1.131
1.0256,1.131
1.0256,1.131
1.0256,1.131
1.0256,1.131
1.0256,1.131
1.0256,1.131
1.0256,1.131
1.0256,1.131
1.0256,1.131
1.0256,1.131
1.0256,1.131
1.0256,1.131
1.0255,1.131
1.0255,1.1308
1.0255,1.1308
1.0255,1.1308
1.0255,1.1308
1.0255,1.1308
1.0255,1.1308
1.0255,1.1308
1.0255,1.1308
1.0255,1.1308
1.0255,1.1308
1.0255,1.1308
1.0255,1.1308
1.0255,1.1308
1.0255,1.1308
1.0255,1.1308
1.0255,1.1308
1.0255,1.1308
1.0255,1.1308
1.0255,1.1308
1.0254,1.1308
1.0254,1.1305
1.0254,1.1305
1.0254,1.1305
1.0254,1.1305
1.0254,1.1305
1.0254,1.1305
1.0254,1.1305
1.0254,1.1305
1.0254,1.1305
1.0254,1.1305
1.0254,1.1305
1.0254,1.1305
1.01, 1.01
NaN,NaN
1.6,-0.5
1.6,-0.29167
1.6,-0.11538
1.6,0.035714
1.6,0.16667
1.6,0.28125
1.6824,0.28125
1.6824,0.37674
1.6824,0.46217
1.6824,0.53906
1.6824,0.60863
1.6824,0.67188
1.6824,0.72962
1.6824,0.78255
1.6824,0.83125
1.6824,0.8762
1.6824,0.91782
1.6824,0.95647
1.7278,0.95647
1.7278,0.99126
1.7278,1.0238
1.7675,1.0238
1.7675,1.0534
1.7675,1.0812
1.7675,1.1075
1.7675,1.1323
1.7675,1.1557
1.7675,1.1779
1.7991,1.1779
1.7991,1.1985
1.7991,1.218
1.7991,1.2367
1.7991,1.2544
1.7991,1.2714
1.7991,1.2875
1.7991,1.303
1.7991,1.3179
1.7991,1.3321
1.7991,1.3457
1.7991,1.3588
1.7991,1.3714
1.7991,1.3835
1.7991,1.3951
1.7991,1.4063
1.821,1.4063
1.821,1.4169
1.821,1.4271
1.821,1.437
1.821,1.4465
1.821,1.4558
1.821,1.4647
1.821,1.4733
1.821,1.4817
1.821,1.4898
1.821,1.4976
1.821,1.5052
1.821,1.5126
1.821,1.5198
1.821,1.5267
1.8378,1.5267
1.8378,1.5334
1.8378,1.5399
1.8378,1.5462
1.8378,1.5523
1.8378,1.5583
1.8378,1.5641
1.8378,1.5698
1.8378,1.5753
1.8378,1.5807
1.8378,1.5859
1.8378,1.591
1.8378,1.596
1.8378,1.6009
1.8378,1.6056
1.8378,1.6103
1.8378,1.6148
1.8378,1.6192
1.8378,1.6236
1.8378,1.6278
1.8378,1.6319
1.8378,1.636
1.8505,1.636
1.8505,1.6399
1.8505,1.6437
1.8505,1.6475
1.8505,1.6511
1.8505,1.6547
1.8622,1.6547
1.8622,1.6582
1.8622,1.6616
1.8622,1.665
1.8622,1.6683
1.8622,1.6715
1.8622,1.6746
1.8622,1.6777
1.8622,1.6808
1.8622,1.6838
1.8622,1.6867
1.8622,1.6896
1.8622,1.6924
1.8622,1.6952
1.8622,1.6979
1.8622,1.7006
1.8622,1.7032
1.8721,1.7032
1.8721,1.7057
1.8721,1.7083
1.8721,1.7107
1.8721,1.7132
1.8721,1.7156
1.8721,1.7179
1.8721,1.7202
1.8813,1.7202
1.8813,1.7225
1.8813,1.7247
1.8813,1.7269
1.8901,1.7269
1.8987,1.7269
1.8987,1.729
1.8987,1.7311
1.8987,1.7331
1.8987,1.7352
1.8987,1.7371
1.8987,1.7391
1.9069,1.7391
1.9069,1.741
1.9069,1.7429
1.9069,1.7448
1.9069,1.7466
1.9069,1.7484
1.9146,1.7484
1.9146,1.7502
1.9146,1.7519
1.9146,1.7537
1.9146,1.7554
1.9146,1.757
1.922,1.757
1.922,1.7587
1.9293,1.7587
1.9293,1.7603
1.9293,1.7619
1.9293,1.7634
1.9293,1.765
1.9293,1.7665
1.9293,1.768
1.9293,1.7695
1.9293,1.771
1.9293,1.7724
1.936,1.7724
1.936,1.7739
1.9426,1.7739
1.9491,1.7739
1.9491,1.7752
1.9491,1.7766
1.9491,1.778
1.9491,1.7793
1.9491,1.7806
1.9491,1.7819
1.9491,1.7832
1.9491,1.7845
1.9491,1.7858
1.9491,1.787
1.9491,1.7882
1.9491,1.7894
1.9491,1.7906
1.9491,1.7918
1.9491,1.793
1.955,1.793
1.955,1.7942
1.955,1.7953
1.955,1.7964
1.955,1.7976
1.955,1.7987
1.955,1.7998
1.955,1.8008
1.9607,1.8008
1.9607,1.8019
1.9607,1.803
1.9607,1.804
1.9607,1.805
1.9607,1.8061
1.9607,1.8071
1.9607,1.8081
1.9607,1.8091
1.966,1.8091
1.966,1.81
1.966,1.811
1.966,1.812
1.966,1.8129
1.966,1.8138
1.966,1.8148
1.966,1.8157
1.966,1.8166
1.966,1.8175
1.971,1.8175
1.971,1.8184
1.971,1.8192
1.971,1.8201
1.971,1.821
1.971,1.8218
1.971,1.8227
1.971,1.8235
1.9759,1.8235
1.9759,1.8243
1.9759,1.8252
1.9759,1.826
1.9759,1.8268
1.9759,1.8276
1.9759,1.8283
1.9759,1.8291
1.9759,1.8299
1.9759,1.8307
1.9804,1.8307
1.9804,1.8314
1.9804,1.8322
1.9804,1.8329
1.9849,1.8329
1.9894,1.8329
1.9894,1.8336
1.9894,1.8344
1.9938,1.8344
1.9938,1.8351
1.9938,1.8358
1.9938,1.8365
1.9938,1.8372
1.9938,1.8379
1.9938,1.8386
1.9938,1.8392
1.9938,1.8399
1.9938,1.8406
1.9938,1.8412
1.9938,1.8419
1.9938,1.8425
1.9938,1.8432
1.9938,1.8438
1.9938,1.8445
1.9938,1.8451
1.9938,1.8457
1.9938,1.8463
1.9938,1.847
1.9938,1.8476
1.9938,1.8482
1.9938,1.8488
1.9938,1.8494
1.9938,1.85
1.9938,1.8505
1.9977,1.8505
1.9977,1.8511
1.9977,1.8517
1.9977,1.8523
2.0015,1.8523
2.0015,1.8528
2.0053,1.8528
2.0053,1.8534
2.0053,1.8539
2.0053,1.8545
2.0053,1.855
2.0053,1.8556
2.0053,1.8561
2.0053,1.8566
2.0053,1.8572
2.0053,1.8577
2.0053,1.8582
2.0053,1.8587
2.0053,1.8593
2.0053,1.8598
2.0053,1.8603
2.0053,1.8608
2.0053,1.8613
2.0053,1.8618
2.0053,1.8623
2.0053,1.8627
2.0053,1.8632
2.0088,1.8632
2.0088,1.8637
2.0088,1.8642
2.0123,1.8642
2.0123,1.8647
2.0123,1.8651
2.0123,1.8656
2.0123,1.8661
2.0123,1.8665
2.0123,1.867
2.0123,1.8674
2.0123,1.8679
2.0123,1.8683
2.0123,1.8688
2.0123,1.8692
2.0123,1.8696
2.0123,1.8701
2.0156,1.8701
2.0156,1.8705
2.0188,1.8705
2.0188,1.8709
2.0188,1.8714
2.0188,1.8718
2.0188,1.8722
2.0188,1.8726
2.0188,1.873
2.0188,1.8734
2.0188,1.8738
2.0188,1.8742
2.0188,1.8746
2.0188,1.875
2.0188,1.8754
2.0188,1.8758
2.0188,1.8762
2.0188,1.8766
2.0188,1.877
2.0188,1.8774
2.0188,1.8778
2.0188,1.8781
2.0188,1.8785
2.0188,1.8789
2.0188,1.8793
2.0188,1.8796
2.0188,1.88
2.0188,1.8804
2.0188,1.8807
2.0188,1.8811
2.0188,1.8815
2.0188,1.8818
2.0188,1.8822
2.0188,1.8825
2.0188,1.8829
2.0188,1.8832
2.0217,1.8832
2.0217,1.8836
2.0217,1.8839
2.0217,1.8843
2.0217,1.8846
2.0217,1.8849
2.0246,1.8849
2.0246,1.8853
2.0246,1.8856
2.0274,1.8856
2.0274,1.8859
2.0274,1.8863
2.0274,1.8866
2.0274,1.8869
2.0274,1.8872
2.0302,1.8872
2.0302,1.8875
2.0302,1.8879
2.0302,1.8882
2.0302,1.8885
2.0302,1.8888
2.0302,1.8891
2.0302,1.8894
2.0302,1.8897
2.0302,1.89
2.0302,1.8903
2.0302,1.8906
2.0302,1.8909
2.0328,1.8909
2.0328,1.8912
2.0328,1.8915
2.0354,1.8915
2.0354,1.8918
2.0354,1.8921
2.0354,1.8924
2.0354,1.8927
2.0354,1.893
2.0354,1.8933
2.0354,1.8936
2.0354,1.8938
2.0354,1.8941
2.0354,1.8944
2.0354,1.8947
2.038,1.8947
2.0405,1.8947
2.0405,1.895
2.0405,1.8952
2.0405,1.8955
2.0405,1.8958
2.0405,1.896
2.0405,1.8963
2.0405,1.8966
2.0405,1.8969
2.0405,1.8971
2.0405,1.8974
2.0405,1.8976
2.0405,1.8979
2.0405,1.8982
2.0405,1.8984
2.0405,1.8987
2.0405,1.8989
2.0405,1.8992
2.0405,1.8994
2.0405,1.8997
2.0405,1.8999
2.0405,1.9002
2.0405,1.9004
2.0429,1.9004
2.0429,1.9007
2.0429,1.9009
2.0429,1.9012
2.0429,1.9014
2.0429,1.9017
2.0429,1.9019
2.0429,1.9021
2.0429,1.9024
2.0429,1.9026
2.0429,1.9028
2.0429,1.9031
2.0429,1.9033
2.0429,1.9035
2.0429,1.9038
2.0429,1.904
2.0429,1.9042
2.0429,1.9045
2.0429,1.9047
2.0429,1.9049
2.0429,1.9051
2.0429,1.9054
2.0451,1.9054
2.0451,1.9056
2.0451,1.9058
2.0451,1.906
2.0451,1.9062
2.0451,1.9065
2.0451,1.9067
2.0451,1.9069
2.0451,1.9071
2.0451,1.9073
2.0451,1.9075
2.0473,1.9075
2.0473,1.9077
2.0473,1.9079
2.0473,1.9082
2.0473,1.9084
2.0473,1.9086
2.0495,1.9086
2.0495,1.9088
2.0495,1.909
2.0495,1.9092
2.0495,1.9094
2.0495,1.9096
2.0495,1.9098
2.0495,1.91
2.0495,1.9102
2.0495,1.9104
2.0495,1.9106
2.0516,1.9106
2.0536,1.9106
2.0536,1.9108
2.0536,1.911
2.0536,1.9112
2.0536,1.9114
2.0536,1.9116
2.0536,1.9118
2.0557,1.9118
2.0557,1.9119
2.0557,1.9121
2.0557,1.9123
2.0577,1.9123
2.0577,1.9125
2.0577,1.9127
2.0577,1.9129
2.0577,1.9131
2.0577,1.9133
2.0577,1.9134
2.0577,1.9136
2.0577,1.9138
2.0577,1.914
2.0577,1.9142
2.0577,1.9143
2.0577,1.9145
2.0577,1.9147
2.0577,1.9149
2.0597,1.9149
2.0616,1.9149
2.0616,1.9151
2.0616,1.9152
2.0616,1.9154
2.0616,1.9156
2.0616,1.9158
2.0616,1.9159
2.0616,1.9161
2.0635,1.9161
2.0635,1.9163
2.0654,1.9163
2.0654,1.9164
2.0654,1.9166
2.0654,1.9168
2.0654,1.9169
2.0654,1.9171
2.0654,1.9173
2.0654,1.9174
2.0654,1.9176
2.0654,1.9178
2.0654,1.9179
2.0654,1.9181
2.0654,1.9183
2.0654,1.9184
2.0654,1.9186
2.0654,1.9187
2.0654,1.9189
2.0654,1.9191
2.0654,1.9192
2.0654,1.9194
2.0654,1.9195
2.0654,1.9197
2.0654,1.9199
2.0654,1.92
2.0654,1.9202
2.0654,1.9203
2.0654,1.9205
2.0654,1.9206
2.0654,1.9208
2.0654,1.9209
2.0654,1.9211
2.0654,1.9212
2.0654,1.9214
2.0672,1.9214
2.069,1.9214
2.069,1.9215
2.0708,1.9215
2.0708,1.9217
2.0708,1.9218
2.0708,1.922
2.0708,1.9221
2.0708,1.9223
2.0708,1.9224
2.0708,1.9226
2.0708,1.9227
2.0708,1.9228
2.0708,1.923
2.0708,1.9231
2.0708,1.9233
2.0708,1.9234
2.0708,1.9236
2.0708,1.9237
2.0708,1.9238
2.0725,1.9238
2.0725,1.924
2.0725,1.9241
2.0725,1.9243
2.0725,1.9244
2.0725,1.9245
2.0725,1.9247
2.0725,1.9248
2.0725,1.9249
2.0725,1.9251
2.0725,1.9252
2.0725,1.9253
2.0725,1.9255
2.0741,1.9255
2.0741,1.9256
2.0741,1.9257
2.0741,1.9259
2.0741,1.926
2.0758,1.926
2.0758,1.9261
2.0774,1.9261
2.0774,1.9263
2.079,1.9263
2.079,1.9264
2.079,1.9265
2.079,1.9267
2.079,1.9268
2.079,1.9269
2.079,1.927
2.079,1.9272
2.079,1.9273
2.079,1.9274
2.0806,1.9274
2.0806,1.9275
2.0806,1.9277
2.0806,1.9278
2.0806,1.9279
2.0806,1.928
2.0806,1.9282
2.0806,1.9283
2.0806,1.9284
2.0806,1.9285
2.0806,1.9287
2.0806,1.9288
2.0822,1.9288
2.0822,1.9289
2.0822,1.929
2.0822,1.9291
2.0822,1.9293
2.0822,1.9294
2.0822,1.9295
2.0822,1.9296
2.0822,1.9297
2.0822,1.9299
2.0822,1.93
2.0837,1.93
2.0837,1.9301
2.0837,1.9302
2.0837,1.9303
2.0837,1.9304
2.0837,1.9305
2.0837,1.9307
2.0837,1.9308
2.0837,1.9309
2.0837,1.931
2.0837,1.9311
2.0837,1.9312
2.0837,1.9313
2.0852,1.9313
2.0852,1.9315
2.0852,1.9316
2.0852,1.9317
2.0852,1.9318
2.0852,1.9319
2.0867,1.9319
2.0867,1.932
2.0882,1.932
2.0882,1.9321
2.0882,1.9322
2.0882,1.9323
2.0882,1.9324
2.0896,1.9324
2.0896,1.9326
2.0896,1.9327
2.0896,1.9328
2.0896,1.9329
2.0896,1.933
2.0896,1.9331
2.0896,1.9332
2.0896,1.9333
2.0896,1.9334
2.0896,1.9335
2.0896,1.9336
2.0896,1.9337
2.0896,1.9338
2.0896,1.9339
2.0896,1.934
2.0896,1.9341
2.0896,1.9342
2.0896,1.9343
2.091,1.9343
2.091,1.9344
2.091,1.9345
2.091,1.9346
2.091,1.9347
2.091,1.9348
2.091,1.9349
2.091,1.935
2.0924,1.935
2.0924,1.9351
2.0924,1.9352
2.0924,1.9353
2.0938,1.9353
2.0938,1.9354
2.0938,1.9355
2.0938,1.9356
2.0938,1.9357
2.0938,1.9358
2.0938,1.9359
2.0938,1.936
2.0938,1.9361
2.0938,1.9362
2.0938,1.9363
2.0938,1.9364
2.0938,1.9365
2.0938,1.9366
2.0938,1.9367
2.0938,1.9368
2.0938,1.9369
2.0938,1.937
2.0938,1.9371
2.0938,1.9372
2.0938,1.9372
2.0938,1.9373
2.0938,1.9374
2.0938,1.9375
2.0938,1.9376
2.0938,1.9377
2.0938,1.9378
2.0938,1.9379
2.0938,1.938
2.0938,1.9381
2.0938,1.9382
2.0938,1.9382
2.0938,1.9383
2.0938,1.9384
2.0938,1.9385
2.0938,1.9386
2.0938,1.9387
2.0938,1.9388
2.0938,1.9389
2.0938,1.939
2.0938,1.939
2.0938,1.9391
2.0951,1.9391
2.0964,1.9391
2.0964,1.9392
2.0964,1.9393
2.0977,1.9393
2.0977,1.9394
2.0977,1.9395
2.0977,1.9396
2.0977,1.9396
2.0977,1.9397
2.0977,1.9398
2.0977,1.9399
2.0977,1.94
2.0977,1.9401
2.0977,1.9402
2.0977,1.9402
2.0977,1.9403
2.0977,1.9404
2.0977,1.9405
2.0977,1.9406
2.0977,1.9407
2.0977,1.9407
2.0977,1.9408
2.0989,1.9408
2.0989,1.9409
2.0989,1.941
2.1002,1.941
2.1002,1.9411
2.1002,1.9411
2.1002,1.9412
2.1002,1.9413
2.1002,1.9414
2.1002,1.9415
2.1002,1.9415
2.1002,1.9416
2.1002,1.9417
2.1002,1.9418
2.1002,1.9419
2.1002,1.9419
2.1002,1.942
2.1002,1.9421
2.1002,1.9422
2.1002,1.9423
2.1002,1.9423
2.1002,1.9424
2.1002,1.9425
2.1002,1.9426
2.1002,1.9426
2.1002,1.9427
2.1002,1.9428
2.1002,1.9429
2.1002,1.943
2.1002,1.943
2.1002,1.9431
2.1002,1.9432
2.1002,1.9433
2.1014,1.9433
2.1014,1.9433
2.1014,1.9434
2.1025,1.9434
2.1025,1.9435
2.1025,1.9436
2.1025,1.9436
2.1025,1.9437
2.1025,1.9438
2.1025,1.9438
2.1025,1.9439
2.1025,1.944
2.1025,1.9441
2.1025,1.9441
2.1025,1.9442
2.1025,1.9443
2.1025,1.9444
2.1025,1.9444
2.1025,1.9445
2.1025,1.9446
2.1025,1.9446
2.1025,1.9447
2.1025,1.9448
2.1025,1.9449
2.1025,1.9449
2.1025,1.945
2.1025,1.9451
2.1025,1.9451
2.1025,1.9452
2.1037,1.9452
2.1037,1.9453
2.1037,1.9454
2.1037,1.9454
2.1037,1.9455
2.1037,1.9456
2.1037,1.9456
2.1037,1.9457
2.1037,1.9458
2.1037,1.9458
2.1037,1.9459
2.1037,1.946
2.1037,1.946
2.1037,1.9461
2.1037,1.9462
2.1037,1.9462
2.1037,1.9463
2.1037,1.9464
2.1037,1.9464
2.1037,1.9465
2.1037,1.9466
2.1037,1.9466
2.1037,1.9467
2.1037,1.9468
2.1037,1.9468
2.1037,1.9469
2.1048,1.9469
2.1048,1.947
2.1048,1.947
2.1048,1.9471
2.1048,1.9472
2.1048,1.9472
2.1048,1.9473
2.1048,1.9474
2.1048,1.9474
2.1048,1.9475
2.1048,1.9476
2.1048,1.9476
2.1048,1.9477
2.1048,1.9477
2.1048,1.9478
2.1048,1.9479
2.1048,1.9479
2.1048,1.948
2.1048,1.9481
2.1048,1.9481
2.1048,1.9482
2.1048,1.9482
2.1048,1.9483
2.1048,1.9484
2.1048,1.9484
2.1048,1.9485
2.1048,1.9486
2.1048,1.9486
2.1048,1.9487
2.1048,1.9487
2.1048,1.9488
2.1048,1.9489
2.1048,1.9489
2.1048,1.949
2.1059,1.949
2.1059,1.949
2.1059,1.9491
2.1059,1.9492
2.1059,1.9492
2.1059,1.9493
2.1059,1.9493
2.1059,1.9494
2.1059,1.9495
2.1069,1.9495
2.1069,1.9495
2.1069,1.9496
2.1069,1.9496
2.1069,1.9497
2.1069,1.9498
2.1069,1.9498
2.1069,1.9499
2.1069,1.9499
2.1069,1.95
2.1069,1.95
2.1069,1.9501
2.1069,1.9502
2.1069,1.9502
2.1069,1.9503
2.1069,1.9503
2.1079,1.9503
2.1079,1.9504
2.1079,1.9504
2.1079,1.9505
2.1079,1.9506
2.1079,1.9506
2.1079,1.9507
2.109,1.9507
2.109,1.9507
2.11,1.9507
2.11,1.9508
2.111,1.9508
2.111,1.9508
2.111,1.9509
2.112,1.9509
2.112,1.951
2.112,1.951
2.112,1.9511
2.112,1.9511
2.112,1.9512
2.113,1.9512
2.113,1.9512
2.113,1.9513
2.113,1.9513
2.113,1.9514
2.113,1.9514
2.113,1.9515
2.113,1.9516
2.113,1.9516
2.113,1.9517
2.114,1.9517
2.114,1.9517
2.115,1.9517
2.1159,1.9517
2.1159,1.9518
2.1159,1.9518
2.1159,1.9519
2.1159,1.9519
2.1159,1.952
2.1169,1.952
2.1169,1.952
2.1169,1.9521
2.1169,1.9521
2.1169,1.9522
2.1169,1.9522
2.1169,1.9523
2.1169,1.9524
2.1169,1.9524
2.1169,1.9525
2.1179,1.9525
2.1179,1.9525
2.1179,1.9526
2.1179,1.9526
2.1179,1.9527
2.1179,1.9527
2.1179,1.9528
2.1179,1.9528
2.1188,1.9528
2.1188,1.9529
2.1188,1.9529
2.1188,1.953
2.1188,1.953
2.1188,1.9531
2.1188,1.9531
2.1188,1.9532
2.1198,1.9532
2.1198,1.9532
2.1198,1.9533
2.1207,1.9533
2.1207,1.9533
2.1216,1.9533
2.1216,1.9534
2.1216,1.9534
2.1216,1.9535
2.1216,1.9535
2.1216,1.9536
2.1216,1.9536
2.1216,1.9537
2.1216,1.9537
2.1216,1.9538
2.1216,1.9538
2.1216,1.9539
2.1216,1.9539
2.1226,1.9539
2.1226,1.954
2.1226,1.954
2.1226,1.9541
2.1226,1.9541
2.1226,1.9542
2.1226,1.9542
2.1226,1.9542
2.1226,1.9543
2.1235,1.9543
2.1235,1.9543
2.1235,1.9544
2.1244,1.9544
2.1253,1.9544
2.1253,1.9544
2.1253,1.9545
2.1253,1.9545
2.1253,1.9546
2.1253,1.9546
2.1253,1.9547
2.1253,1.9547
2.1253,1.9548
2.1262,1.9548
2.1262,1.9548
2.1262,1.9549
2.1262,1.9549
2.1271,1.9549
2.1271,1.9549
2.1271,1.955
2.1271,1.955
2.1271,1.9551
2.1271,1.9551
2.1271,1.9552
2.1271,1.9552
2.1271,1.9553
2.1271,1.9553
2.1271,1.9554
2.1271,1.9554
2.1271,1.9554
2.128,1.9554
2.128,1.9555
2.1288,1.9555
2.1297,1.9555
2.1297,1.9555
2.1297,1.9556
2.1297,1.9556
2.1297,1.9557
2.1297,1.9557
2.1297,1.9558
2.1306,1.9558
2.1306,1.9558
2.1306,1.9558
2.1306,1.9559
2.1306,1.9559
2.1306,1.956
2.1306,1.956
2.1306,1.9561
2.1306,1.9561
2.1315,1.9561
2.1315,1.9562
2.1315,1.9562
2.1315,1.9562
2.1315,1.9563
2.1315,1.9563
2.1315,1.9564
2.1315,1.9564
2.1315,1.9565
2.1315,1.9565
2.1323,1.9565
2.1323,1.9565
2.1323,1.9566
2.1323,1.9566
2.1323,1.9567
2.1323,1.9567
2.1323,1.9568
2.1323,1.9568
2.1323,1.9568
2.1323,1.9569
2.1323,1.9569
2.1323,1.957
2.1323,1.957
2.1323,1.957
2.1323,1.9571
2.1323,1.9571
2.1323,1.9572
2.1331,1.9572
2.1331,1.9572
2.1331,1.9573
2.134,1.9573
2.134,1.9573
2.134,1.9573
2.1348,1.9573
2.1348,1.9574
2.1356,1.9574
2.1356,1.9574
2.1356,1.9575
2.1356,1.9575
2.1356,1.9575
2.1365,1.9575
2.1365,1.9576
2.1365,1.9576
2.1365,1.9577
2.1365,1.9577
2.1365,1.9577
2.1365,1.9578
2.1365,1.9578
2.1365,1.9579
2.1365,1.9579
2.1365,1.9579
2.1365,1.958
2.1373,1.958
2.1373,1.958
2.1373,1.9581
2.1373,1.9581
2.1381,1.9581
2.1389,1.9581
2.1389,1.9581
2.1389,1.9582
2.1389,1.9582
2.1389,1.9583
2.1389,1.9583
2.1389,1.9583
2.1389,1.9584
2.1389,1.9584
2.1389,1.9584
2.1389,1.9585
2.1389,1.9585
2.1389,1.9586
2.1389,1.9586
2.1389,1.9586
2.1389,1.9587
2.1389,1.9587
2.1389,1.9588
2.1389,1.9588
2.1389,1.9588
2.1389,1.9589
2.1389,1.9589
2.1389,1.9589
2.1389,1.959
2.1389,1.959
2.1389,1.9591
2.1389,1.9591
2.1389,1.9591
2.1389,1.9592
2.1389,1.9592
2.1389,1.9592
2.1389,1.9593
2.1389,1.9593
2.1389,1.9594
2.1389,1.9594
2.1389,1.9594
2.1389,1.9595
2.1389,1.9595
2.1389,1.9595
2.1389,1.9596
2.1389,1.9596
2.1389,1.9596
2.1389,1.9597
2.1389,1.9597
2.1389,1.9598
2.1389,1.9598
2.1397,1.9598
2.1397,1.9598
2.1397,1.9599
2.1397,1.9599
2.1397,1.9599
2.1397,1.96
2.1397,1.96
2.1397,1.96
2.1397,1.9601
2.1397,1.9601
2.1397,1.9602
2.1397,1.9602
2.1404,1.9602
2.1404,1.9602
2.1404,1.9603
2.1412,1.9603
2.1412,1.9603
2.1412,1.9603
2.1412,1.9604
2.1412,1.9604
2.1412,1.9604
2.1412,1.9605
2.1412,1.9605
2.1412,1.9605
2.1412,1.9606
2.1412,1.9606
2.1412,1.9606
2.1412,1.9607
2.1412,1.9607
2.1412,1.9607
2.1419,1.9607
2.1419,1.9608
2.1419,1.9608
2.1427,1.9608
2.1427,1.9608
2.1427,1.9609
2.1427,1.9609
2.1427,1.9609
2.1427,1.961
2.1427,1.961
2.1427,1.9611
2.1434,1.9611
2.1434,1.9611
2.1434,1.9611
2.1434,1.9612
2.1434,1.9612
2.1434,1.9612
2.1434,1.9613
2.1434,1.9613
2.1434,1.9613
2.1434,1.9614
2.1434,1.9614
2.1434,1.9614
2.1434,1.9615
2.1434,1.9615
2.1434,1.9615
2.1434,1.9616
2.1434,1.9616
2.1434,1.9616
2.1442,1.9616
2.1442,1.9616
2.1442,1.9617
2.1442,1.9617
2.1442,1.9617
2.1442,1.9618
2.1442,1.9618
2.1442,1.9618
2.1442,1.9619
2.1442,1.9619
2.1442,1.9619
2.1442,1.962
2.1442,1.962
2.1442,1.962
2.1442,1.9621
2.1442,1.9621
2.1442,1.9621
2.1442,1.9622
2.1442,1.9622
2.1442,1.9622
2.1442,1.9623
2.1442,1.9623
2.1442,1.9623
2.1442,1.9624
2.1449,1.9624
2.1449,1.9624
2.1449,1.9624
2.1449,1.9624
2.1449,1.9625
2.1449,1.9625
2.1449,1.9625
2.1449,1.9626
2.1449,1.9626
2.1449,1.9626
2.1449,1.9627
2.1449,1.9627
2.1449,1.9627
2.1449,1.9628
2.1449,1.9628
2.1449,1.9628
2.1449,1.9629
2.1449,1.9629
2.1449,1.9629
2.1449,1.9629
2.1456,1.9629
2.1456,1.963
2.1456,1.963
2.1456,1.963
2.1456,1.9631
2.1456,1.9631
2.1456,1.9631
2.1456,1.9632
2.1456,1.9632
2.1463,1.9632
2.147,1.9632
2.147,1.9632
2.147,1.9632
2.1477,1.9632
2.1477,1.9633
2.1484,1.9633
2.1491,1.9633
2.1491,1.9633
2.1491,1.9633
2.1497,1.9633
2.1497,1.9634
2.1497,1.9634
2.1497,1.9634
2.1497,1.9635
2.1497,1.9635
2.1497,1.9635
2.1497,1.9635
2.1497,1.9636
2.1497,1.9636
2.1497,1.9636
2.1497,1.9637
2.1497,1.9637
2.1497,1.9637
2.1497,1.9637
2.1497,1.9638
2.1497,1.9638
2.1497,1.9638
2.1497,1.9639
2.1504,1.9639
2.1504,1.9639
2.1511,1.9639
2.1511,1.9639
2.1511,1.9639
2.1511,1.964
2.1511,1.964
2.1511,1.964
2.1518,1.964
2.1518,1.9641
2.1518,1.9641
2.1518,1.9641
2.1518,1.9641
2.1518,1.9642
2.1518,1.9642
2.1518,1.9642
2.1518,1.9643
2.1518,1.9643
2.1518,1.9643
2.1518,1.9643
2.1518,1.9644
2.1518,1.9644
2.1518,1.9644
2.1518,1.9645
2.1524,1.9645
2.1524,1.9645
2.1524,1.9645
2.1524,1.9645
2.1524,1.9646
2.1524,1.9646
2.1524,1.9646
2.1524,1.9647
2.1524,1.9647
2.1524,1.9647
2.1524,1.9647
2.1524,1.9648
2.1524,1.9648
2.1524,1.9648
2.1531,1.9648
2.1531,1.9648
2.1531,1.9649
2.1531,1.9649
2.1531,1.9649
2.1531,1.965
2.1531,1.965
2.1531,1.965
2.1531,1.965
2.1531,1.9651
2.1531,1.9651
2.1531,1.9651
2.1531,1.9651
2.1531,1.9652
2.1531,1.9652
2.1531,1.9652
2.1531,1.9652
2.1531,1.9653
2.1537,1.9653
2.1537,1.9653
2.1537,1.9653
2.1537,1.9654
2.1544,1.9654
2.1544,1.9654
2.1544,1.9654
2.1544,1.9654
2.1544,1.9655
2.1544,1.9655
2.1544,1.9655
2.1544,1.9655
2.1544,1.9656
2.1544,1.9656
2.1544,1.9656
2.1544,1.9656
2.1544,1.9657
2.1544,1.9657
2.1544,1.9657
2.1544,1.9657
2.1544,1.9658
2.155,1.9658
2.155,1.9658
2.155,1.9658
2.155,1.9658
2.155,1.9659
2.155,1.9659
2.155,1.9659
2.155,1.9659
2.155,1.966
2.155,1.966
2.155,1.966
2.155,1.966
2.155,1.9661
2.155,1.9661
2.155,1.9661
2.155,1.9661
2.155,1.9662
2.155,1.9662
2.155,1.9662
2.1556,1.9662
2.1556,1.9662
2.1556,1.9663
2.1556,1.9663
2.1556,1.9663
2.1556,1.9663
2.1556,1.9664
2.1556,1.9664
2.1556,1.9664
2.1563,1.9664
2.1563,1.9664
2.1563,1.9665
2.1563,1.9665
2.1563,1.9665
2.1563,1.9665
2.1563,1.9666
2.1563,1.9666
2.1563,1.9666
2.1563,1.9666
2.1563,1.9667
2.1563,1.9667
2.1563,1.9667
2.1563,1.9667
2.1563,1.9668
2.1563,1.9668
2.1563,1.9668
2.1563,1.9668
2.1569,1.9668
2.1569,1.9669
2.1569,1.9669
2.1569,1.9669
2.1569,1.9669
2.1569,1.967
2.1569,1.967
2.1569,1.967
2.1569,1.967
2.1569,1.9671
2.1569,1.9671
2.1575,1.9671
2.1575,1.9671
2.1575,1.9671
2.1575,1.9671
2.1575,1.9672
2.1575,1.9672
2.1575,1.9672
2.1575,1.9672
2.1575,1.9673
2.1575,1.9673
2.1575,1.9673
2.1575,1.9673
2.1575,1.9674
2.1575,1.9674
2.1575,1.9674
2.1575,1.9674
2.1575,1.9675
2.1575,1.9675
2.1575,1.9675
2.1575,1.9675
2.1575,1.9675
2.1575,1.9676
2.1575,1.9676
2.1575,1.9676
2.1581,1.9676
2.1581,1.9676
2.1587,1.9676
2.1587,1.9677
2.1587,1.9677
2.1587,1.9677
2.1593,1.9677
2.1593,1.9677
2.1599,1.9677
2.1604,1.9677
2.1604,1.9678
2.1604,1.9678
2.1604,1.9678
2.1604,1.9678
2.1604,1.9678
2.161,1.9678
2.161,1.9679
2.161,1.9679
2.161,1.9679
2.161,1.9679
2.161,1.968
2.161,1.968
2.161,1.968
2.1616,1.968
2.1616,1.968
2.1616,1.968
2.1616,1.9681
2.1616,1.9681
2.1616,1.9681
2.1622,1.9681
2.1622,1.9681
2.1622,1.9682
2.1622,1.9682
2.1622,1.9682
2.1622,1.9682
2.1622,1.9682
2.1622,1.9683
2.1622,1.9683
2.1622,1.9683
2.1622,1.9683
2.1628,1.9683
2.1628,1.9684
2.1628,1.9684
2.1634,1.9684
2.1634,1.9684
2.1634,1.9684
2.1634,1.9684
2.1634,1.9685
2.1634,1.9685
2.1639,1.9685
2.1639,1.9685
2.1639,1.9685
2.1645,1.9685
2.1645,1.9685
2.1651,1.9685
2.1651,1.9686
2.1651,1.9686
2.1651,1.9686
2.1651,1.9686
2.1651,1.9687
2.1651,1.9687
2.1651,1.9687
2.1651,1.9687
2.1651,1.9687
2.1651,1.9688
2.1651,1.9688
2.1651,1.9688
2.1651,1.9688
2.1656,1.9688
2.1656,1.9688
2.1656,1.9689
2.1656,1.9689
2.1656,1.9689
2.1656,1.9689
2.1656,1.9689
2.1656,1.969
2.1656,1.969
2.1656,1.969
2.1656,1.969
2.1656,1.9691
2.1656,1.9691
2.1656,1.9691
2.1656,1.9691
2.1656,1.9691
2.1656,1.9692
2.1656,1.9692
2.1656,1.9692
2.1656,1.9692
2.1662,1.9692
2.1662,1.9692
2.1662,1.9693
2.1662,1.9693
2.1667,1.9693
2.1667,1.9693
2.1667,1.9693
2.1667,1.9693
2.1667,1.9694
2.1667,1.9694
2.1667,1.9694
2.1667,1.9694
2.1673,1.9694
2.1673,1.9694
2.1673,1.9695
2.1673,1.9695
2.1673,1.9695
2.1673,1.9695
2.1673,1.9695
2.1673,1.9696
2.1673,1.9696
2.1673,1.9696
2.1673,1.9696
2.1673,1.9696
2.1673,1.9697
2.1673,1.9697
2.1673,1.9697
2.1673,1.9697
2.1673,1.9697
2.1673,1.9698
2.1673,1.9698
2.1673,1.9698
2.1673,1.9698
2.1673,1.9698
2.1673,1.9699
2.1673,1.9699
2.1673,1.9699
2.1673,1.9699
2.1678,1.9699
2.1678,1.9699
2.1678,1.97
2.1678,1.97
2.1678,1.97
2.1678,1.97
2.1678,1.97
2.1678,1.9701
2.1678,1.9701
2.1678,1.9701
2.1678,1.9701
2.1678,1.9701
2.1678,1.9702
2.1678,1.9702
2.1678,1.9702
2.1684,1.9702
2.1684,1.9702
2.1684,1.9702
2.1684,1.9702
2.1684,1.9703
2.1684,1.9703
2.1684,1.9703
2.1684,1.9703
2.1684,1.9703
2.1684,1.9704
2.1684,1.9704
2.1684,1.9704
2.1684,1.9704
2.1689,1.9704
2.1689,1.9704
2.1689,1.9705
2.1689,1.9705
2.1689,1.9705
2.1689,1.9705
2.1689,1.9705
2.1694,1.9705
2.17,1.9705
2.17,1.9706
2.17,1.9706
2.17,1.9706
2.17,1.9706
2.17,1.9706
2.17,1.9706
2.17,1.9707
2.17,1.9707
2.17,1.9707
2.17,1.9707
2.17,1.9707
2.1705,1.9707
2.1705,1.9708
2.1705,1.9708
2.1705,1.9708
2.1705,1.9708
2.1705,1.9708
2.1705,1.9708
2.1705,1.9709
2.1705,1.9709
2.1705,1.9709
2.1705,1.9709
2.1705,1.9709
2.1705,1.971
2.1705,1.971
2.1705,1.971
2.1705,1.971
2.1705,1.971
2.1705,1.971
2.1705,1.9711
2.1705,1.9711
2.1705,1.9711
2.1705,1.9711
2.171,1.9711
2.171,1.9711
2.1715,1.9711
2.1715,1.9712
2.1715,1.9712
2.1715,1.9712
2.1715,1.9712
2.1715,1.9712
2.1715,1.9712
2.1715,1.9713
2.1715,1.9713
2.1715,1.9713
2.1715,1.9713
2.1715,1.9713
2.1715,1.9713
2.1715,1.9714
2.1715,1.9714
2.1715,1.9714
2.1715,1.9714
2.1715,1.9714
2.1715,1.9715
2.172,1.9715
2.172,1.9715
2.172,1.9715
2.172,1.9715
2.172,1.9715
2.172,1.9715
2.1725,1.9715
2.1725,1.9716
2.1725,1.9716
2.1725,1.9716
2.1725,1.9716
2.1725,1.9716
2.1725,1.9716
2.173,1.9716
2.173,1.9717
2.173,1.9717
2.173,1.9717
2.173,1.9717
2.173,1.9717
2.173,1.9718
2.173,1.9718
2.173,1.9718
2.173,1.9718
2.173,1.9718
2.173,1.9718
2.173,1.9719
2.1735,1.9719
2.1735,1.9719
2.1735,1.9719
2.1735,1.9719
2.1735,1.9719
2.1735,1.9719
2.174,1.9719
2.1745,1.9719
2.1745,1.972
2.1745,1.972
2.1745,1.972
2.1745,1.972
2.1745,1.972
2.1745,1.972
2.1745,1.9721
2.1745,1.9721
2.1745,1.9721
2.1745,1.9721
2.1745,1.9721
2.1745,1.9721
2.1745,1.9722
2.1745,1.9722
2.175,1.9722
2.175,1.9722
2.175,1.9722
2.175,1.9722
2.175,1.9722
2.175,1.9723
2.175,1.9723
2.175,1.9723
2.175,1.9723
2.175,1.9723
2.175,1.9723
2.1755,1.9723
2.1755,1.9724
2.1755,1.9724
2.1755,1.9724
2.176,1.9724
2.176,1.9724
2.176,1.9724
2.1765,1.9724
2.1765,1.9724
2.177,1.9724
2.177,1.9725
2.177,1.9725
2.177,1.9725
2.177,1.9725
2.177,1.9725
2.177,1.9725
2.177,1.9725
2.177,1.9726
2.177,1.9726
2.177,1.9726
2.177,1.9726
2.177,1.9726
2.177,1.9726
2.177,1.9727
2.177,1.9727
2.177,1.9727
2.177,1.9727
2.177,1.9727
2.177,1.9727
2.177,1.9728
2.177,1.9728
2.1774,1.9728
2.1774,1.9728
2.1774,1.9728
2.1774,1.9728
2.1774,1.9728
2.1774,1.9729
2.1774,1.9729
2.1774,1.9729
2.1774,1.9729
2.1774,1.9729
2.1774,1.9729
2.1774,1.9729
2.1774,1.973
2.1774,1.973
2.1774,1.973
2.1774,1.973
2.1774,1.973
2.1774,1.973
2.1779,1.973
2.1779,1.9731
2.1779,1.9731
2.1784,1.9731
2.1784,1.9731
2.1784,1.9731
2.1784,1.9731
2.1784,1.9731
2.1784,1.9731
2.1784,1.9732
2.1784,1.9732
2.1784,1.9732
2.1784,1.9732
2.1784,1.9732
2.1784,1.9732
2.1784,1.9733
2.1784,1.9733
2.1784,1.9733
2.1784,1.9733
2.1784,1.9733
2.1784,1.9733
2.1784,1.9733
2.1784,1.9734
2.1784,1.9734
2.1784,1.9734
2.1789,1.9734
2.1793,1.9734
2.1793,1.9734
2.1793,1.9734
2.1793,1.9734
2.1793,1.9735
2.1793,1.9735
2.1793,1.9735
2.1793,1.9735
2.1793,1.9735
2.1793,1.9735
2.1793,1.9735
2.1793,1.9736
2.1793,1.9736
2.1793,1.9736
2.1798,1.9736
2.1798,1.9736
2.1798,1.9736
2.1798,1.9736
2.1798,1.9736
2.1798,1.9737
2.1798,1.9737
2.1798,1.9737
2.1798,1.9737
2.1802,1.9737
2.1802,1.9737
2.1802,1.9737
2.1802,1.9737
2.1802,1.9738
2.1802,1.9738
2.1807,1.9738
2.1807,1.9738
2.1807,1.9738
2.1807,1.9738
2.1807,1.9738
2.1807,1.9739
2.1807,1.9739
2.1812,1.9739
2.1812,1.9739
2.1812,1.9739
2.1812,1.9739
2.1812,1.9739
2.1812,1.9739
2.1812,1.974
2.1816,1.974
2.1816,1.974
2.1816,1.974
2.1816,1.974
2.1816,1.974
2.1816,1.974
2.1816,1.974
2.1816,1.9741
2.1816,1.9741
2.1816,1.9741
2.1816,1.9741
2.1816,1.9741
2.1821,1.9741
2.1821,1.9741
2.1821,1.9741
2.1821,1.9742
2.1825,1.9742
2.1825,1.9742
2.1825,1.9742
2.1825,1.9742
2.183,1.9742
2.183,1.9742
2.183,1.9742
2.1834,1.9742
2.1834,1.9742
2.1834,1.9743
2.1834,1.9743
2.1834,1.9743
2.1834,1.9743
2.1838,1.9743
2.1838,1.9743
2.1838,1.9743
2.1838,1.9743
2.1843,1.9743
2.1843,1.9743
2.1843,1.9744
2.1843,1.9744
2.1847,1.9744
2.1847,1.9744
2.1847,1.9744
2.1847,1.9744
2.1847,1.9744
2.1847,1.9744
2.1852,1.9744
2.1852,1.9745
2.1852,1.9745
2.1852,1.9745
2.1852,1.9745
2.1852,1.9745
2.1852,1.9745
2.1852,1.9745
2.1852,1.9746
2.1852,1.9746
2.1856,1.9746
2.1856,1.9746
2.1856,1.9746
2.1856,1.9746
2.1856,1.9746
2.1856,1.9746
2.1861,1.9746
2.1861,1.9747
2.1861,1.9747
2.1861,1.9747
2.1865,1.9747
2.1865,1.9747
2.1865,1.9747
2.1865,1.9747
2.1865,1.9747
2.1865,1.9747
2.1865,1.9748
2.1865,1.9748
2.1865,1.9748
2.1865,1.9748
2.1865,1.9748
2.1865,1.9748
2.1869,1.9748
2.1869,1.9748
2.1869,1.9749
2.1869,1.9749
2.1869,1.9749
2.1869,1.9749
2.1869,1.9749
2.1874,1.9749
2.1874,1.9749
2.1878,1.9749
2.1878,1.9749
2.1882,1.9749
2.1882,1.9749
2.1882,1.975
2.1882,1.975
2.1882,1.975
2.1882,1.975
2.1882,1.975
2.1882,1.975
2.1882,1.975
2.1882,1.9751
2.1882,1.9751
2.1882,1.9751
2.1882,1.9751
2.1882,1.9751
2.1882,1.9751
2.1882,1.9751
2.1882,1.9751
2.1882,1.9752
2.1882,1.9752
2.1882,1.9752
2.1882,1.9752
2.1882,1.9752
2.1882,1.9752
2.1882,1.9752
2.1882,1.9752
2.1882,1.9753
2.1882,1.9753
2.1882,1.9753
2.1882,1.9753
2.1882,1.9753
2.1882,1.9753
2.1882,1.9753
2.1882,1.9754
2.1882,1.9754
2.1886,1.9754
2.1886,1.9754
2.1891,1.9754
2.1891,1.9754
2.1891,1.9754
2.1891,1.9754
2.1891,1.9754
2.1895,1.9754
2.1895,1.9754
2.1895,1.9755
2.1895,1.9755
2.1899,1.9755
2.1899,1.9755
2.1899,1.9755
2.1899,1.9755
2.1899,1.9755
2.1899,1.9755
2.1899,1.9755
2.1903,1.9755
2.1903,1.9756
2.1903,1.9756
2.1903,1.9756
2.1903,1.9756
2.1903,1.9756
2.1903,1.9756
2.1903,1.9756
2.1903,1.9756
2.1903,1.9757
2.1903,1.9757
2.1903,1.9757
2.1903,1.9757
2.1903,1.9757
2.1903,1.9757
2.1903,1.9757
2.1903,1.9757
2.1903,1.9758
2.1903,1.9758
2.1907,1.9758
2.1907,1.9758
2.1907,1.9758
2.1907,1.9758
2.1907,1.9758
2.1907,1.9758
2.1907,1.9758
2.1907,1.9759
2.1907,1.9759
2.1911,1.9759
2.1911,1.9759
2.1911,1.9759
2.1911,1.9759
2.1911,1.9759
2.1911,1.9759
2.1911,1.9759
2.1911,1.9759
2.1911,1.976
2.1915,1.976
2.1915,1.976
2.1915,1.976
2.1915,1.976
2.1915,1.976
2.1915,1.976
2.1915,1.976
2.1915,1.976
2.1915,1.9761
2.1919,1.9761
2.1919,1.9761
2.1919,1.9761
2.1919,1.9761
2.1919,1.9761
2.1919,1.9761
2.1919,1.9761
2.1919,1.9761
2.1919,1.9762
2.1919,1.9762
2.1919,1.9762
2.1919,1.9762
2.1919,1.9762
2.1919,1.9762
2.1919,1.9762
2.1919,1.9762
2.1919,1.9762
2.1919,1.9763
2.1919,1.9763
2.1919,1.9763
2.1919,1.9763
2.1919,1.9763
2.1919,1.9763
2.1919,1.9763
2.1919,1.9763
2.1919,1.9764
2.1919,1.9764
2.1919,1.9764
2.1923,1.9764
2.1923,1.9764
2.1923,1.9764
2.1923,1.9764
2.1923,1.9764
2.1923,1.9764
2.1923,1.9764
2.1923,1.9765
2.1923,1.9765
2.1923,1.9765
2.1927,1.9765
2.1927,1.9765
2.1931,1.9765
2.1931,1.9765
2.1931,1.9765
2.1931,1.9765
2.1931,1.9765
2.1931,1.9766
2.1931,1.9766
2.1931,1.9766
2.1935,1.9766
2.1939,1.9766
2.1939,1.9766
2.1939,1.9766
2.1943,1.9766
2.1943,1.9766
2.1943,1.9766
2.1943,1.9766
2.1943,1.9766
2.1943,1.9767
2.1943,1.9767
2.1943,1.9767
2.1947,1.9767
2.1947,1.9767
2.1947,1.9767
2.1947,1.9767
2.1947,1.9767
2.1947,1.9767
2.1947,1.9767
2.1947,1.9768
2.1947,1.9768
2.1947,1.9768
2.1947,1.9768
2.1947,1.9768
2.1947,1.9768
2.1947,1.9768
2.1947,1.9768
2.1947,1.9768
2.1947,1.9769
2.1947,1.9769
2.1947,1.9769
2.1947,1.9769
2.1947,1.9769
2.1947,1.9769
2.1951,1.9769
2.1951,1.9769
2.1955,1.9769
2.1955,1.9769
2.1955,1.9769
2.1955,1.977
2.1955,1.977
2.1959,1.977
2.1959,1.977
2.1959,1.977
2.1959,1.977
2.1959,1.977
2.1959,1.977
2.1959,1.977
2.1959,1.977
2.1959,1.9771
2.1959,1.9771
2.1959,1.9771
2.1959,1.9771
2.1959,1.9771
2.1959,1.9771
2.1959,1.9771
2.1959,1.9771
2.1959,1.9771
2.1959,1.9772
2.1959,1.9772
2.1959,1.9772
2.1959,1.9772
2.1959,1.9772
2.1959,1.9772
2.1959,1.9772
2.1959,1.9772
2.1963,1.9772
2.1966,1.9772
2.1966,1.9772
2.1966,1.9773
2.1966,1.9773
2.1966,1.9773
2.1966,1.9773
2.1966,1.9773
2.197,1.9773
2.197,1.9773
2.197,1.9773
2.1974,1.9773
2.1978,1.9773
2.1978,1.9773
2.1978,1.9773
2.1978,1.9774
2.1978,1.9774
2.1982,1.9774
2.1982,1.9774
2.1982,1.9774
2.1982,1.9774
2.1982,1.9774
2.1982,1.9774
2.1982,1.9774
2.1982,1.9774
2.1982,1.9774
2.1982,1.9775
2.1982,1.9775
2.1982,1.9775
2.1982,1.9775
2.1985,1.9775
2.1985,1.9775
2.1985,1.9775
2.1985,1.9775
2.1985,1.9775
2.1985,1.9775
2.1985,1.9776
2.1985,1.9776
2.1985,1.9776
2.1985,1.9776
2.1985,1.9776
2.1985,1.9776
2.1989,1.9776
2.1989,1.9776
2.1989,1.9776
2.1989,1.9776
2.1989,1.9776
2.1989,1.9777
2.1989,1.9777
2.1993,1.9777
2.1993,1.9777
2.1993,1.9777
2.1993,1.9777
2.1993,1.9777
2.1993,1.9777
2.1993,1.9777
2.1993,1.9777
2.1997,1.9777
2.1997,1.9778
2.1997,1.9778
2.1997,1.9778
2.1997,1.9778
2.1997,1.9778
2.1997,1.9778
2.1997,1.9778
2.2,1.9778
2.2,1.9778
2.2,1.9778
2.2,1.9778
2.2,1.9779
2.2,1.9779
2.2,1.9779
2.2004,1.9779
2.2004,1.9779
2.2004,1.9779
2.2004,1.9779
2.2004,1.9779
2.2004,1.9779
2.2004,1.9779
2.2004,1.9779
2.2004,1.978
2.2004,1.978
2.2004,1.978
2.2004,1.978
2.2004,1.978
2.2008,1.978
2.2008,1.978
2.2008,1.978
2.2008,1.978
2.2008,1.978
2.2008,1.978
2.2008,1.9781
2.2008,1.9781
2.2008,1.9781
2.2008,1.9781
2.2008,1.9781
2.2008,1.9781
2.2008,1.9781
2.2008,1.9781
2.2008,1.9781
2.2008,1.9781
2.2008,1.9782
2.2008,1.9782
2.2011,1.9782
2.2011,1.9782
2.2011,1.9782
2.2011,1.9782
2.2011,1.9782
2.2011,1.9782
2.2011,1.9782
2.2011,1.9782
2.2011,1.9782
2.2011,1.9783
2.2011,1.9783
2.2011,1.9783
2.2011,1.9783
2.2011,1.9783
2.2011,1.9783
2.2011,1.9783
2.2011,1.9783
2.2011,1.9783
2.2011,1.9783
2.2011,1.9784
2.2011,1.9784
2.2011,1.9784
2.2011,1.9784
2.2011,1.9784
2.2011,1.9784
2.2011,1.9784
2.2011,1.9784
2.2011,1.9784
2.2011,1.9784
2.2011,1.9784
2.2011,1.9785
2.2015,1.9785
2.2015,1.9785
2.2015,1.9785
2.2015,1.9785
2.2015,1.9785
2.2015,1.9785
2.2015,1.9785
2.2018,1.9785
2.2018,1.9785
2.2022,1.9785
2.2022,1.9785
2.2022,1.9785
2.2022,1.9786
2.2022,1.9786
2.2022,1.9786
2.2022,1.9786
2.2022,1.9786
2.2025,1.9786
2.2025,1.9786
2.2025,1.9786
2.2025,1.9786
2.2029,1.9786
2.2029,1.9786
2.2029,1.9786
2.2029,1.9786
2.2029,1.9787
2.2029,1.9787
2.2029,1.9787
2.2029,1.9787
2.2029,1.9787
2.2029,1.9787
2.2032,1.9787
2.2032,1.9787
2.2032,1.9787
2.2032,1.9787
2.2032,1.9787
2.2032,1.9788
2.2032,1.9788
2.2032,1.9788
2.2032,1.9788
2.2032,1.9788
2.2032,1.9788
2.2032,1.9788
2.2032,1.9788
2.2032,1.9788
2.2032,1.9788
2.2032,1.9788
2.2032,1.9789
2.2032,1.9789
2.2032,1.9789
2.2032,1.9789
2.2032,1.9789
2.2032,1.9789
2.2032,1.9789
2.2032,1.9789
2.2032,1.9789
2.2032,1.9789
2.2032,1.9789
2.2032,1.979
2.2032,1.979
2.2032,1.979
2.2032,1.979
2.2032,1.979
2.2032,1.979
2.2032,1.979
2.2032,1.979
2.2032,1.979
2.2032,1.979
2.2032,1.979
2.2032,1.9791
2.2032,1.9791
2.2032,1.9791
2.2032,1.9791
2.2036,1.9791
2.2036,1.9791
2.2036,1.9791
2.2036,1.9791
2.2036,1.9791
2.2036,1.9791
2.2036,1.9791
2.2039,1.9791
2.2039,1.9791
2.2039,1.9792
2.2039,1.9792
2.2039,1.9792
2.2039,1.9792
2.2039,1.9792
2.2039,1.9792
2.2039,1.9792
2.2039,1.9792
2.2039,1.9792
2.2039,1.9792
2.2039,1.9792
2.2039,1.9793
2.2039,1.9793
2.2039,1.9793
2.2039,1.9793
2.2039,1.9793
2.2039,1.9793
2.2039,1.9793
2.2039,1.9793
2.2039,1.9793
2.2039,1.9793
2.2039,1.9793
2.2039,1.9793
2.2039,1.9794
2.2039,1.9794
2.2039,1.9794
2.2039,1.9794
2.2039,1.9794
2.2039,1.9794
2.2039,1.9794
2.2039,1.9794
2.2043,1.9794
2.2043,1.9794
2.2043,1.9794
2.2043,1.9794
2.2043,1.9795
2.2043,1.9795
2.2043,1.9795
2.2043,1.9795
2.2046,1.9795
2.2046,1.9795
2.2046,1.9795
2.2046,1.9795
2.2046,1.9795
2.2046,1.9795
2.2046,1.9795
2.2046,1.9795
2.2046,1.9796
2.2049,1.9796
2.2049,1.9796
2.2049,1.9796
2.2049,1.9796
2.2049,1.9796
2.2049,1.9796
2.2049,1.9796
2.2049,1.9796
2.2049,1.9796
2.2049,1.9796
2.2053,1.9796
2.2053,1.9796
2.2053,1.9796
2.2053,1.9797
2.2053,1.9797
2.2056,1.9797
2.2056,1.9797
2.2059,1.9797
2.2059,1.9797
2.2063,1.9797
2.2063,1.9797
2.2063,1.9797
2.2063,1.9797
2.2063,1.9797
2.2063,1.9797
2.2063,1.9797
2.2063,1.9797
2.2063,1.9797
2.2063,1.9798
2.2063,1.9798
2.2066,1.9798
2.2066,1.9798
2.2066,1.9798
2.2066,1.9798
2.2066,1.9798
2.2066,1.9798
2.2069,1.9798
2.2069,1.9798
2.2069,1.9798
2.2069,1.9798
2.2069,1.9798
2.2069,1.9798
2.2069,1.9799
2.2069,1.9799
2.2069,1.9799
2.2069,1.9799
2.2069,1.9799
2.2069,1.9799
2.2069,1.9799
2.2069,1.9799
2.2069,1.9799
2.2069,1.9799
2.2069,1.9799
2.2073,1.9799
2.2073,1.9799
2.2073,1.98
2.2073,1.98
2.2073,1.98
2.2073,1.98
2.2073,1.98
2.2073,1.98
2.2073,1.98
2.2073,1.98
2.2073,1.98
2.2073,1.98
2.2073,1.98
2.2073,1.98
2.2073,1.9801
2.2073,1.9801
2.2073,1.9801
2.2073,1.9801
2.2073,1.9801
2.2073,1.9801
2.2073,1.9801
2.2073,1.9801
2.2073,1.9801
2.2073,1.9801
2.2073,1.9801
2.2073,1.9801
2.2076,1.9801
2.2076,1.9802
2.2076,1.9802
2.2076,1.9802
2.2076,1.9802
2.2076,1.9802
2.2076,1.9802
2.2079,1.9802
2.2079,1.9802
2.2079,1.9802
2.2079,1.9802
2.2079,1.9802
2.2079,1.9802
2.2079,1.9802
2.2079,1.9802
2.2079,1.9803
2.2079,1.9803
2.2079,1.9803
2.2079,1.9803
2.2079,1.9803
2.2079,1.9803
2.2079,1.9803
2.2079,1.9803
2.2079,1.9803
2.2082,1.9803
2.2082,1.9803
2.2082,1.9803
2.2082,1.9803
2.2082,1.9804
2.2082,1.9804
2.2082,1.9804
2.2082,1.9804
2.2082,1.9804
2.2082,1.9804
2.2082,1.9804
2.2082,1.9804
2.2082,1.9804
2.2082,1.9804
2.2082,1.9804
2.2082,1.9804
2.2082,1.9804
2.2082,1.9805
2.2082,1.9805
2.2082,1.9805
2.2082,1.9805
2.2082,1.9805
2.2086,1.9805
2.2086,1.9805
2.2086,1.9805
2.2086,1.9805
2.2086,1.9805
2.2086,1.9805
2.2086,1.9805
2.2086,1.9805
2.2089,1.9805
2.2089,1.9805
2.2089,1.9806
2.2092,1.9806
2.2092,1.9806
2.2092,1.9806
2.2092,1.9806
2.2092,1.9806
2.2092,1.9806
2.2095,1.9806
2.2095,1.9806
2.2095,1.9806
2.2095,1.9806
2.2095,1.9806
2.2095,1.9806
2.2095,1.9806
2.2095,1.9807
2.2095,1.9807
2.2095,1.9807
2.2095,1.9807
2.2098,1.9807
2.2098,1.9807
2.2098,1.9807
2.2098,1.9807
2.2098,1.9807
2.2098,1.9807
2.2098,1.9807
2.2098,1.9807
2.2098,1.9807
2.2098,1.9807
2.2098,1.9807
2.2101,1.9807
2.2101,1.9808
2.2101,1.9808
2.2104,1.9808
2.2104,1.9808
2.2104,1.9808
2.2104,1.9808
2.2104,1.9808
2.2104,1.9808
2.2104,1.9808
2.2104,1.9808
2.2104,1.9808
2.2107,1.9808
2.2107,1.9808
2.2111,1.9808
2.2111,1.9808
2.2111,1.9808
2.2111,1.9809
2.2111,1.9809
2.2111,1.9809
2.2111,1.9809
2.2111,1.9809
2.2111,1.9809
2.2111,1.9809
2.2111,1.9809
2.2111,1.9809
2.2114,1.9809
2.2114,1.9809
2.2114,1.9809
2.2114,1.9809
2.2114,1.9809
2.2114,1.981
2.2114,1.981
2.2114,1.981
2.2114,1.981
2.2114,1.981
2.2114,1.981
2.2114,1.981
2.2114,1.981
2.2114,1.981
2.2114,1.981
2.2114,1.981
2.2114,1.981
2.2114,1.981
2.2114,1.981
2.2114,1.9811
2.2114,1.9811
2.2114,1.9811
2.2114,1.9811
2.2114,1.9811
2.2117,1.9811
2.2117,1.9811
2.2117,1.9811
2.2117,1.9811
2.2117,1.9811
2.2117,1.9811
2.2117,1.9811
2.2117,1.9811
2.212,1.9811
2.212,1.9811
2.212,1.9812
2.212,1.9812
2.212,1.9812
2.212,1.9812
2.212,1.9812
2.212,1.9812
2.212,1.9812
2.212,1.9812
2.212,1.9812
2.2123,1.9812
2.2123,1.9812
2.2123,1.9812
2.2123,1.9812
2.2123,1.9812
2.2123,1.9812
2.2123,1.9813
2.2126,1.9813
2.2126,1.9813
2.2126,1.9813
2.2126,1.9813
2.2126,1.9813
2.2129,1.9813
2.2129,1.9813
2.2129,1.9813
2.2129,1.9813
2.2129,1.9813
2.2129,1.9813
2.2129,1.9813
2.2129,1.9813
2.2129,1.9813
2.2129,1.9813
2.2129,1.9814
2.2129,1.9814
2.2129,1.9814
2.2129,1.9814
2.2132,1.9814
2.2132,1.9814
2.2135,1.9814
2.2135,1.9814
2.2135,1.9814
2.2135,1.9814
2.2135,1.9814
2.2138,1.9814
2.2138,1.9814
2.2138,1.9814
2.2138,1.9814
2.2138,1.9814
2.2138,1.9814
2.2141,1.9814
2.2141,1.9815
2.2141,1.9815
2.2141,1.9815
2.2141,1.9815
2.2141,1.9815
2.2144,1.9815
2.2144,1.9815
2.2144,1.9815
2.2144,1.9815
2.2144,1.9815
2.2144,1.9815
2.2144,1.9815
2.2144,1.9815
2.2147,1.9815
2.2147,1.9815
2.2147,1.9815
2.2147,1.9815
2.2147,1.9816
2.2147,1.9816
2.2147,1.9816
2.2147,1.9816
2.2147,1.9816
2.2147,1.9816
2.2147,1.9816
2.2147,1.9816
2.2147,1.9816
2.2147,1.9816
2.215,1.9816
2.215,1.9816
2.215,1.9816
2.215,1.9816
2.215,1.9816
2.215,1.9817
2.215,1.9817
2.2153,1.9817
2.2153,1.9817
2.2153,1.9817
2.2153,1.9817
2.2153,1.9817
2.2153,1.9817
2.2153,1.9817
2.2153,1.9817
2.2153,1.9817
2.2153,1.9817
2.2153,1.9817
2.2156,1.9817
2.2156,1.9817
2.2156,1.9817
2.2156,1.9817
2.2156,1.9818
2.2156,1.9818
2.2156,1.9818
2.2156,1.9818
2.2158,1.9818
2.2158,1.9818
2.2158,1.9818
2.2158,1.9818
2.2161,1.9818
2.2161,1.9818
2.2161,1.9818
2.2161,1.9818
2.2161,1.9818
2.2161,1.9818
2.2161,1.9818
2.2161,1.9818
2.2161,1.9818
2.2161,1.9819
2.2161,1.9819
2.2161,1.9819
2.2161,1.9819
2.2161,1.9819
2.2161,1.9819
2.2161,1.9819
2.2161,1.9819
2.2161,1.9819
2.2161,1.9819
2.2161,1.9819
2.2161,1.9819
2.2164,1.9819
2.2164,1.9819
2.2164,1.9819
2.2164,1.9819
2.2164,1.982
2.2164,1.982
2.2164,1.982
2.2167,1.982
2.217,1.982
2.2173,1.982
2.2173,1.982
2.2173,1.982
2.2173,1.982
2.2173,1.982
2.2173,1.982
2.2173,1.982
2.2173,1.982
2.2176,1.982
2.2176,1.982
2.2176,1.982
2.2176,1.982
2.2176,1.982
2.2176,1.982
2.2176,1.9821
2.2176,1.9821
2.2179,1.9821
2.2181,1.9821
2.2181,1.9821
2.2181,1.9821
2.2181,1.9821
2.2181,1.9821
2.2181,1.9821
2.2181,1.9821
2.2181,1.9821
2.2181,1.9821
2.2181,1.9821
2.2181,1.9821
2.2181,1.9821
2.2181,1.9821
2.2181,1.9821
2.2181,1.9822
2.2181,1.9822
2.2181,1.9822
2.2181,1.9822
2.2181,1.9822
2.2181,1.9822
2.2181,1.9822
2.2181,1.9822
2.2181,1.9822
2.2181,1.9822
2.2181,1.9822
2.2181,1.9822
2.2181,1.9822
2.2184,1.9822
2.2187,1.9822
2.2187,1.9822
2.2187,1.9822
2.2187,1.9822
2.2187,1.9823
2.2187,1.9823
2.2187,1.9823
2.2187,1.9823
2.2187,1.9823
2.2187,1.9823
2.2187,1.9823
2.2187,1.9823
2.2187,1.9823
2.2187,1.9823
2.2187,1.9823
2.2187,1.9823
2.2187,1.9823
2.2187,1.9823
2.2187,1.9823
2.2187,1.9824
2.2187,1.9824
2.2187,1.9824
2.2187,1.9824
2.2187,1.9824
2.2187,1.9824
2.2187,1.9824
2.2187,1.9824
2.2187,1.9824
2.2187,1.9824
2.2187,1.9824
2.2187,1.9824
2.2187,1.9824
2.2187,1.9824
2.2187,1.9824
2.2187,1.9824
2.2187,1.9825
2.2187,1.9825
2.219,1.9825
2.219,1.9825
2.219,1.9825
2.219,1.9825
2.219,1.9825
2.219,1.9825
2.219,1.9825
2.219,1.9825
2.219,1.9825
2.219,1.9825
2.2193,1.9825
2.2193,1.9825
2.2193,1.9825
2.2193,1.9825
2.2193,1.9825
2.2193,1.9825
2.2193,1.9826
2.2193,1.9826
2.2193,1.9826
2.2195,1.9826
2.2198,1.9826
2.2198,1.9826
2.2198,1.9826
2.2201,1.9826
2.2204,1.9826
2.2204,1.9826
2.2204,1.9826
2.2204,1.9826
2.2204,1.9826
2.2204,1.9826
2.2204,1.9826
2.2206,1.9826
2.2206,1.9826
2.2206,1.9826
2.2206,1.9826
2.2206,1.9826
2.2209,1.9826
2.2209,1.9826
2.2209,1.9826
2.2212,1.9826
2.2212,1.9827
2.2212,1.9827
2.2212,1.9827
2.2212,1.9827
2.2215,1.9827
2.2215,1.9827
2.2215,1.9827
2.2215,1.9827
2.2215,1.9827
2.2215,1.9827
2.2215,1.9827
2.2215,1.9827
2.2215,1.9827
2.2215,1.9827
2.2215,1.9827
2.2215,1.9827
2.2215,1.9827
2.2215,1.9828
2.2215,1.9828
2.2215,1.9828
2.2215,1.9828
2.2215,1.9828
2.2215,1.9828
2.2215,1.9828
2.2215,1.9828
2.2215,1.9828
2.2215,1.9828
2.2215,1.9828
2.2215,1.9828
2.2215,1.9828
2.2215,1.9828
2.2215,1.9828
2.2215,1.9828
2.2215,1.9828
2.2215,1.9829
2.2215,1.9829
2.2215,1.9829
2.2215,1.9829
2.2215,1.9829
2.2217,1.9829
2.2217,1.9829
2.2217,1.9829
2.2217,1.9829
2.2217,1.9829
2.2217,1.9829
2.222,1.9829
2.2223,1.9829
2.2223,1.9829
2.2223,1.9829
2.2223,1.9829
2.2223,1.9829
2.2223,1.9829
2.2223,1.9829
2.2223,1.9829
2.2223,1.983
2.2223,1.983
2.2223,1.983
2.2223,1.983
2.2223,1.983
2.2223,1.983
2.2223,1.983
2.2225,1.983
2.2225,1.983
2.2225,1.983
2.2225,1.983
2.2225,1.983
2.2225,1.983
2.2225,1.983
2.2225,1.983
2.2225,1.983
2.2225,1.983
2.2225,1.983
2.2225,1.9831
2.2225,1.9831
2.2225,1.9831
2.2228,1.9831
2.2228,1.9831
2.2228,1.9831
2.2228,1.9831
2.2228,1.9831
2.2228,1.9831
2.2228,1.9831
2.2228,1.9831
2.2228,1.9831
2.2228,1.9831
2.2228,1.9831
2.2228,1.9831
2.2228,1.9831
2.2228,1.9831
2.2228,1.9831
2.2231,1.9831
2.2231,1.9832
2.2231,1.9832
2.2231,1.9832
2.2233,1.9832
2.2233,1.9832
2.2233,1.9832
2.2233,1.9832
2.2233,1.9832
2.2236,1.9832
2.2239,1.9832
2.2241,1.9832
2.2241,1.9832
2.2244,1.9832
2.2244,1.9832
2.2244,1.9832
2.2244,1.9832
2.2244,1.9832
2.2244,1.9832
2.2246,1.9832
2.2246,1.9832
2.2246,1.9832
2.2246,1.9832
2.2246,1.9832
2.2246,1.9832
2.2246,1.9833
2.2246,1.9833
2.2246,1.9833
2.2246,1.9833
2.2246,1.9833
2.2246,1.9833
2.2246,1.9833
2.2246,1.9833
2.2246,1.9833
2.2246,1.9833
2.2246,1.9833
2.2246,1.9833
2.2246,1.9833
2.2246,1.9833
2.2246,1.9833
2.2246,1.9833
2.2246,1.9833
2.2246,1.9833
2.2246,1.9834
2.2246,1.9834
2.2246,1.9834
2.2246,1.9834
2.2246,1.9834
2.2246,1.9834
2.2246,1.9834
2.2246,1.9834
2.2249,1.9834
2.2249,1.9834
2.2249,1.9834
2.2249,1.9834
2.2249,1.9834
2.2249,1.9834
2.2249,1.9834
2.2249,1.9834
2.2249,1.9834
2.2249,1.9834
2.2249,1.9834
2.2249,1.9835
2.2249,1.9835
2.2249,1.9835
2.2249,1.9835
2.2249,1.9835
2.2249,1.9835
2.2249,1.9835
2.2249,1.9835
2.2249,1.9835
2.2249,1.9835
2.2249,1.9835
2.2249,1.9835
2.2249,1.9835
2.2252,1.9835
2.2252,1.9835
2.2252,1.9835
2.2254,1.9835
2.2254,1.9835
2.2257,1.9835
2.2257,1.9835
2.2257,1.9835
2.2257,1.9836
2.2257,1.9836
2.2257,1.9836
2.2257,1.9836
2.2257,1.9836
2.2257,1.9836
2.2257,1.9836
2.2257,1.9836
2.2257,1.9836
2.2257,1.9836
2.2257,1.9836
2.2257,1.9836
2.2257,1.9836
2.2257,1.9836
2.2257,1.9836
2.2259,1.9836
2.2259,1.9836
2.2259,1.9836
2.2259,1.9836
2.2259,1.9837
2.2259,1.9837
2.2259,1.9837
2.2262,1.9837
2.2262,1.9837
2.2262,1.9837
2.2262,1.9837
2.2262,1.9837
2.2262,1.9837
2.2262,1.9837
2.2262,1.9837
2.2262,1.9837
2.2262,1.9837
2.2262,1.9837
2.2262,1.9837
2.2262,1.9837
2.2262,1.9837
2.2264,1.9837
2.2264,1.9837
2.2264,1.9837
2.2264,1.9837
2.2264,1.9838
2.2264,1.9838
2.2264,1.9838
2.2264,1.9838
2.2264,1.9838
2.2264,1.9838
2.2264,1.9838
2.2264,1.9838
2.2264,1.9838
2.2267,1.9838
2.2267,1.9838
2.2267,1.9838
2.2269,1.9838
2.2269,1.9838
2.2269,1.9838
2.2269,1.9838
2.2269,1.9838
2.2269,1.9838
2.2269,1.9838
2.2269,1.9838
2.2272,1.9838
2.2272,1.9838
2.2272,1.9839
2.2272,1.9839
2.2272,1.9839
2.2272,1.9839
2.2272,1.9839
2.2274,1.9839
2.2274,1.9839
2.2274,1.9839
2.2277,1.9839
2.2277,1.9839
2.2277,1.9839
2.2277,1.9839
2.2277,1.9839
2.2277,1.9839
2.2277,1.9839
2.2277,1.9839
2.2277,1.9839
2.2277,1.9839
2.2277,1.9839
2.2279,1.9839
2.2279,1.9839
2.2279,1.9839
2.2279,1.984
2.2279,1.984
2.2279,1.984
2.2279,1.984
2.2279,1.984
2.2279,1.984
2.2279,1.984
2.2279,1.984
2.2279,1.984
2.2279,1.984
2.2279,1.984
2.2279,1.984
2.2279,1.984
2.2279,1.984
2.2279,1.984
2.2279,1.984
2.2279,1.984
2.2279,1.984
2.2279,1.984
2.2282,1.984
2.2282,1.984
2.2282,1.9841
2.2282,1.9841
2.2282,1.9841
2.2282,1.9841
2.2284,1.9841
2.2284,1.9841
2.2284,1.9841
2.2284,1.9841
2.2284,1.9841
2.2287,1.9841
2.2287,1.9841
2.2287,1.9841
2.2287,1.9841
2.2287,1.9841
2.2287,1.9841
2.2287,1.9841
2.2287,1.9841
2.2287,1.9841
2.2287,1.9841
2.2287,1.9841
2.2287,1.9841
2.2287,1.9841
2.2287,1.9842
2.2287,1.9842
2.2287,1.9842
2.2287,1.9842
2.2287,1.9842
2.2287,1.9842
2.2287,1.9842
2.2287,1.9842
2.2287,1.9842
2.2287,1.9842
2.2287,1.9842
2.2287,1.9842
2.2287,1.9842
2.2287,1.9842
2.2287,1.9842
2.2287,1.9842
2.2287,1.9842
2.2287,1.9842
2.2287,1.9842
2.2287,1.9842
2.2287,1.9843
2.2287,1.9843
2.2287,1.9843
2.2287,1.9843
2.2287,1.9843
2.2287,1.9843
2.2287,1.9843
2.2289,1.9843
2.2289,1.9843
2.2289,1.9843
2.2289,1.9843
2.2289,1.9843
2.2289,1.9843
2.2289,1.9843
2.2289,1.9843
2.2289,1.9843
2.2289,1.9843
2.2289,1.9843
2.2289,1.9843
2.2289,1.9843
2.2289,1.9843
2.2292,1.9843
2.2292,1.9844
2.2292,1.9844
2.2292,1.9844
2.2294,1.9844
2.2294,1.9844
2.2296,1.9844
2.2296,1.9844
2.2296,1.9844
2.2296,1.9844
2.2296,1.9844
2.2296,1.9844
2.2296,1.9844
2.2296,1.9844
2.2296,1.9844
2.2296,1.9844
2.2296,1.9844
2.2296,1.9844
2.2296,1.9844
2.2299,1.9844
2.2301,1.9844
2.2304,1.9844
2.2304,1.9844
2.2304,1.9844
2.2304,1.9844
2.2306,1.9844
2.2306,1.9844
2.2306,1.9845
2.2306,1.9845
2.2306,1.9845
2.2308,1.9845
2.2308,1.9845
2.2308,1.9845
2.2308,1.9845
2.2308,1.9845
2.2308,1.9845
2.2308,1.9845
2.2311,1.9845
2.2311,1.9845
2.2311,1.9845
2.2313,1.9845
2.2313,1.9845
2.2313,1.9845
2.2313,1.9845
2.2313,1.9845
2.2313,1.9845
2.2313,1.9845
2.2313,1.9845
2.2313,1.9845
2.2313,1.9845
2.2313,1.9845
2.2313,1.9846
2.2313,1.9846
2.2313,1.9846
2.2313,1.9846
2.2313,1.9846
2.2313,1.9846
2.2313,1.9846
2.2313,1.9846
2.2313,1.9846
2.2313,1.9846
2.2313,1.9846
2.2313,1.9846
2.2313,1.9846
2.2313,1.9846
2.2313,1.9846
2.2313,1.9846
2.2313,1.9846
2.2313,1.9846
2.2313,1.9846
2.2313,1.9846
2.2313,1.9846
2.2313,1.9847
2.2313,1.9847
2.2315,1.9847
2.2315,1.9847
2.2315,1.9847
2.2315,1.9847
2.2315,1.9847
2.2315,1.9847
2.2315,1.9847
2.2315,1.9847
2.2315,1.9847
2.2315,1.9847
2.2315,1.9847
2.2315,1.9847
2.2315,1.9847
2.2315,1.9847
2.2315,1.9847
2.2315,1.9847
2.2315,1.9847
2.2315,1.9847
2.2315,1.9847
2.2315,1.9847
2.2315,1.9847
2.2315,1.9848
2.2318,1.9848
2.2318,1.9848
2.2318,1.9848
2.2318,1.9848
2.2318,1.9848
2.2318,1.9848
2.2318,1.9848
2.2318,1.9848
2.2318,1.9848
2.232,1.9848
2.232,1.9848
2.232,1.9848
2.232,1.9848
2.232,1.9848
2.232,1.9848
2.232,1.9848
2.232,1.9848
2.232,1.9848
2.232,1.9848
2.232,1.9848
2.232,1.9848
2.232,1.9848
2.232,1.9849
2.232,1.9849
2.232,1.9849
2.232,1.9849
2.232,1.9849
2.232,1.9849
2.232,1.9849
2.232,1.9849
2.232,1.9849
2.232,1.9849
2.232,1.9849
2.232,1.9849
2.232,1.9849
2.232,1.9849
2.232,1.9849
2.232,1.9849
2.232,1.9849
2.232,1.9849
2.232,1.9849
2.232,1.9849
2.232,1.9849
2.2322,1.9849
2.2322,1.9849
2.2322,1.985
2.2322,1.985
2.2322,1.985
2.2322,1.985
2.2322,1.985
2.2322,1.985
2.2325,1.985
2.2325,1.985
2.2325,1.985
2.2325,1.985
2.2325,1.985
2.2325,1.985
2.2325,1.985
2.2325,1.985
2.2325,1.985
2.2325,1.985
2.2325,1.985
2.2325,1.985
2.2325,1.985
2.2325,1.985
2.2327,1.985
2.2327,1.985
2.2327,1.985
2.2327,1.985
2.2329,1.985
2.2329,1.985
2.2332,1.985
2.2332,1.9851
2.2332,1.9851
2.2332,1.9851
2.2332,1.9851
2.2332,1.9851
2.2332,1.9851
2.2332,1.9851
2.2332,1.9851
2.2332,1.9851
2.2332,1.9851
2.2334,1.9851
2.2334,1.9851
2.2334,1.9851
2.2334,1.9851
2.2334,1.9851
2.2334,1.9851
2.2336,1.9851
2.2336,1.9851
2.2336,1.9851
2.2336,1.9851
2.2336,1.9851
2.2336,1.9851
2.2338,1.9851
2.2341,1.9851
2.2341,1.9851
2.2341,1.9851
2.2341,1.9852
2.2341,1.9852
2.2341,1.9852
2.2341,1.9852
2.2341,1.9852
2.2341,1.9852
2.2341,1.9852
2.2341,1.9852
2.2341,1.9852
2.2341,1.9852
2.2341,1.9852
2.2341,1.9852
2.2341,1.9852
2.2341,1.9852
2.2343,1.9852
2.2343,1.9852
2.2343,1.9852
2.2343,1.9852
2.2343,1.9852
2.2343,1.9852
2.2343,1.9852
2.2343,1.9852
2.2343,1.9852
2.2345,1.9852
2.2345,1.9852
2.2345,1.9853
2.2345,1.9853
2.2345,1.9853
2.2345,1.9853
2.2347,1.9853
2.2347,1.9853
2.2347,1.9853
2.235,1.9853
2.235,1.9853
2.235,1.9853
2.235,1.9853
2.235,1.9853
2.235,1.9853
2.235,1.9853
2.235,1.9853
2.235,1.9853
2.235,1.9853
2.235,1.9853
2.235,1.9853
2.2352,1.9853
2.2352,1.9853
2.2352,1.9853
2.2352,1.9853
2.2352,1.9853
2.2354,1.9853
2.2354,1.9853
2.2354,1.9853
2.2354,1.9853
2.2356,1.9853
2.2356,1.9854
2.2356,1.9854
2.2356,1.9854
2.2356,1.9854
2.2356,1.9854
2.2356,1.9854
2.2356,1.9854
2.2356,1.9854
2.2356,1.9854
2.2356,1.9854
2.2356,1.9854
2.2356,1.9854
2.2356,1.9854
2.2359,1.9854
2.2359,1.9854
2.2359,1.9854
2.2359,1.9854
2.2359,1.9854
2.2359,1.9854
2.2359,1.9854
2.2361,1.9854
2.2361,1.9854
2.2361,1.9854
2.2361,1.9854
2.2363,1.9854
2.2363,1.9854
2.2363,1.9855
2.2363,1.9855
2.2363,1.9855
2.2363,1.9855
2.2365,1.9855
2.2365,1.9855
2.2367,1.9855
2.2367,1.9855
2.2367,1.9855
2.2367,1.9855
2.2367,1.9855
2.2367,1.9855
2.2367,1.9855
2.2367,1.9855
2.2367,1.9855
2.2367,1.9855
2.2367,1.9855
2.237,1.9855
2.237,1.9855
2.237,1.9855
2.237,1.9855
2.237,1.9855
2.237,1.9855
2.237,1.9855
2.237,1.9855
2.237,1.9855
2.237,1.9855
2.2372,1.9855
2.2372,1.9856
2.2372,1.9856
2.2374,1.9856
2.2374,1.9856
2.2374,1.9856
2.2374,1.9856
2.2374,1.9856
2.2374,1.9856
2.2374,1.9856
2.2374,1.9856
2.2376,1.9856
2.2376,1.9856
2.2378,1.9856
2.238,1.9856
2.238,1.9856
2.238,1.9856
2.238,1.9856
2.238,1.9856
2.238,1.9856
2.238,1.9856
2.238,1.9856
2.238,1.9856
2.238,1.9856
2.238,1.9856
2.238,1.9856
2.238,1.9856
2.238,1.9856
2.238,1.9856
2.238,1.9856
2.238,1.9857
2.238,1.9857
2.238,1.9857
2.238,1.9857
2.238,1.9857
2.238,1.9857
2.238,1.9857
2.238,1.9857
2.238,1.9857
2.238,1.9857
2.238,1.9857
2.238,1.9857
2.238,1.9857
2.238,1.9857
2.238,1.9857
2.238,1.9857
2.238,1.9857
2.238,1.9857
2.238,1.9857
2.238,1.9857
2.238,1.9857
2.238,1.9857
2.238,1.9857
2.2383,1.9857
2.2383,1.9857
2.2383,1.9858
2.2383,1.9858
2.2383,1.9858
2.2383,1.9858
2.2383,1.9858
2.2383,1.9858
2.2383,1.9858
2.2383,1.9858
2.2383,1.9858
2.2383,1.9858
2.2383,1.9858
2.2383,1.9858
2.2383,1.9858
2.2383,1.9858
2.2383,1.9858
2.2385,1.9858
2.2387,1.9858
2.2387,1.9858
2.2387,1.9858
2.2387,1.9858
2.2387,1.9858
2.2387,1.9858
2.2387,1.9858
2.2387,1.9858
2.2387,1.9858
2.2387,1.9858
2.2387,1.9858
2.2387,1.9859
2.2387,1.9859
2.2387,1.9859
2.2387,1.9859
2.2387,1.9859
2.2387,1.9859
2.2387,1.9859
2.2387,1.9859
2.2387,1.9859
2.2387,1.9859
2.2387,1.9859
2.2389,1.9859
2.2389,1.9859
2.2389,1.9859
2.2389,1.9859
2.2389,1.9859
2.2389,1.9859
2.2389,1.9859
2.2389,1.9859
2.2389,1.9859
2.2391,1.9859
2.2391,1.9859
2.2391,1.9859
2.2391,1.9859
2.2391,1.9859
2.2391,1.9859
2.2391,1.9859
2.2393,1.9859
2.2393,1.9859
2.2393,1.986
2.2393,1.986
2.2393,1.986
2.2393,1.986
2.2393,1.986
2.2393,1.986
2.2393,1.986
2.2393,1.986
2.2393,1.986
2.2393,1.986
2.2393,1.986
2.2393,1.986
2.2393,1.986
2.2393,1.986
2.2393,1.986
2.2393,1.986
2.2395,1.986
2.2395,1.986
2.2395,1.986
2.2395,1.986
2.2395,1.986
2.2395,1.986
2.2395,1.986
2.2395,1.986
2.2395,1.986
2.2395,1.986
2.2395,1.986
2.2395,1.9861
2.2395,1.9861
2.2395,1.9861
2.2395,1.9861
2.2395,1.9861
2.2395,1.9861
2.2395,1.9861
2.2397,1.9861
2.2397,1.9861
2.2397,1.9861
2.2397,1.9861
2.2397,1.9861
2.2397,1.9861
2.2397,1.9861
2.2397,1.9861
2.2397,1.9861
2.2397,1.9861
2.2397,1.9861
2.2397,1.9861
2.2397,1.9861
2.2397,1.9861
2.2397,1.9861
2.2397,1.9861
2.2397,1.9861
2.2397,1.9861
2.2397,1.9861
2.2397,1.9861
2.2397,1.9862
2.2397,1.9862
2.2397,1.9862
2.2397,1.9862
2.24,1.9862
2.24,1.9862
2.24,1.9862
2.24,1.9862
2.24,1.9862
2.24,1.9862
2.24,1.9862
2.24,1.9862
2.24,1.9862
2.24,1.9862
2.24,1.9862
2.24,1.9862
2.24,1.9862
2.24,1.9862
2.2402,1.9862
2.2402,1.9862
2.2402,1.9862
2.2402,1.9862
2.2402,1.9862
2.2402,1.9862
2.2402,1.9862
2.2402,1.9862
2.2402,1.9862
2.2402,1.9862
2.2402,1.9863
2.2402,1.9863
2.2402,1.9863
2.2402,1.9863
2.2402,1.9863
2.2404,1.9863
2.2404,1.9863
2.2404,1.9863
2.2404,1.9863
2.2404,1.9863
2.2404,1.9863
2.2404,1.9863
2.2404,1.9863
2.2404,1.9863
2.2404,1.9863
2.2404,1.9863
2.2404,1.9863
2.2404,1.9863
2.2404,1.9863
2.2404,1.9863
2.2404,1.9863
2.2404,1.9863
2.2404,1.9863
2.2404,1.9863
2.2406,1.9863
2.2406,1.9863
2.2406,1.9863
2.2406,1.9863
2.2406,1.9863
2.2406,1.9864
2.2406,1.9864
2.2406,1.9864
2.2406,1.9864
2.2406,1.9864
2.2406,1.9864
2.2406,1.9864
2.2406,1.9864
2.2406,1.9864
2.2408,1.9864
2.241,1.9864
2.241,1.9864
2.241,1.9864
2.241,1.9864
2.241,1.9864
2.241,1.9864
2.241,1.9864
2.241,1.9864
2.241,1.9864
2.2412,1.9864
2.2412,1.9864
2.2412,1.9864
2.2412,1.9864
2.2412,1.9864
2.2412,1.9864
2.2412,1.9864
2.2412,1.9864
2.2412,1.9864
2.2412,1.9864
2.2412,1.9864
2.2412,1.9864
2.2412,1.9865
2.2412,1.9865
2.2412,1.9865
2.2414,1.9865
2.2414,1.9865
2.2414,1.9865
2.2414,1.9865
2.2414,1.9865
2.2414,1.9865
2.2414,1.9865
2.2414,1.9865
2.2414,1.9865
2.2414,1.9865
2.2414,1.9865
2.2414,1.9865
2.2414,1.9865
2.2414,1.9865
2.2414,1.9865
2.2414,1.9865
2.2414,1.9865
2.2414,1.9865
2.2414,1.9865
2.2414,1.9865
2.2414,1.9865
2.2414,1.9865
2.2416,1.9865
2.2416,1.9865
2.2416,1.9865
2.2418,1.9865
2.2418,1.9865
2.2418,1.9865
2.2418,1.9866
2.2418,1.9866
2.2418,1.9866
2.2418,1.9866
2.2418,1.9866
2.2418,1.9866
2.2418,1.9866
2.2418,1.9866
2.2418,1.9866
2.242,1.9866
2.242,1.9866
2.242,1.9866
2.242,1.9866
2.242,1.9866
2.242,1.9866
2.242,1.9866
2.242,1.9866
2.2422,1.9866
2.2422,1.9866
2.2422,1.9866
2.2422,1.9866
2.2422,1.9866
2.2424,1.9866
2.2424,1.9866
2.2424,1.9866
2.2424,1.9866
2.2426,1.9866
2.2426,1.9866
2.2426,1.9866
2.2426,1.9866
2.2426,1.9866
2.2426,1.9866
2.2426,1.9867
2.2426,1.9867
2.2426,1.9867
2.2426,1.9867
2.2426,1.9867
2.2426,1.9867
2.2426,1.9867
2.2426,1.9867
2.2426,1.9867
2.2428,1.9867
2.2428,1.9867
2.2428,1.9867
2.2428,1.9867
2.2428,1.9867
2.2428,1.9867
2.2428,1.9867
2.2428,1.9867
2.2428,1.9867
2.243,1.9867
2.243,1.9867
2.243,1.9867
2.243,1.9867
2.243,1.9867
2.243,1.9867
2.243,1.9867
2.243,1.9867
2.243,1.9867
2.2432,1.9867
2.2432,1.9867
2.2432,1.9867
2.2432,1.9867
2.2432,1.9867
2.2432,1.9868
2.2432,1.9868
2.2432,1.9868
2.2432,1.9868
2.2432,1.9868
2.2432,1.9868
2.2434,1.9868
2.2434,1.9868
2.2436,1.9868
2.2436,1.9868
2.2436,1.9868
2.2436,1.9868
2.2436,1.9868
2.2436,1.9868
2.2438,1.9868
2.2438,1.9868
2.2438,1.9868
2.2438,1.9868
2.2438,1.9868
2.2438,1.9868
2.2438,1.9868
2.2438,1.9868
2.2438,1.9868
2.2438,1.9868
2.2438,1.9868
2.2438,1.9868
2.2438,1.9868
2.2438,1.9868
2.2438,1.9868
2.2438,1.9868
2.2438,1.9868
2.2438,1.9868
2.2438,1.9869
2.2438,1.9869
2.2438,1.9869
2.2438,1.9869
2.2438,1.9869
2.2438,1.9869
2.2438,1.9869
2.2438,1.9869
2.2438,1.9869
2.2438,1.9869
2.2438,1.9869
2.2438,1.9869
2.2438,1.9869
2.2438,1.9869
2.2438,1.9869
2.2438,1.9869
2.2438,1.9869
2.2438,1.9869
2.244,1.9869
2.244,1.9869
2.244,1.9869
2.244,1.9869
2.244,1.9869
2.244,1.9869
2.244,1.9869
2.2442,1.9869
2.2442,1.9869
2.2442,1.9869
2.2444,1.9869
2.2445,1.9869
2.2445,1.9869
2.2445,1.9869
2.2445,1.9869
2.2445,1.9869
2.2445,1.987
2.2445,1.987
2.2445,1.987
2.2445,1.987
2.2445,1.987
2.2445,1.987
2.2445,1.987
2.2445,1.987
2.2445,1.987
2.2445,1.987
2.2445,1.987
2.2445,1.987
2.2445,1.987
2.2447,1.987
2.2447,1.987
2.2447,1.987
2.2447,1.987
2.2447,1.987
2.2447,1.987
2.2447,1.987
2.2447,1.987
2.2447,1.987
2.2447,1.987
2.2447,1.987
2.2447,1.987
2.2447,1.987
2.2449,1.987
2.2449,1.987
2.2449,1.987
2.2449,1.987
2.2449,1.987
2.2451,1.987
2.2451,1.987
2.2451,1.9871
2.2451,1.9871
2.2451,1.9871
2.2451,1.9871
2.2451,1.9871
2.2451,1.9871
2.2451,1.9871
2.2451,1.9871
2.2451,1.9871
2.2451,1.9871
2.2451,1.9871
2.2451,1.9871
2.2451,1.9871
2.2451,1.9871
2.2451,1.9871
2.2453,1.9871
2.2453,1.9871
2.2453,1.9871
2.2453,1.9871
2.2453,1.9871
2.2453,1.9871
2.2453,1.9871
2.2453,1.9871
2.2453,1.9871
2.2453,1.9871
2.2455,1.9871
2.2455,1.9871
2.2455,1.9871
2.2455,1.9871
2.2455,1.9871
2.2455,1.9871
2.2455,1.9871
2.2455,1.9872
2.2455,1.9872
2.2455,1.9872
2.2455,1.9872
2.2455,1.9872
2.2455,1.9872
2.2455,1.9872
2.2457,1.9872
2.2457,1.9872
2.2457,1.9872
2.2457,1.9872
2.2457,1.9872
2.2457,1.9872
2.2457,1.9872
2.2457,1.9872
2.2457,1.9872
2.2457,1.9872
2.2457,1.9872
2.2457,1.9872
2.2459,1.9872
2.2459,1.9872
2.2459,1.9872
2.2459,1.9872
2.2459,1.9872
2.2459,1.9872
2.2459,1.9872
2.2459,1.9872
2.2459,1.9872
2.2459,1.9872
2.2459,1.9872
2.2461,1.9872
2.2461,1.9872
2.2463,1.9872
2.2463,1.9872
2.2463,1.9872
2.2463,1.9872
2.2463,1.9873
2.2464,1.9873
2.2464,1.9873
2.2464,1.9873
2.2464,1.9873
2.2464,1.9873
2.2464,1.9873
2.2464,1.9873
2.2464,1.9873
2.2464,1.9873
2.2464,1.9873
2.2464,1.9873
2.2464,1.9873
2.2464,1.9873
2.2466,1.9873
2.2466,1.9873
2.2466,1.9873
2.2466,1.9873
2.2466,1.9873
2.2466,1.9873
2.2466,1.9873
2.2468,1.9873
2.2468,1.9873
2.247,1.9873
2.247,1.9873
2.247,1.9873
2.247,1.9873
2.247,1.9873
2.247,1.9873
2.247,1.9873
2.247,1.9873
2.247,1.9873
2.247,1.9873
2.247,1.9873
2.247,1.9873
2.247,1.9874
2.247,1.9874
2.247,1.9874
2.247,1.9874
2.247,1.9874
2.247,1.9874
2.247,1.9874
2.247,1.9874
2.247,1.9874
2.247,1.9874
2.247,1.9874
2.2472,1.9874
2.2472,1.9874
2.2474,1.9874
2.2474,1.9874
2.2474,1.9874
2.2476,1.9874
2.2476,1.9874
2.2476,1.9874
2.2476,1.9874
2.2476,1.9874
2.2476,1.9874
2.2476,1.9874
2.2476,1.9874
2.2476,1.9874
2.2476,1.9874
2.2476,1.9874
2.2476,1.9874
2.2476,1.9874
2.2477,1.9874
2.2477,1.9874
2.2477,1.9874
2.2477,1.9874
2.2477,1.9874
2.2477,1.9874
2.2477,1.9874
2.2477,1.9874
2.2477,1.9875
2.2479,1.9875
2.2479,1.9875
2.2481,1.9875
2.2481,1.9875
2.2481,1.9875
2.2483,1.9875
2.2483,1.9875
2.2483,1.9875
2.2483,1.9875
2.2483,1.9875
2.2483,1.9875
2.2483,1.9875
2.2483,1.9875
2.2483,1.9875
2.2483,1.9875
2.2483,1.9875
2.2483,1.9875
2.2483,1.9875
2.2483,1.9875
2.2483,1.9875
2.2483,1.9875
2.2483,1.9875
2.2483,1.9875
2.2483,1.9875
2.2483,1.9875
2.2483,1.9875
2.2483,1.9875
2.2483,1.9875
2.2483,1.9875
2.2483,1.9875
2.2483,1.9875
2.2483,1.9875
2.2485,1.9875
2.2485,1.9875
2.2485,1.9875
2.2485,1.9876
2.2485,1.9876
2.2485,1.9876
2.2487,1.9876
2.2487,1.9876
2.2488,1.9876
2.2488,1.9876
2.2488,1.9876
2.2488,1.9876
2.2488,1.9876
2.2488,1.9876
2.2488,1.9876
2.249,1.9876
2.249,1.9876
2.249,1.9876
2.249,1.9876
2.249,1.9876
2.249,1.9876
2.249,1.9876
2.249,1.9876
2.249,1.9876
2.249,1.9876
2.249,1.9876
2.2492,1.9876
2.2492,1.9876
2.2492,1.9876
2.2492,1.9876
2.2492,1.9876
2.2492,1.9876
2.2492,1.9876
2.2492,1.9876
2.2492,1.9876
2.2494,1.9876
2.2496,1.9876
2.2496,1.9876
2.2496,1.9876
2.2496,1.9876
2.2496,1.9876
2.2496,1.9876
2.2498,1.9876
2.2498,1.9876
2.2498,1.9877
2.2498,1.9877
2.2498,1.9877
2.2498,1.9877
2.2498,1.9877
2.2498,1.9877
2.2498,1.9877
2.2498,1.9877
2.2498,1.9877
2.2498,1.9877
2.2498,1.9877
2.2498,1.9877
2.2498,1.9877
2.2498,1.9877
2.2498,1.9877
2.2498,1.9877
2.2498,1.9877
2.2498,1.9877
2.2498,1.9877
2.2498,1.9877
2.2498,1.9877
2.2498,1.9877
2.2498,1.9877
2.2498,1.9877
2.2498,1.9877
2.2498,1.9877
2.2499,1.9877
2.2501,1.9877
2.2501,1.9877
2.2501,1.9877
2.2501,1.9877
2.2501,1.9877
2.2501,1.9877
2.2501,1.9877
2.2503,1.9877
2.2503,1.9877
2.2503,1.9877
2.2503,1.9878
2.2503,1.9878
2.2503,1.9878
2.2503,1.9878
2.2505,1.9878
2.2505,1.9878
2.2505,1.9878
2.2507,1.9878
2.2508,1.9878
2.2508,1.9878
2.2508,1.9878
2.2508,1.9878
2.251,1.9878
2.2512,1.9878
2.2512,1.9878
2.2512,1.9878
2.2512,1.9878
2.2512,1.9878
2.2512,1.9878
2.2512,1.9878
2.2512,1.9878
2.2512,1.9878
2.2512,1.9878
2.2512,1.9878
2.2512,1.9878
2.2512,1.9878
2.2512,1.9878
2.2512,1.9878
2.2512,1.9878
2.2512,1.9878
2.2512,1.9878
2.2512,1.9878
2.2512,1.9878
2.2512,1.9878
2.2512,1.9878
2.2512,1.9878
2.2512,1.9878
2.2512,1.9878
2.2512,1.9878
2.2512,1.9879
2.2512,1.9879
2.2512,1.9879
2.2512,1.9879
2.2512,1.9879
2.2512,1.9879
2.2512,1.9879
2.2512,1.9879
2.2512,1.9879
2.2512,1.9879
2.2512,1.9879
2.2512,1.9879
2.2512,1.9879
2.2512,1.9879
2.2514,1.9879
2.2514,1.9879
2.2514,1.9879
2.2514,1.9879
2.2514,1.9879
2.2514,1.9879
2.2514,1.9879
2.2514,1.9879
2.2514,1.9879
2.2515,1.9879
2.2517,1.9879
2.2519,1.9879
2.2519,1.9879
2.2521,1.9879
2.2521,1.9879
2.2521,1.9879
2.2521,1.9879
2.2522,1.9879
2.2522,1.9879
2.2522,1.9879
2.2522,1.9879
2.2522,1.9879
2.2522,1.9879
2.2522,1.9879
2.2522,1.9879
2.2522,1.9879
2.2524,1.9879
2.2524,1.9879
2.2524,1.988
2.2524,1.988
2.2524,1.988
2.2524,1.988
2.2524,1.988
2.2524,1.988
2.2524,1.988
2.2524,1.988
2.2524,1.988
2.2524,1.988
2.2526,1.988
2.2526,1.988
2.2526,1.988
2.2528,1.988
2.2528,1.988
2.2528,1.988
2.2528,1.988
2.2528,1.988
2.2528,1.988
2.2528,1.988
2.2528,1.988
2.2528,1.988
2.2528,1.988
2.2528,1.988
2.2528,1.988
2.2528,1.988
2.2528,1.988
2.2528,1.988
2.2528,1.988
2.2528,1.988
2.2529,1.988
2.2531,1.988
2.2531,1.988
2.2531,1.988
2.2531,1.988
2.2531,1.988
2.2531,1.988
2.2531,1.988
2.2531,1.988
2.2531,1.988
2.2531,1.9881
2.2531,1.9881
2.2531,1.9881
2.2531,1.9881
2.2531,1.9881
2.2531,1.9881
2.2531,1.9881
2.2531,1.9881
2.2531,1.9881
2.2531,1.9881
2.2531,1.9881
2.2531,1.9881
2.2533,1.9881
2.2533,1.9881
2.2533,1.9881
2.2533,1.9881
2.2533,1.9881
2.2533,1.9881
2.2533,1.9881
2.2533,1.9881
2.2533,1.9881
2.2533,1.9881
2.2533,1.9881
2.2535,1.9881
2.2535,1.9881
2.2535,1.9881
2.2535,1.9881
2.2535,1.9881
2.2536,1.9881
2.2536,1.9881
2.2536,1.9881
2.2536,1.9881
2.2536,1.9881
2.2536,1.9881
2.2538,1.9881
2.2538,1.9881
2.2538,1.9881
2.2538,1.9881
2.2538,1.9881
2.2538,1.9881
2.2538,1.9882
2.2538,1.9882
2.2538,1.9882
2.2538,1.9882
2.2538,1.9882
2.2538,1.9882
2.254,1.9882
2.254,1.9882
2.254,1.9882
2.254,1.9882
2.254,1.9882
2.254,1.9882
2.254,1.9882
2.254,1.9882
2.254,1.9882
2.254,1.9882
2.254,1.9882
2.254,1.9882
2.254,1.9882
2.254,1.9882
2.254,1.9882
2.2541,1.9882
2.2541,1.9882
2.2541,1.9882
2.2541,1.9882
2.2541,1.9882
2.2541,1.9882
2.2541,1.9882
2.2541,1.9882
2.2541,1.9882
2.2541,1.9882
2.2541,1.9882
2.2541,1.9882
2.2541,1.9882
2.2543,1.9882
2.2543,1.9882
2.2543,1.9882
2.2543,1.9882
2.2543,1.9882
2.2543,1.9882
2.2545,1.9882
2.2545,1.9882
2.2545,1.9883
2.2545,1.9883
2.2545,1.9883
2.2545,1.9883
2.2545,1.9883
2.2545,1.9883
2.2545,1.9883
2.2545,1.9883
2.2545,1.9883
2.2545,1.9883
2.2545,1.9883
2.2547,1.9883
2.2547,1.9883
2.2547,1.9883
2.2547,1.9883
2.2547,1.9883
2.2547,1.9883
2.2547,1.9883
2.2547,1.9883
2.2547,1.9883
2.2547,1.9883
2.2547,1.9883
2.2547,1.9883
2.2547,1.9883
2.2547,1.9883
2.2547,1.9883
2.2547,1.9883
2.2547,1.9883
2.2547,1.9883
2.2547,1.9883
2.2547,1.9883
2.2547,1.9883
2.2547,1.9883
2.2547,1.9883
2.2547,1.9883
2.2547,1.9883
2.2547,1.9883
2.2547,1.9883
2.2547,1.9884
2.2547,1.9884
2.2547,1.9884
2.2547,1.9884
2.2547,1.9884
2.2547,1.9884
2.2547,1.9884
2.2547,1.9884
2.2547,1.9884
2.2547,1.9884
2.2547,1.9884
2.2548,1.9884
2.2548,1.9884
2.255,1.9884
2.255,1.9884
2.255,1.9884
2.255,1.9884
2.255,1.9884
2.255,1.9884
2.255,1.9884
2.255,1.9884
2.2552,1.9884
2.2553,1.9884
2.2553,1.9884
2.2553,1.9884
2.2555,1.9884
2.2555,1.9884
2.2555,1.9884
2.2555,1.9884
2.2555,1.9884
2.2555,1.9884
2.2555,1.9884
2.2555,1.9884
2.2555,1.9884
2.2555,1.9884
2.2555,1.9884
2.2555,1.9884
2.2555,1.9884
2.2555,1.9884
2.2555,1.9884
2.2555,1.9884
2.2555,1.9884
2.2555,1.9884
2.2555,1.9884
2.2555,1.9885
2.2557,1.9885
2.2557,1.9885
2.2557,1.9885
2.2557,1.9885
2.2557,1.9885
2.2557,1.9885
2.2557,1.9885
2.2557,1.9885
2.2557,1.9885
2.2557,1.9885
2.2557,1.9885
2.2557,1.9885
2.2557,1.9885
2.2557,1.9885
2.2557,1.9885
2.2557,1.9885
2.2557,1.9885
2.2557,1.9885
2.2557,1.9885
2.2557,1.9885
2.2557,1.9885
2.2557,1.9885
2.2557,1.9885
2.2558,1.9885
2.2558,1.9885
2.2558,1.9885
2.2558,1.9885
2.2558,1.9885
2.2558,1.9885
2.2558,1.9885
2.2558,1.9885
2.2558,1.9885
2.2558,1.9885
2.2558,1.9885
2.2558,1.9885
2.2558,1.9885
2.2558,1.9885
2.2558,1.9885
2.2558,1.9885
2.2558,1.9885
2.2558,1.9886
2.2558,1.9886
2.2558,1.9886
2.2558,1.9886
2.2558,1.9886
2.2558,1.9886
2.2558,1.9886
2.2558,1.9886
2.2558,1.9886
2.2558,1.9886
2.2558,1.9886
2.2558,1.9886
2.2558,1.9886
2.2558,1.9886
2.2558,1.9886
2.2558,1.9886
2.2558,1.9886
2.2558,1.9886
2.2558,1.9886
2.2558,1.9886
2.256,1.9886
2.256,1.9886
2.256,1.9886
2.256,1.9886
2.256,1.9886
2.256,1.9886
2.2561,1.9886
2.2561,1.9886
2.2561,1.9886
2.2563,1.9886
2.2563,1.9886
2.2565,1.9886
2.2565,1.9886
2.2565,1.9886
2.2565,1.9886
2.2565,1.9886
2.2565,1.9886
2.2565,1.9886
2.2565,1.9886
2.2565,1.9886
2.2565,1.9886
2.2565,1.9886
2.2565,1.9886
2.2565,1.9886
2.2565,1.9887
2.2565,1.9887
2.2565,1.9887
2.2565,1.9887
2.2565,1.9887
2.2565,1.9887
2.2565,1.9887
2.2565,1.9887
2.2565,1.9887
2.2565,1.9887
2.2565,1.9887
2.2566,1.9887
2.2566,1.9887
2.2566,1.9887
2.2566,1.9887
2.2566,1.9887
2.2566,1.9887
2.2566,1.9887
2.2566,1.9887
2.2566,1.9887
2.2566,1.9887
2.2566,1.9887
2.2566,1.9887
2.2566,1.9887
2.2566,1.9887
2.2566,1.9887
2.2566,1.9887
2.2566,1.9887
2.2566,1.9887
2.2566,1.9887
2.2566,1.9887
2.2568,1.9887
2.2568,1.9887
2.2568,1.9887
2.2568,1.9887
2.2568,1.9887
2.2568,1.9887
2.2568,1.9887
2.2568,1.9887
2.2568,1.9887
2.2568,1.9887
2.2568,1.9887
2.2568,1.9888
2.2568,1.9888
2.2568,1.9888
2.2568,1.9888
2.2568,1.9888
2.2568,1.9888
2.2568,1.9888
2.2568,1.9888
2.2568,1.9888
2.2568,1.9888
2.2568,1.9888
2.2568,1.9888
2.2568,1.9888
2.2568,1.9888
2.2568,1.9888
2.2568,1.9888
2.2568,1.9888
2.2568,1.9888
2.2568,1.9888
2.2568,1.9888
2.2568,1.9888
2.2568,1.9888
2.257,1.9888
2.257,1.9888
2.257,1.9888
2.257,1.9888
2.257,1.9888
2.257,1.9888
2.257,1.9888
2.257,1.9888
2.257,1.9888
2.257,1.9888
2.257,1.9888
2.2571,1.9888
2.2571,1.9888
2.2571,1.9888
2.2571,1.9888
2.2571,1.9888
2.2571,1.9888
2.2571,1.9888
2.2571,1.9888
2.2571,1.9888
2.2571,1.9888
2.2571,1.9888
2.2571,1.9889
2.2571,1.9889
2.2571,1.9889
2.2571,1.9889
2.2571,1.9889
2.2571,1.9889
2.2571,1.9889
2.2571,1.9889
2.2571,1.9889
2.2573,1.9889
2.2573,1.9889
2.2573,1.9889
2.2573,1.9889
2.2573,1.9889
2.2573,1.9889
2.2573,1.9889
2.2573,1.9889
2.2573,1.9889
2.2573,1.9889
2.2573,1.9889
2.2573,1.9889
2.2573,1.9889
2.2573,1.9889
2.2573,1.9889
2.2573,1.9889
2.2573,1.9889
2.2574,1.9889
2.2574,1.9889
2.2574,1.9889
2.2574,1.9889
2.2574,1.9889
2.2574,1.9889
2.2574,1.9889
2.2574,1.9889
2.2574,1.9889
2.2574,1.9889
2.2574,1.9889
2.2574,1.9889
2.2574,1.9889
2.2574,1.9889
2.2574,1.9889
2.2574,1.9889
2.2574,1.9889
2.2574,1.9889
2.2574,1.989
2.2574,1.989
2.2574,1.989
2.2574,1.989
2.2574,1.989
2.2574,1.989
2.2574,1.989
2.2574,1.989
2.2574,1.989
2.2574,1.989
2.2576,1.989
2.2576,1.989
2.2576,1.989
2.2576,1.989
2.2576,1.989
2.2576,1.989
2.2576,1.989
2.2576,1.989
2.2576,1.989
2.2578,1.989
2.2578,1.989
2.2578,1.989
2.2578,1.989
2.2578,1.989
2.2578,1.989
2.2578,1.989
2.2578,1.989
2.2578,1.989
2.2578,1.989
2.2578,1.989
2.2578,1.989
2.2578,1.989
2.2578,1.989
2.2578,1.989
2.2578,1.989
2.2578,1.989
2.2578,1.989
2.2578,1.989
2.2578,1.989
2.2578,1.989
2.2578,1.989
2.2578,1.989
2.2578,1.989
2.2578,1.989
2.2578,1.9891
2.2578,1.9891
2.2579,1.9891
2.2579,1.9891
2.2579,1.9891
2.2579,1.9891
2.2579,1.9891
2.2579,1.9891
2.2579,1.9891
2.2579,1.9891
2.2579,1.9891
2.2579,1.9891
2.2579,1.9891
2.2579,1.9891
2.2579,1.9891
2.2579,1.9891
2.2579,1.9891
2.2579,1.9891
2.2579,1.9891
2.2579,1.9891
2.2579,1.9891
2.2579,1.9891
2.2579,1.9891
2.2579,1.9891
2.2579,1.9891
2.2579,1.9891
2.2579,1.9891
2.2579,1.9891
2.2581,1.9891
2.2581,1.9891
2.2581,1.9891
2.2581,1.9891
2.2581,1.9891
2.2581,1.9891
2.2581,1.9891
2.2581,1.9891
2.2581,1.9891
2.2581,1.9891
2.2581,1.9891
2.2581,1.9891
2.2581,1.9891
2.2581,1.9891
2.2581,1.9891
2.2581,1.9891
2.2581,1.9891
2.2581,1.9891
2.2581,1.9892
2.2581,1.9892
2.2581,1.9892
2.2581,1.9892
2.2581,1.9892
2.2581,1.9892
2.2581,1.9892
2.2581,1.9892
2.2581,1.9892
2.2581,1.9892
2.2581,1.9892
2.2581,1.9892
2.2581,1.9892
2.2581,1.9892
2.2581,1.9892
2.2581,1.9892
2.2581,1.9892
2.2581,1.9892
2.2581,1.9892
2.2581,1.9892
2.2581,1.9892
2.2581,1.9892
2.2581,1.9892
2.2581,1.9892
2.2581,1.9892
2.2581,1.9892
2.2582,1.9892
2.2582,1.9892
2.2582,1.9892
2.2582,1.9892
2.2582,1.9892
2.2582,1.9892
2.2582,1.9892
2.2584,1.9892
2.2584,1.9892
2.2584,1.9892
2.2584,1.9892
2.2584,1.9892
2.2584,1.9892
2.2584,1.9892
2.2584,1.9892
2.2585,1.9892
2.2585,1.9892
2.2585,1.9892
2.2585,1.9892
2.2585,1.9892
2.2585,1.9892
2.2585,1.9892
2.2585,1.9893
2.2585,1.9893
2.2585,1.9893
2.2587,1.9893
2.2587,1.9893
2.2588,1.9893
2.2588,1.9893
2.2588,1.9893
2.2588,1.9893
2.2588,1.9893
2.2588,1.9893
2.2588,1.9893
2.2588,1.9893
2.2588,1.9893
2.2588,1.9893
2.2588,1.9893
2.2588,1.9893
2.2588,1.9893
2.2588,1.9893
2.2588,1.9893
2.2588,1.9893
2.2588,1.9893
2.2588,1.9893
2.2588,1.9893
2.2588,1.9893
2.2588,1.9893
2.2588,1.9893
2.2588,1.9893
2.259,1.9893
2.259,1.9893
2.259,1.9893
2.259,1.9893
2.259,1.9893
2.259,1.9893
2.259,1.9893
2.259,1.9893
2.259,1.9893
2.259,1.9893
2.259,1.9893
2.259,1.9893
2.259,1.9893
2.259,1.9893
2.259,1.9893
2.2591,1.9893
2.2591,1.9893
2.2591,1.9893
2.2591,1.9893
2.2591,1.9893
2.2591,1.9893
2.2591,1.9894
2.2591,1.9894
2.2591,1.9894
2.2591,1.9894
2.2591,1.9894
2.2591,1.9894
2.2591,1.9894
2.2591,1.9894
2.2591,1.9894
2.2591,1.9894
2.2591,1.9894
2.2591,1.9894
2.2591,1.9894
2.2591,1.9894
2.2591,1.9894
2.2591,1.9894
2.2591,1.9894
2.2591,1.9894
2.2591,1.9894
2.2591,1.9894
2.2591,1.9894
2.2591,1.9894
2.2591,1.9894
2.2591,1.9894
2.2591,1.9894
2.2593,1.9894
2.2593,1.9894
2.2593,1.9894
2.2593,1.9894
2.2593,1.9894
2.2593,1.9894
2.2593,1.9894
2.2593,1.9894
2.2593,1.9894
2.2593,1.9894
2.2593,1.9894
2.2593,1.9894
2.2593,1.9894
2.2593,1.9894
2.2593,1.9894
2.2593,1.9894
2.2593,1.9894
2.2593,1.9894
2.2593,1.9894
2.2593,1.9894
2.2593,1.9894
2.2593,1.9894
2.2593,1.9895
2.2593,1.9895
2.2593,1.9895
2.2593,1.9895
2.2593,1.9895
2.2593,1.9895
2.2594,1.9895
2.2594,1.9895
2.2594,1.9895
2.2594,1.9895
2.2594,1.9895
2.2594,1.9895
2.2594,1.9895
2.2594,1.9895
2.2594,1.9895
2.2594,1.9895
2.2594,1.9895
2.2596,1.9895
2.2596,1.9895
2.2596,1.9895
2.2596,1.9895
2.2596,1.9895
2.2596,1.9895
2.2596,1.9895
2.2596,1.9895
2.2597,1.9895
2.2597,1.9895
2.2597,1.9895
2.2597,1.9895
2.2597,1.9895
2.2597,1.9895
2.2597,1.9895
2.2597,1.9895
2.2597,1.9895
2.2599,1.9895
2.2599,1.9895
2.2599,1.9895
2.2599,1.9895
2.26,1.9895
2.26,1.9895
2.26,1.9895
2.26,1.9895
2.26,1.9895
2.26,1.9895
2.26,1.9895
2.26,1.9895
2.26,1.9895
2.26,1.9895
2.26,1.9895
2.26,1.9895
2.26,1.9895
2.26,1.9895
2.26,1.9896
2.26,1.9896
2.26,1.9896
2.26,1.9896
2.26,1.9896
2.26,1.9896
2.26,1.9896
2.26,1.9896
2.26,1.9896
2.26,1.9896
2.26,1.9896
2.26,1.9896
2.26,1.9896
2.26,1.9896
2.26,1.9896
2.26,1.9896
2.26,1.9896
2.26,1.9896
2.26,1.9896
2.26,1.9896
2.26,1.9896
2.26,1.9896
2.26,1.9896
2.26,1.9896
2.26,1.9896
2.26,1.9896
2.26,1.9896
2.2602,1.9896
2.2602,1.9896
2.2602,1.9896
2.2602,1.9896
2.2602,1.9896
3.0,2.0
NaN,NaN
